customerID,tenure,Contract,InternetService,PhoneService,MultipleLines,OnlineSecurity,OnlineBackup,DeviceProtection,TechSupport,StreamingTV,StreamingMovies
7590-VHVEG,1,Month-to-month,DSL,No,No phone service,No,Yes,No,No,No,No
5575-GNVDE,34,One year,DSL,Yes,No,Yes,No,Yes,No,No,No
3668-QPYBK,2,Month-to-month,DSL,Yes,No,Yes,Yes,No,No,No,No
7795-CFOCW,45,One year,DSL,No,No phone service,Yes,No,Yes,Yes,No,No
9237-HQITU,2,Month-to-month,Fiber optic,Yes,No,No,No,No,No,No,No
9305-CDSKC,8,Month-to-month,Fiber optic,Yes,Yes,No,No,Yes,No,Yes,Yes
1452-KIOVK,22,Month-to-month,Fiber optic,Yes,Yes,No,Yes,No,No,Yes,No
6713-OKOMC,10,Month-to-month,DSL,No,No phone service,Yes,No,No,No,No,No
7892-POOKP,28,Month-to-month,Fiber optic,Yes,Yes,No,No,Yes,Yes,Yes,Yes
6388-TABGU,62,One year,DSL,Yes,No,Yes,Yes,No,No,No,No
9763-GRSKD,13,Month-to-month,DSL,Yes,No,Yes,No,No,No,No,No
7469-LKBCI,16,Two year,No,Yes,No,No internet service,No internet service,No internet service,No internet service,No internet service,No internet service
8091-TTVAX,58,One year,Fiber optic,Yes,Yes,No,No,Yes,No,Yes,Yes
0280-XJGEX,49,Month-to-month,Fiber optic,Yes,Yes,No,Yes,Yes,No,Yes,Yes
5129-JLPIS,25,Month-to-month,Fiber optic,Yes,No,Yes,No,Yes,Yes,Yes,Yes
3655-SNQYZ,69,Two year,Fiber optic,Yes,Yes,Yes,Yes,Yes,Yes,Yes,Yes
8191-XWSZG,52,One year,No,Yes,No,No internet service,No internet service,No internet service,No internet service,No internet service,No internet service
9959-WOFKT,71,Two year,Fiber optic,Yes,Yes,Yes,No,Yes,No,Yes,Yes
4190-MFLUW,10,Month-to-month,DSL,Yes,No,No,No,Yes,Yes,No,No
4183-MYFRB,21,Month-to-month,Fiber optic,Yes,No,No,Yes,Yes,No,No,Yes
8779-QRDMV,1,Month-to-month,DSL,No,No phone service,No,No,Yes,No,No,Yes
1680-VDCWW,12,One year,No,Yes,No,No internet service,No internet service,No internet service,No internet service,No internet service,No internet service
1066-JKSGK,1,Month-to-month,No,Yes,No,No internet service,No internet service,No internet service,No internet service,No internet service,No internet service
3638-WEABW,58,Two year,DSL,Yes,Yes,No,Yes,No,Yes,No,No
6322-HRPFA,49,Month-to-month,DSL,Yes,No,Yes,Yes,No,Yes,No,No
6865-JZNKO,30,Month-to-month,DSL,Yes,No,Yes,Yes,No,No,No,No
6467-CHFZW,47,Month-to-month,Fiber optic,Yes,Yes,No,Yes,No,No,Yes,Yes
8665-UTDHZ,1,Month-to-month,DSL,No,No phone service,No,Yes,No,No,No,No
5248-YGIJN,72,Two year,DSL,Yes,Yes,Yes,Yes,Yes,Yes,Yes,Yes
8773-HHUOZ,17,Month-to-month,DSL,Yes,No,No,No,No,No,Yes,Yes
3841-NFECX,71,Two year,Fiber optic,Yes,Yes,Yes,Yes,Yes,Yes,No,No
4929-XIHVW,2,Month-to-month,Fiber optic,Yes,No,No,No,Yes,No,Yes,Yes
6827-IEAUQ,27,One year,DSL,Yes,No,Yes,Yes,Yes,Yes,No,No
7310-EGVHZ,1,Month-to-month,No,Yes,No,No internet service,No internet service,No internet service,No internet service,No internet service,No internet service
3413-BMNZE,1,Month-to-month,DSL,Yes,No,No,No,No,No,No,No
6234-RAAPL,72,Two year,Fiber optic,Yes,Yes,Yes,Yes,No,Yes,Yes,No
6047-YHPVI,5,Month-to-month,Fiber optic,Yes,No,No,No,No,No,No,No
6572-ADKRS,46,Month-to-month,Fiber optic,Yes,No,No,No,Yes,No,No,No
5380-WJKOV,34,Month-to-month,Fiber optic,Yes,Yes,No,Yes,Yes,No,Yes,Yes
8168-UQWWF,11,Month-to-month,Fiber optic,Yes,Yes,No,No,Yes,No,Yes,Yes
8865-TNMNX,10,One year,DSL,Yes,No,No,Yes,No,No,No,No
9489-DEDVP,70,Two year,DSL,Yes,Yes,Yes,Yes,No,No,Yes,No
9867-JCZSP,17,One year,No,Yes,No,No internet service,No internet service,No internet service,No internet service,No internet service,No internet service
4671-VJLCL,63,Two year,DSL,Yes,Yes,Yes,Yes,Yes,Yes,Yes,No
4080-IIARD,13,Month-to-month,DSL,Yes,Yes,Yes,Yes,No,Yes,Yes,No
3714-NTNFO,49,Month-to-month,Fiber optic,Yes,Yes,No,No,No,No,No,Yes
5948-UJZLF,2,Month-to-month,DSL,Yes,No,No,Yes,No,No,No,No
7760-OYPDY,2,Month-to-month,Fiber optic,Yes,No,No,No,No,No,Yes,No
7639-LIAYI,52,Two year,DSL,Yes,Yes,Yes,No,No,Yes,Yes,Yes
2954-PIBKO,69,Two year,DSL,Yes,Yes,Yes,No,Yes,Yes,No,No
8012-SOUDQ,43,Month-to-month,Fiber optic,Yes,Yes,No,Yes,No,No,Yes,No
9420-LOJKX,15,Month-to-month,Fiber optic,Yes,No,Yes,Yes,No,No,Yes,Yes
6575-SUVOI,25,Month-to-month,DSL,Yes,Yes,Yes,No,No,Yes,Yes,No
7495-OOKFY,8,Month-to-month,Fiber optic,Yes,Yes,No,Yes,No,No,No,No
4667-QONEA,60,One year,DSL,Yes,No,Yes,Yes,Yes,Yes,No,Yes
1658-BYGOY,18,Month-to-month,Fiber optic,Yes,Yes,No,No,No,No,Yes,Yes
8769-KKTPH,63,One year,Fiber optic,Yes,Yes,Yes,No,No,No,Yes,Yes
5067-XJQFU,66,One year,Fiber optic,Yes,Yes,No,Yes,Yes,Yes,Yes,Yes
3957-SQXML,34,Two year,No,Yes,Yes,No internet service,No internet service,No internet service,No internet service,No internet service,No internet service
5954-BDFSG,72,Two year,Fiber optic,Yes,Yes,No,No,Yes,Yes,Yes,Yes
0434-CSFON,47,Month-to-month,Fiber optic,Yes,Yes,No,No,Yes,No,Yes,Yes
1215-FIGMP,60,Month-to-month,Fiber optic,Yes,Yes,No,Yes,No,No,Yes,No
0526-SXDJP,72,Two year,DSL,No,No phone service,Yes,Yes,Yes,No,No,No
0557-ASKVU,18,One year,DSL,Yes,No,No,No,Yes,Yes,No,No
5698-BQJOH,9,Month-to-month,Fiber optic,Yes,Yes,No,No,No,No,Yes,Yes
5122-CYFXA,3,Month-to-month,DSL,Yes,No,No,Yes,No,Yes,Yes,Yes
8627-ZYGSZ,47,One year,Fiber optic,Yes,Yes,No,Yes,No,No,No,No
3410-YOQBQ,31,Two year,DSL,Yes,No,No,Yes,Yes,Yes,Yes,Yes
3170-NMYVV,50,Two year,No,Yes,No,No internet service,No internet service,No internet service,No internet service,No internet service,No internet service
7410-OIEDU,10,Month-to-month,Fiber optic,Yes,No,Yes,No,Yes,No,No,No
2273-QCKXA,1,Month-to-month,DSL,Yes,No,No,No,No,Yes,No,No
0731-EBJQB,52,One year,No,Yes,No,No internet service,No internet service,No internet service,No internet service,No internet service,No internet service
1891-QRQSA,64,Two year,Fiber optic,Yes,Yes,Yes,No,Yes,Yes,Yes,Yes
8028-PNXHQ,62,Two year,No,Yes,Yes,No internet service,No internet service,No internet service,No internet service,No internet service,No internet service
5630-AHZIL,3,Month-to-month,DSL,Yes,No,Yes,No,No,Yes,No,Yes
2673-CXQEU,56,One year,Fiber optic,Yes,Yes,Yes,Yes,Yes,No,Yes,Yes
6416-JNVRK,46,One year,DSL,Yes,No,No,No,No,No,No,Yes
5590-ZSKRV,8,Month-to-month,DSL,Yes,No,Yes,Yes,No,No,No,No
0191-ZHSKZ,30,Month-to-month,DSL,Yes,No,Yes,Yes,No,No,Yes,Yes
3887-PBQAO,45,One year,No,Yes,Yes,No internet service,No internet service,No internet service,No internet service,No internet service,No internet service
5919-TMRGD,1,Month-to-month,Fiber optic,Yes,No,No,No,No,No,Yes,No
8108-UXRQN,11,Month-to-month,DSL,No,No phone service,Yes,No,No,No,Yes,Yes
9191-MYQKX,7,Month-to-month,Fiber optic,Yes,No,No,No,Yes,No,No,No
9919-YLNNG,42,Month-to-month,Fiber optic,Yes,No,No,Yes,Yes,Yes,Yes,Yes
0318-ZOPWS,49,Two year,No,Yes,No,No internet service,No internet service,No internet service,No internet service,No internet service,No internet service
4445-ZJNMU,9,Month-to-month,Fiber optic,Yes,Yes,No,Yes,No,No,Yes,Yes
4808-YNLEU,35,One year,DSL,Yes,No,Yes,No,No,No,Yes,No
1862-QRWPE,48,Two year,No,Yes,No,No internet service,No internet service,No internet service,No internet service,No internet service,No internet service
2796-NNUFI,46,Two year,No,Yes,No,No internet service,No internet service,No internet service,No internet service,No internet service,No internet service
3016-KSVCP,29,Month-to-month,DSL,No,No phone service,No,No,No,No,Yes,No
4767-HZZHQ,30,Month-to-month,Fiber optic,Yes,No,No,Yes,Yes,No,No,No
2424-WVHPL,1,Month-to-month,Fiber optic,Yes,No,No,No,No,Yes,No,No
7233-PAHHL,66,Two year,DSL,Yes,Yes,Yes,No,Yes,Yes,Yes,Yes
6067-NGCEU,65,Month-to-month,Fiber optic,Yes,Yes,Yes,Yes,Yes,No,Yes,Yes
9848-JQJTX,72,Two year,Fiber optic,Yes,Yes,No,Yes,Yes,No,Yes,Yes
8637-XJIVR,12,Month-to-month,Fiber optic,Yes,Yes,Yes,No,No,No,No,No
9803-FTJCG,71,One year,DSL,Yes,Yes,Yes,Yes,No,Yes,No,No
0278-YXOOG,5,Month-to-month,No,Yes,No,No internet service,No internet service,No internet service,No internet service,No internet service,No internet service
3212-KXOCR,52,Two year,No,Yes,No,No internet service,No internet service,No internet service,No internet service,No internet service,No internet service
4598-XLKNJ,25,Month-to-month,Fiber optic,Yes,No,No,Yes,Yes,No,Yes,Yes
6380-ARCEH,1,Month-to-month,No,Yes,No,No internet service,No internet service,No internet service,No internet service,No internet service,No internet service
3679-XASPY,1,Month-to-month,No,Yes,No,No internet service,No internet service,No internet service,No internet service,No internet service,No internet service
7123-WQUHX,38,One year,Fiber optic,Yes,Yes,No,No,Yes,Yes,Yes,No
5386-THSLQ,66,One year,DSL,No,No phone service,No,Yes,Yes,No,Yes,No
3192-NQECA,68,Two year,Fiber optic,Yes,Yes,No,Yes,Yes,Yes,Yes,Yes
6180-YBIQI,5,Month-to-month,DSL,No,No phone service,No,No,No,No,No,No
6728-DKUCO,72,One year,Fiber optic,Yes,Yes,Yes,Yes,No,No,Yes,Yes
9750-BOOHV,32,One year,DSL,No,No phone service,Yes,No,No,No,No,No
8597-CWYHH,43,One year,Fiber optic,Yes,Yes,No,No,No,No,Yes,Yes
2848-YXSMW,72,Two year,No,Yes,No,No internet service,No internet service,No internet service,No internet service,No internet service,No internet service
0486-HECZI,55,Month-to-month,Fiber optic,Yes,Yes,Yes,Yes,No,No,Yes,No
4549-ZDQYY,52,One year,DSL,Yes,No,Yes,No,Yes,Yes,No,No
5712-AHQNN,43,Month-to-month,Fiber optic,Yes,No,No,Yes,Yes,No,Yes,No
4846-WHAFZ,37,Month-to-month,Fiber optic,Yes,Yes,No,No,No,No,No,No
5256-SKJGO,64,Two year,DSL,No,No phone service,No,Yes,No,Yes,Yes,Yes
3071-VBYPO,3,Month-to-month,Fiber optic,Yes,No,Yes,Yes,No,No,Yes,No
9560-BBZXK,36,Two year,DSL,No,No phone service,Yes,No,No,No,No,No
5299-RULOA,10,Month-to-month,Fiber optic,Yes,Yes,Yes,No,No,No,Yes,Yes
8402-OOOHJ,41,Two year,No,Yes,No,No internet service,No internet service,No internet service,No internet service,No internet service,No internet service
9445-ZUEQE,27,Month-to-month,Fiber optic,Yes,Yes,No,Yes,No,Yes,No,No
1091-SOZGA,56,One year,Fiber optic,Yes,Yes,No,No,Yes,No,Yes,Yes
2928-HLDBA,6,Month-to-month,No,Yes,No,No internet service,No internet service,No internet service,No internet service,No internet service,No internet service
0404-SWRVG,3,Month-to-month,Fiber optic,Yes,Yes,No,No,No,No,No,No
6497-TILVL,7,Month-to-month,DSL,Yes,No,Yes,No,No,No,No,No
7219-TLZHO,4,Month-to-month,No,Yes,No,No internet service,No internet service,No internet service,No internet service,No internet service,No internet service
4622-YNKIJ,33,Two year,Fiber optic,Yes,No,Yes,No,No,Yes,Yes,No
4412-YLTKF,27,Month-to-month,Fiber optic,Yes,Yes,No,No,Yes,No,No,No
6734-PSBAW,72,Two year,No,Yes,Yes,No internet service,No internet service,No internet service,No internet service,No internet service,No internet service
3930-ZGWVE,1,Month-to-month,No,Yes,No,No internet service,No internet service,No internet service,No internet service,No internet service,No internet service
2639-UGMAZ,71,One year,DSL,No,No phone service,Yes,Yes,No,No,Yes,Yes
2876-GZYZC,13,Month-to-month,Fiber optic,Yes,Yes,No,No,No,No,No,Yes
6207-WIOLX,25,Month-to-month,DSL,No,No phone service,Yes,Yes,Yes,No,Yes,Yes
8587-XYZSF,67,Two year,DSL,Yes,No,No,No,No,Yes,No,No
3091-FYHKI,1,Month-to-month,DSL,No,No phone service,No,No,No,No,No,Yes
2372-HWUHI,2,Month-to-month,DSL,Yes,No,No,No,No,No,No,No
7799-LGRDP,43,Two year,No,Yes,Yes,No internet service,No internet service,No internet service,No internet service,No internet service,No internet service
7850-VWJUU,23,Month-to-month,Fiber optic,Yes,No,Yes,No,No,No,No,No
3774-VBNXY,64,Two year,No,Yes,No,No internet service,No internet service,No internet service,No internet service,No internet service,No internet service
6217-KDYWC,57,Two year,No,Yes,No,No internet service,No internet service,No internet service,No internet service,No internet service,No internet service
0390-DCFDQ,1,Month-to-month,Fiber optic,Yes,No,No,No,No,No,No,No
3146-MSEGF,72,Two year,DSL,Yes,Yes,Yes,Yes,Yes,Yes,Yes,Yes
4080-OGPJL,8,Month-to-month,DSL,Yes,Yes,Yes,No,No,Yes,No,Yes
1095-WGNGG,61,Two year,Fiber optic,Yes,Yes,No,Yes,No,No,Yes,Yes
2636-SJDOU,64,One year,Fiber optic,Yes,Yes,Yes,Yes,No,No,No,No
1131-QQZEB,71,Two year,No,Yes,Yes,No internet service,No internet service,No internet service,No internet service,No internet service,No internet service
5716-EZXZN,65,Two year,Fiber optic,Yes,Yes,Yes,Yes,No,Yes,Yes,No
6837-BJYDQ,3,One year,No,Yes,No,No internet service,No internet service,No internet service,No internet service,No internet service,No internet service
2135-RXIHG,1,Month-to-month,DSL,Yes,No,No,No,No,No,No,No
6440-DKQGE,30,One year,DSL,Yes,No,No,Yes,Yes,No,Yes,No
3466-BYAVD,15,Month-to-month,DSL,Yes,No,No,Yes,Yes,Yes,No,Yes
3780-YVMFA,8,Month-to-month,DSL,Yes,No,No,No,No,Yes,Yes,Yes
3874-EQOEP,7,Month-to-month,Fiber optic,Yes,Yes,No,No,No,No,Yes,Yes
1679-JRFBR,70,One year,Fiber optic,Yes,Yes,Yes,Yes,Yes,No,Yes,Yes
9073-ZZIAY,62,Two year,DSL,Yes,No,Yes,Yes,Yes,Yes,Yes,Yes
3077-RSNTJ,6,Month-to-month,No,Yes,No,No internet service,No internet service,No internet service,No internet service,No internet service,No internet service
6551-GNYDG,14,Month-to-month,Fiber optic,Yes,No,No,No,No,No,No,Yes
9167-APMXZ,22,Month-to-month,Fiber optic,Yes,Yes,No,No,No,No,Yes,No
2749-CTKAJ,22,One year,No,Yes,No,No internet service,No internet service,No internet service,No internet service,No internet service,No internet service
6371-NZYEG,16,Two year,DSL,Yes,No,Yes,No,Yes,No,Yes,No
7554-NEWDD,10,Two year,No,Yes,Yes,No internet service,No internet service,No internet service,No internet service,No internet service,No internet service
8992-VONJD,13,Month-to-month,DSL,Yes,No,Yes,Yes,No,No,No,No
0867-MKZVY,20,Month-to-month,Fiber optic,Yes,Yes,Yes,No,No,No,No,No
4482-EWFMI,2,Month-to-month,Fiber optic,Yes,No,No,No,No,No,No,No
4648-YPBTM,53,Two year,DSL,Yes,Yes,No,Yes,Yes,Yes,No,Yes
2907-ILJBN,11,One year,No,Yes,No,No internet service,No internet service,No internet service,No internet service,No internet service,No internet service
6345-FZOQH,69,Two year,No,Yes,No,No internet service,No internet service,No internet service,No internet service,No internet service,No internet service
3376-BMGFE,4,Month-to-month,Fiber optic,Yes,No,No,No,No,No,No,No
5997-OPVFA,72,Two year,DSL,Yes,Yes,Yes,Yes,Yes,Yes,Yes,Yes
3445-HXXGF,58,Month-to-month,DSL,No,No phone service,No,Yes,Yes,No,No,Yes
1159-WFSGR,16,Month-to-month,No,Yes,No,No internet service,No internet service,No internet service,No internet service,No internet service,No internet service
7654-YWJUF,43,One year,Fiber optic,Yes,No,Yes,No,Yes,Yes,No,No
1875-QIVME,2,Month-to-month,Fiber optic,Yes,Yes,No,No,Yes,Yes,Yes,Yes
6727-IOTLZ,14,Two year,DSL,Yes,No,No,Yes,Yes,Yes,Yes,Yes
0691-JVSYA,53,One year,Fiber optic,Yes,No,No,No,Yes,No,Yes,Yes
5918-VUKWP,32,One year,No,Yes,No,No internet service,No internet service,No internet service,No internet service,No internet service,No internet service
1744-JHKYS,34,Month-to-month,No,Yes,Yes,No internet service,No internet service,No internet service,No internet service,No internet service,No internet service
2656-FMOKZ,15,Month-to-month,Fiber optic,Yes,Yes,No,No,No,No,No,No
2070-FNEXE,7,Month-to-month,Fiber optic,Yes,No,Yes,No,No,No,No,No
5947-SGKCL,15,Month-to-month,Fiber optic,Yes,Yes,No,Yes,Yes,No,Yes,Yes
3712-PKXZA,61,One year,No,Yes,No,No internet service,No internet service,No internet service,No internet service,No internet service,No internet service
6317-YPKDH,1,Month-to-month,DSL,No,No phone service,No,Yes,No,No,No,No
6582-OIVSP,1,Month-to-month,DSL,Yes,No,No,No,No,No,No,No
9367-WXLCH,8,Month-to-month,Fiber optic,Yes,Yes,No,No,No,No,No,Yes
5524-KHNJP,33,One year,DSL,Yes,No,Yes,No,Yes,No,Yes,Yes
1918-ZBFQJ,13,Month-to-month,Fiber optic,Yes,No,No,Yes,Yes,No,No,No
1024-GUALD,1,Month-to-month,DSL,No,No phone service,No,No,No,No,No,No
4827-USJHP,20,Month-to-month,DSL,Yes,No,No,Yes,No,No,No,No
8167-GJLRN,3,Month-to-month,DSL,No,No phone service,No,No,No,Yes,No,No
0956-SYCWG,13,One year,No,Yes,No,No internet service,No internet service,No internet service,No internet service,No internet service,No internet service
8017-UVSZU,40,Month-to-month,DSL,Yes,Yes,No,Yes,No,No,No,No
7100-FQPRV,43,One year,DSL,Yes,Yes,Yes,No,No,Yes,No,Yes
2472-OVKUP,6,Month-to-month,Fiber optic,Yes,No,No,Yes,Yes,No,No,Yes
2984-RGEYA,69,Two year,No,Yes,No,No internet service,No internet service,No internet service,No internet service,No internet service,No internet service
9680-NIAUV,72,Two year,Fiber optic,Yes,Yes,Yes,Yes,Yes,No,Yes,Yes
2146-EGVDT,59,Two year,No,Yes,No,No internet service,No internet service,No internet service,No internet service,No internet service,No internet service
2604-IJPDU,20,Month-to-month,Fiber optic,Yes,No,Yes,Yes,No,Yes,Yes,No
9178-JHUVJ,24,Two year,No,Yes,Yes,No internet service,No internet service,No internet service,No internet service,No internet service,No internet service
6168-YBYNP,59,Month-to-month,Fiber optic,Yes,Yes,No,Yes,Yes,Yes,Yes,Yes
7255-SSFBC,72,Two year,Fiber optic,Yes,Yes,No,Yes,Yes,Yes,Yes,Yes
3645-DEYGF,1,Month-to-month,No,Yes,No,No internet service,No internet service,No internet service,No internet service,No internet service,No internet service
9323-HGFWY,27,One year,Fiber optic,Yes,No,Yes,No,No,Yes,Yes,Yes
8544-GOQSH,14,Month-to-month,Fiber optic,Yes,No,No,Yes,No,Yes,No,No
3363-DTIVD,71,Two year,Fiber optic,Yes,Yes,Yes,No,Yes,No,Yes,Yes
7018-WBJNK,13,Month-to-month,Fiber optic,Yes,No,No,No,No,No,Yes,No
9142-KZXOP,44,Month-to-month,Fiber optic,Yes,No,No,No,No,No,No,No
7674-YTAFD,33,One year,Fiber optic,Yes,No,No,Yes,No,Yes,No,No
6348-SNFUS,72,Two year,DSL,No,No phone service,Yes,Yes,Yes,Yes,No,Yes
1285-OKIPP,1,Month-to-month,Fiber optic,Yes,No,No,No,No,No,No,Yes
7825-ECJRF,19,Month-to-month,Fiber optic,Yes,No,Yes,No,Yes,Yes,Yes,Yes
1347-KTTTA,64,One year,Fiber optic,Yes,No,No,Yes,Yes,Yes,Yes,Yes
7841-TZDMQ,2,Month-to-month,DSL,Yes,No,No,No,No,No,No,No
4195-NZGTA,1,Month-to-month,DSL,No,No phone service,No,No,No,No,No,No
7157-SMCFK,61,Two year,No,Yes,No,No internet service,No internet service,No internet service,No internet service,No internet service,No internet service
4709-LKHYG,29,One year,No,Yes,No,No internet service,No internet service,No internet service,No internet service,No internet service,No internet service
2504-DSHIH,23,Month-to-month,Fiber optic,Yes,Yes,No,No,No,No,No,Yes
0699-NDKJM,57,Month-to-month,DSL,No,No phone service,Yes,Yes,Yes,No,Yes,Yes
9286-BHDQG,72,Two year,DSL,No,No phone service,Yes,Yes,Yes,Yes,No,No
0230-WEQUW,66,Two year,DSL,No,No phone service,Yes,Yes,Yes,Yes,Yes,No
2040-LDIWQ,65,Two year,DSL,Yes,Yes,No,Yes,Yes,Yes,Yes,Yes
6496-JDSSB,8,Month-to-month,Fiber optic,Yes,No,No,No,No,No,Yes,No
9408-SSNVZ,4,Month-to-month,Fiber optic,Yes,No,No,No,No,No,No,No
4443-EMBNA,71,Two year,No,Yes,Yes,No internet service,No internet service,No internet service,No internet service,No internet service,No internet service
6469-MRVET,1,One year,No,Yes,No,No internet service,No internet service,No internet service,No internet service,No internet service,No internet service
0742-MOABM,4,Month-to-month,DSL,Yes,No,No,No,No,Yes,No,No
5961-VUSRV,12,One year,No,Yes,No,No internet service,No internet service,No internet service,No internet service,No internet service,No internet service
6778-JFCMK,24,One year,DSL,No,No phone service,Yes,No,No,No,Yes,Yes
6341-JVQGF,31,One year,DSL,Yes,No,Yes,No,Yes,Yes,Yes,Yes
2232-DMLXU,1,Month-to-month,DSL,Yes,No,No,No,No,No,Yes,No
4811-JBUVU,30,Month-to-month,Fiber optic,Yes,Yes,No,No,No,Yes,No,Yes
0945-TSONX,47,Two year,DSL,Yes,Yes,Yes,Yes,No,Yes,Yes,Yes
2651-ZCBXV,54,Two year,Fiber optic,Yes,Yes,Yes,Yes,No,Yes,Yes,Yes
3316-UWXUY,50,Month-to-month,Fiber optic,Yes,No,Yes,Yes,No,Yes,No,Yes
8937-RDTHP,1,Month-to-month,Fiber optic,Yes,No,Yes,No,No,No,No,Yes
7083-MIOPC,72,Two year,No,Yes,No,No internet service,No internet service,No internet service,No internet service,No internet service,No internet service
1984-GPTEH,29,Month-to-month,No,Yes,Yes,No internet service,No internet service,No internet service,No internet service,No internet service,No internet service
1251-KRREG,2,Month-to-month,DSL,Yes,Yes,No,Yes,No,No,No,No
0621-JFHOL,10,Two year,DSL,No,No phone service,No,No,No,Yes,No,No
9903-LYSAB,18,Month-to-month,Fiber optic,Yes,Yes,No,No,No,No,No,No
0094-OIFMO,11,Month-to-month,Fiber optic,Yes,No,No,Yes,No,No,Yes,Yes
9227-UAQFT,16,Two year,No,Yes,No,No internet service,No internet service,No internet service,No internet service,No internet service,No internet service
7301-ABVAD,72,Two year,DSL,Yes,Yes,No,Yes,Yes,Yes,Yes,Yes
6614-FHDBO,72,Two year,Fiber optic,Yes,Yes,No,Yes,Yes,Yes,Yes,Yes
7576-ASEJU,41,One year,DSL,Yes,No,Yes,No,No,Yes,Yes,Yes
9058-HRZSV,65,Month-to-month,Fiber optic,Yes,No,Yes,Yes,Yes,No,No,Yes
4522-AKYLR,13,Month-to-month,DSL,Yes,No,No,Yes,Yes,No,No,No
0221-WMXNQ,4,Month-to-month,Fiber optic,Yes,No,Yes,No,No,No,No,No
0303-UNCIP,41,One year,DSL,Yes,Yes,No,No,Yes,No,No,Yes
9947-OTFQU,15,Month-to-month,Fiber optic,Yes,No,No,Yes,No,No,No,No
0322-YINQP,1,Month-to-month,DSL,Yes,No,Yes,No,No,No,No,No
0959-WHOKV,42,One year,Fiber optic,Yes,Yes,Yes,Yes,Yes,No,No,Yes
4075-JFPGR,51,One year,Fiber optic,Yes,No,Yes,Yes,Yes,No,Yes,No
4629-NRXKX,2,Month-to-month,Fiber optic,Yes,No,No,No,No,No,No,No
9514-JDSKI,1,Month-to-month,DSL,No,No phone service,No,Yes,No,No,Yes,No
3282-ZISZV,32,One year,DSL,Yes,Yes,No,Yes,Yes,Yes,Yes,Yes
3675-YDUPJ,10,Month-to-month,No,Yes,No,No internet service,No internet service,No internet service,No internet service,No internet service,No internet service
4111-BNXIF,67,Two year,DSL,No,No phone service,No,Yes,Yes,Yes,Yes,Yes
7017-VFHAY,61,Two year,Fiber optic,Yes,Yes,Yes,Yes,Yes,Yes,Yes,Yes
6655-LHBYW,50,One year,Fiber optic,Yes,Yes,Yes,Yes,Yes,Yes,Yes,Yes
4959-JOSRX,2,Month-to-month,DSL,Yes,No,No,No,No,No,No,No
5046-NUHWD,29,Month-to-month,DSL,No,No phone service,Yes,No,Yes,No,No,Yes
7273-TEFQD,3,Month-to-month,DSL,No,No phone service,No,No,Yes,No,No,Yes
3606-TWKGI,13,Month-to-month,Fiber optic,Yes,Yes,No,Yes,Yes,No,Yes,Yes
7529-ZDFXI,57,Month-to-month,Fiber optic,Yes,Yes,No,Yes,No,No,No,Yes
7605-BDWDC,31,Two year,DSL,No,No phone service,Yes,Yes,No,Yes,No,Yes
1950-KSVVJ,45,One year,Fiber optic,Yes,Yes,Yes,Yes,Yes,Yes,Yes,Yes
0123-CRBRT,61,Two year,DSL,Yes,Yes,Yes,Yes,Yes,Yes,Yes,Yes
6292-TOSSS,50,Two year,No,Yes,Yes,No internet service,No internet service,No internet service,No internet service,No internet service,No internet service
3197-ARFOY,19,Month-to-month,Fiber optic,Yes,No,Yes,Yes,No,Yes,Yes,Yes
6323-AYBRX,59,Two year,No,Yes,No,No internet service,No internet service,No internet service,No internet service,No internet service,No internet service
7014-ZZXAW,71,Two year,No,Yes,Yes,No internet service,No internet service,No internet service,No internet service,No internet service,No internet service
4385-GZQXV,16,Month-to-month,Fiber optic,Yes,No,No,No,No,Yes,Yes,Yes
7633-MVPUY,57,Two year,DSL,Yes,No,Yes,Yes,No,Yes,No,No
6366-ZGQGL,1,Month-to-month,DSL,No,No phone service,No,No,No,No,No,No
4716-HHKQH,20,Month-to-month,Fiber optic,Yes,Yes,No,Yes,No,Yes,Yes,Yes
5940-AHUHD,1,Month-to-month,Fiber optic,Yes,No,No,No,No,No,No,No
6432-TWQLB,5,Month-to-month,Fiber optic,Yes,Yes,No,Yes,No,Yes,No,No
4484-GLZOU,52,Month-to-month,Fiber optic,Yes,Yes,No,Yes,Yes,No,Yes,Yes
3179-GBRWV,21,Month-to-month,DSL,Yes,No,Yes,Yes,No,No,No,Yes
8645-KWHJO,14,Month-to-month,DSL,No,No phone service,No,No,Yes,Yes,Yes,Yes
4130-MZLCC,5,Month-to-month,DSL,Yes,No,No,Yes,No,No,No,No
0314-TKOSI,6,Month-to-month,DSL,Yes,No,Yes,Yes,No,No,No,No
8229-MYEJZ,10,Month-to-month,DSL,Yes,No,No,Yes,No,No,No,No
2080-SRCDE,1,Month-to-month,No,Yes,Yes,No internet service,No internet service,No internet service,No internet service,No internet service,No internet service
9577-WJVCQ,68,Month-to-month,DSL,Yes,Yes,Yes,No,No,No,No,No
9512-UIBFX,18,Month-to-month,Fiber optic,Yes,No,No,No,Yes,No,Yes,Yes
6202-DYYFX,22,One year,Fiber optic,Yes,Yes,No,No,No,No,No,No
3808-HFKDE,20,Month-to-month,DSL,Yes,No,No,No,No,No,No,No
5583-SXDAG,1,Month-to-month,Fiber optic,Yes,No,No,No,No,No,No,No
3488-PGMQJ,8,Month-to-month,Fiber optic,Yes,No,No,Yes,No,No,No,No
3580-REOAC,10,Month-to-month,DSL,Yes,No,No,No,No,No,No,No
7534-BFESC,24,Month-to-month,Fiber optic,Yes,Yes,No,No,No,No,No,No
3727-OWVYD,35,One year,DSL,Yes,No,Yes,Yes,Yes,No,No,No
2294-SALNE,23,One year,Fiber optic,Yes,No,No,Yes,Yes,Yes,No,No
4847-TAJYI,6,Month-to-month,Fiber optic,Yes,No,No,No,No,No,Yes,Yes
1563-IWQEX,12,Month-to-month,No,Yes,No,No internet service,No internet service,No internet service,No internet service,No internet service,No internet service
8203-XJZRC,1,Month-to-month,No,Yes,No,No internet service,No internet service,No internet service,No internet service,No internet service,No internet service
6556-DBKZF,71,Two year,Fiber optic,Yes,No,No,No,Yes,No,No,No
6851-WEFYX,35,Month-to-month,Fiber optic,Yes,Yes,No,No,Yes,No,Yes,Yes
2985-JUUBZ,40,Month-to-month,DSL,Yes,Yes,No,No,Yes,No,Yes,Yes
6390-DSAZX,1,Month-to-month,Fiber optic,Yes,No,Yes,No,No,No,No,No
0895-LMRSF,23,One year,DSL,Yes,No,No,No,No,No,Yes,Yes
8098-LLAZX,4,Month-to-month,Fiber optic,Yes,Yes,No,No,No,No,Yes,Yes
8266-VBFQL,4,Month-to-month,Fiber optic,Yes,No,No,No,Yes,Yes,No,Yes
8181-YHCMF,68,Two year,DSL,No,No phone service,No,Yes,Yes,Yes,Yes,Yes
2240-HSJQD,38,Month-to-month,Fiber optic,Yes,Yes,No,Yes,No,No,No,No
1248-DYXUB,52,Two year,No,Yes,Yes,No internet service,No internet service,No internet service,No internet service,No internet service,No internet service
0265-EDXBD,32,Month-to-month,Fiber optic,Yes,Yes,No,No,No,No,No,No
4115-BNPJY,29,Two year,DSL,Yes,No,No,No,Yes,Yes,Yes,Yes
3167-SNQPL,38,Month-to-month,Fiber optic,Yes,Yes,No,Yes,No,No,Yes,Yes
4091-TVOCN,48,One year,DSL,Yes,Yes,Yes,No,Yes,No,Yes,Yes
1098-TDVUQ,1,Month-to-month,No,Yes,No,No internet service,No internet service,No internet service,No internet service,No internet service,No internet service
7277-OZCGZ,22,Month-to-month,Fiber optic,Yes,No,Yes,No,No,Yes,No,Yes
1557-EMYVT,43,Two year,Fiber optic,Yes,Yes,Yes,Yes,Yes,Yes,Yes,Yes
2799-ARNLO,5,Month-to-month,Fiber optic,Yes,No,No,No,No,No,No,No
7563-BIUPC,5,Month-to-month,Fiber optic,Yes,No,No,No,No,No,Yes,No
5027-YOCXN,51,One year,Fiber optic,Yes,Yes,Yes,Yes,No,Yes,Yes,Yes
3973-SKMLN,71,Two year,No,Yes,No,No internet service,No internet service,No internet service,No internet service,No internet service,No internet service
2321-OMBXY,38,One year,DSL,Yes,No,Yes,Yes,No,Yes,Yes,Yes
2840-XANRC,24,Month-to-month,Fiber optic,Yes,No,No,No,Yes,No,Yes,Yes
6745-JEFZB,35,Month-to-month,Fiber optic,Yes,Yes,No,No,No,Yes,Yes,No
5020-ZSTTY,54,One year,DSL,Yes,Yes,Yes,Yes,No,Yes,Yes,Yes
9880-TDQAC,72,Two year,DSL,No,No phone service,No,Yes,Yes,Yes,Yes,Yes
8705-WZCYL,1,Month-to-month,DSL,Yes,No,No,No,No,No,No,No
7102-JJVTX,9,One year,DSL,Yes,No,Yes,No,No,No,No,No
8626-PTQGE,69,Two year,DSL,No,No phone service,Yes,Yes,No,Yes,Yes,Yes
4983-CLMLV,52,Month-to-month,Fiber optic,Yes,Yes,No,Yes,No,Yes,Yes,Yes
5701-YVSVF,11,Month-to-month,Fiber optic,Yes,No,No,No,No,Yes,Yes,No
5804-LEPIM,2,Month-to-month,Fiber optic,Yes,No,No,No,No,No,No,No
5697-GOMBF,28,Month-to-month,DSL,No,No phone service,No,No,No,No,Yes,No
2739-CACDQ,17,Month-to-month,Fiber optic,Yes,Yes,No,No,Yes,No,No,No
9385-EHGDO,35,Two year,No,Yes,No,No internet service,No internet service,No internet service,No internet service,No internet service,No internet service
9498-FIMXL,8,One year,No,Yes,No,No internet service,No internet service,No internet service,No internet service,No internet service,No internet service
2379-GYFLQ,46,One year,Fiber optic,Yes,Yes,No,Yes,Yes,No,Yes,No
0122-OAHPZ,7,Month-to-month,Fiber optic,Yes,Yes,No,No,No,No,No,No
2868-SNELZ,2,Month-to-month,Fiber optic,Yes,Yes,No,No,Yes,No,No,No
4322-RCYMT,68,One year,DSL,Yes,Yes,No,Yes,Yes,Yes,No,Yes
6680-NENYN,43,Two year,Fiber optic,Yes,Yes,No,Yes,Yes,No,Yes,Yes
2088-IEBAU,68,Two year,DSL,Yes,Yes,Yes,Yes,Yes,Yes,Yes,Yes
7982-VCELR,36,Month-to-month,Fiber optic,Yes,No,No,Yes,No,No,Yes,Yes
1343-EHPYB,63,Month-to-month,Fiber optic,Yes,Yes,No,Yes,Yes,No,Yes,Yes
6035-BXTTY,32,Month-to-month,DSL,Yes,No,No,Yes,No,Yes,No,No
6885-PKOAM,71,Two year,DSL,Yes,Yes,Yes,Yes,Yes,Yes,Yes,Yes
7520-HQWJU,66,Month-to-month,DSL,Yes,Yes,Yes,Yes,Yes,No,No,No
9639-BUJXT,63,One year,No,Yes,No,No internet service,No internet service,No internet service,No internet service,No internet service,No internet service
5924-SNGKP,41,One year,No,Yes,No,No internet service,No internet service,No internet service,No internet service,No internet service,No internet service
0021-IKXGC,1,Month-to-month,Fiber optic,Yes,Yes,No,No,No,No,No,No
2034-GDRCN,2,Month-to-month,Fiber optic,Yes,No,No,No,No,No,Yes,Yes
8966-SNIZF,70,Two year,No,Yes,No,No internet service,No internet service,No internet service,No internet service,No internet service,No internet service
6243-OZGFH,23,Month-to-month,DSL,No,No phone service,No,No,No,No,Yes,Yes
4654-DLAMQ,64,One year,Fiber optic,Yes,No,Yes,Yes,Yes,No,No,Yes
0513-RBGPE,37,Two year,DSL,Yes,Yes,Yes,No,Yes,Yes,No,No
5160-UXJED,17,One year,DSL,Yes,No,No,No,No,No,No,No
4115-NZRKS,7,Month-to-month,Fiber optic,Yes,No,No,No,No,No,Yes,Yes
0219-YTZUE,4,Month-to-month,Fiber optic,Yes,Yes,No,Yes,Yes,No,No,No
0623-IIHUG,21,Month-to-month,DSL,No,No phone service,Yes,No,No,No,Yes,No
4572-DVCGN,10,Month-to-month,Fiber optic,Yes,No,No,No,No,No,No,Yes
3351-NGXYI,16,Month-to-month,DSL,Yes,Yes,Yes,No,No,No,No,No
8984-EYLLL,64,Two year,Fiber optic,Yes,Yes,No,Yes,No,Yes,Yes,Yes
9057-MSWCO,27,Month-to-month,DSL,No,No phone service,Yes,No,No,No,No,No
9833-TGFHX,42,One year,Fiber optic,Yes,Yes,Yes,No,No,No,Yes,Yes
9294-TDIPC,5,Month-to-month,No,Yes,No,No internet service,No internet service,No internet service,No internet service,No internet service,No internet service
5229-DTFYB,41,Two year,Fiber optic,Yes,No,No,Yes,No,Yes,Yes,Yes
0104-PPXDV,58,One year,DSL,Yes,No,No,No,Yes,No,No,No
5176-LMJXE,47,Two year,No,Yes,No,No internet service,No internet service,No internet service,No internet service,No internet service,No internet service
3583-KRKMD,18,Month-to-month,Fiber optic,Yes,No,No,No,No,Yes,No,No
1010-DIAUQ,5,Month-to-month,Fiber optic,Yes,No,No,No,Yes,No,Yes,Yes
9069-LGEUL,23,Month-to-month,DSL,Yes,No,Yes,No,No,No,No,Yes
7302-ZHMHP,1,Month-to-month,No,Yes,No,No internet service,No internet service,No internet service,No internet service,No internet service,No internet service
9571-EDEBV,71,One year,Fiber optic,Yes,Yes,No,No,Yes,No,Yes,Yes
3520-FJGCV,72,Two year,Fiber optic,Yes,Yes,Yes,Yes,Yes,Yes,Yes,Yes
6563-VRERX,33,One year,No,Yes,No,No internet service,No internet service,No internet service,No internet service,No internet service,No internet service
0259-GBZSH,2,Month-to-month,Fiber optic,Yes,Yes,No,No,No,No,Yes,No
6122-EFVKN,24,Two year,DSL,No,No phone service,Yes,No,No,Yes,No,No
2805-EDJPQ,56,One year,Fiber optic,Yes,Yes,No,Yes,Yes,Yes,No,Yes
6862-CQUMB,37,Month-to-month,Fiber optic,Yes,No,No,Yes,No,No,Yes,Yes
7156-MXBJE,43,One year,DSL,Yes,Yes,No,Yes,Yes,Yes,Yes,Yes
6158-HDPXZ,1,Month-to-month,DSL,No,No phone service,No,No,No,No,No,No
9601-BRXPO,25,Month-to-month,Fiber optic,Yes,Yes,No,No,Yes,Yes,Yes,Yes
2863-IMQDR,61,Two year,DSL,Yes,Yes,Yes,Yes,Yes,Yes,Yes,Yes
5686-CMAWK,17,One year,Fiber optic,Yes,Yes,No,No,Yes,Yes,No,No
5651-CRHKQ,41,One year,Fiber optic,Yes,No,No,Yes,Yes,Yes,No,No
6905-NIQIN,1,Month-to-month,DSL,Yes,No,No,Yes,No,No,No,No
8204-YJCLA,72,Two year,DSL,No,No phone service,Yes,Yes,Yes,Yes,Yes,Yes
5167-ZFFMM,1,Month-to-month,Fiber optic,Yes,Yes,No,Yes,No,No,No,Yes
6583-SZVGP,48,Two year,Fiber optic,Yes,Yes,No,Yes,Yes,No,Yes,Yes
4895-TMWIR,11,Month-to-month,No,Yes,No,No internet service,No internet service,No internet service,No internet service,No internet service,No internet service
0533-BNWKF,55,Month-to-month,Fiber optic,Yes,Yes,No,Yes,Yes,No,No,No
1708-PBBOA,42,One year,DSL,No,No phone service,Yes,Yes,Yes,Yes,No,Yes
8782-LKFPK,44,Month-to-month,Fiber optic,Yes,Yes,No,No,Yes,No,No,Yes
5522-JBWMO,1,Month-to-month,DSL,Yes,No,No,No,No,No,No,No
3597-MVHJT,27,Month-to-month,Fiber optic,Yes,Yes,No,No,No,No,Yes,Yes
9774-NRNAU,27,Month-to-month,DSL,Yes,Yes,No,Yes,Yes,Yes,Yes,Yes
0224-RLWWD,2,Month-to-month,DSL,Yes,No,No,No,No,No,No,No
9967-ATRFS,19,Month-to-month,No,Yes,No,No internet service,No internet service,No internet service,No internet service,No internet service,No internet service
3951-NJCVI,42,Month-to-month,Fiber optic,Yes,Yes,No,No,No,No,Yes,Yes
2977-CEBSX,66,Two year,DSL,Yes,Yes,Yes,Yes,Yes,Yes,Yes,Yes
0177-PXBAT,33,Month-to-month,Fiber optic,Yes,Yes,Yes,No,Yes,Yes,Yes,Yes
6599-CEBNN,34,Month-to-month,Fiber optic,Yes,No,No,Yes,No,No,No,No
2519-ERQOJ,33,Month-to-month,DSL,No,No phone service,No,No,Yes,Yes,Yes,Yes
5876-QMYLD,23,One year,No,Yes,No,No internet service,No internet service,No internet service,No internet service,No internet service,No internet service
2277-AXSDC,32,One year,No,Yes,No,No internet service,No internet service,No internet service,No internet service,No internet service,No internet service
9442-JTWDL,11,One year,No,Yes,No,No internet service,No internet service,No internet service,No internet service,No internet service,No internet service
0979-PHULV,69,Month-to-month,Fiber optic,Yes,Yes,No,No,Yes,No,Yes,Yes
3067-SVMTC,68,One year,DSL,Yes,No,Yes,No,No,Yes,No,No
5495-GPSRW,20,Two year,No,Yes,No,No internet service,No internet service,No internet service,No internet service,No internet service,No internet service
7606-BPHHN,72,Two year,No,Yes,No,No internet service,No internet service,No internet service,No internet service,No internet service,No internet service
4742-DRORA,60,One year,Fiber optic,Yes,Yes,Yes,No,Yes,No,Yes,No
0111-KLBQG,32,Month-to-month,Fiber optic,Yes,No,No,Yes,No,No,Yes,Yes
4800-VHZKI,1,Month-to-month,No,Yes,No,No internet service,No internet service,No internet service,No internet service,No internet service,No internet service
7989-CHGTL,1,Month-to-month,No,Yes,No,No internet service,No internet service,No internet service,No internet service,No internet service,No internet service
0334-GDDSO,3,Month-to-month,Fiber optic,Yes,Yes,No,Yes,No,No,No,No
4163-NCJAK,46,One year,No,Yes,Yes,No internet service,No internet service,No internet service,No internet service,No internet service,No internet service
5233-AOZUF,29,Month-to-month,Fiber optic,Yes,Yes,No,No,No,No,No,No
5973-EJGDP,51,Month-to-month,Fiber optic,Yes,Yes,No,Yes,Yes,Yes,No,No
1996-DBMUS,48,Month-to-month,Fiber optic,Yes,No,No,No,No,No,No,No
7916-VCCPB,16,Month-to-month,Fiber optic,Yes,No,No,Yes,No,No,No,No
4686-GEFRM,70,Two year,Fiber optic,Yes,Yes,No,Yes,Yes,Yes,No,Yes
5249-QYHEX,40,Two year,No,Yes,Yes,No internet service,No internet service,No internet service,No internet service,No internet service,No internet service
0578-SKVMF,22,Month-to-month,Fiber optic,Yes,No,No,Yes,No,No,No,Yes
5564-NEMQO,1,Month-to-month,Fiber optic,Yes,No,No,No,Yes,No,No,No
2233-FAGXV,5,Month-to-month,No,Yes,Yes,No internet service,No internet service,No internet service,No internet service,No internet service,No internet service
5605-IYGFG,7,Month-to-month,Fiber optic,Yes,No,No,No,No,No,No,No
7663-ZTEGJ,29,One year,Fiber optic,Yes,Yes,No,Yes,Yes,Yes,No,Yes
3935-TBRZZ,44,One year,No,Yes,Yes,No internet service,No internet service,No internet service,No internet service,No internet service,No internet service
8111-BKVDS,10,Month-to-month,DSL,No,No phone service,Yes,Yes,Yes,No,No,No
2055-SIFSS,55,Month-to-month,DSL,Yes,Yes,No,No,No,No,No,No
2806-MLNTI,52,One year,Fiber optic,Yes,Yes,No,Yes,Yes,No,Yes,Yes
8734-DKSTZ,10,Month-to-month,Fiber optic,Yes,Yes,No,No,No,No,No,Yes
4360-PNRQB,18,Month-to-month,Fiber optic,Yes,Yes,No,No,No,No,No,No
6152-ONASV,68,One year,DSL,Yes,Yes,Yes,No,No,Yes,No,No
9063-ZGTUY,61,Month-to-month,No,Yes,No,No internet service,No internet service,No internet service,No internet service,No internet service,No internet service
7781-HVGMK,72,Two year,DSL,No,No phone service,Yes,Yes,Yes,Yes,Yes,Yes
2181-UAESM,2,Month-to-month,DSL,Yes,No,Yes,No,Yes,No,No,No
2957-LOLHO,12,Month-to-month,DSL,Yes,No,No,No,No,No,No,No
6048-NJXHX,41,Two year,No,Yes,No,No internet service,No internet service,No internet service,No internet service,No internet service,No internet service
2320-SLKMB,26,Month-to-month,DSL,No,No phone service,No,No,Yes,Yes,Yes,No
4980-URKXC,36,One year,No,Yes,No,No internet service,No internet service,No internet service,No internet service,No internet service,No internet service
4376-KFVRS,72,Two year,Fiber optic,Yes,Yes,Yes,Yes,Yes,Yes,Yes,Yes
5886-VLQVU,35,Month-to-month,Fiber optic,Yes,Yes,No,No,No,Yes,No,Yes
3577-AMVUX,1,Month-to-month,DSL,Yes,No,No,No,Yes,Yes,No,No
0771-WLCLA,16,Month-to-month,Fiber optic,Yes,Yes,Yes,No,Yes,Yes,Yes,Yes
5628-RKIFK,49,Month-to-month,Fiber optic,Yes,Yes,Yes,No,No,No,Yes,Yes
0206-TBWLC,54,One year,Fiber optic,Yes,Yes,Yes,Yes,Yes,Yes,Yes,Yes
2937-FTHUR,18,Month-to-month,DSL,Yes,Yes,Yes,No,No,No,No,Yes
1910-FMXJM,36,Month-to-month,Fiber optic,Yes,No,No,No,No,No,No,Yes
7752-XUSCI,60,Month-to-month,Fiber optic,Yes,Yes,No,Yes,Yes,No,Yes,Yes
4110-PFEUZ,1,Month-to-month,Fiber optic,Yes,No,No,No,No,No,No,No
0732-OCQOC,52,Two year,No,Yes,Yes,No internet service,No internet service,No internet service,No internet service,No internet service,No internet service
5168-MSWXT,8,Month-to-month,Fiber optic,Yes,No,No,No,Yes,No,Yes,Yes
1090-ESELR,72,Two year,Fiber optic,Yes,No,Yes,Yes,No,Yes,Yes,Yes
8592-PLTMQ,64,One year,No,Yes,Yes,No internet service,No internet service,No internet service,No internet service,No internet service,No internet service
5760-WRAHC,22,Month-to-month,DSL,Yes,No,Yes,No,Yes,Yes,No,Yes
8847-GEOOQ,60,Month-to-month,DSL,No,No phone service,No,Yes,Yes,Yes,Yes,Yes
0256-LTHVJ,28,Month-to-month,Fiber optic,Yes,No,No,No,No,No,No,Yes
4785-FCIFB,61,Two year,No,Yes,Yes,No internet service,No internet service,No internet service,No internet service,No internet service,No internet service
8313-NDOIA,24,Month-to-month,Fiber optic,Yes,Yes,No,Yes,Yes,No,Yes,Yes
5149-CUZUJ,28,One year,Fiber optic,Yes,No,No,Yes,Yes,Yes,Yes,No
0942-KOWSM,30,Two year,DSL,Yes,No,No,Yes,Yes,Yes,Yes,Yes
4237-CLSMM,2,Month-to-month,No,Yes,No,No internet service,No internet service,No internet service,No internet service,No internet service,No internet service
1452-VOQCH,1,Month-to-month,Fiber optic,Yes,Yes,No,No,No,No,No,No
4719-UMSIY,6,Month-to-month,No,Yes,No,No internet service,No internet service,No internet service,No internet service,No internet service,No internet service
6614-VBEGU,24,Month-to-month,DSL,Yes,No,No,Yes,No,No,Yes,Yes
0880-TKATG,4,Month-to-month,Fiber optic,Yes,Yes,No,No,Yes,No,Yes,Yes
3811-VBYBZ,7,Month-to-month,Fiber optic,Yes,Yes,No,Yes,No,No,Yes,Yes
1480-BKXGA,72,Two year,Fiber optic,Yes,Yes,Yes,Yes,Yes,Yes,Yes,Yes
2996-XAUVF,70,Two year,DSL,No,No phone service,No,No,No,Yes,No,Yes
9076-AXYIK,64,Two year,Fiber optic,Yes,Yes,No,No,Yes,Yes,Yes,Yes
5968-XQIVE,72,One year,Fiber optic,Yes,Yes,No,Yes,No,No,Yes,No
8896-RAZCR,44,Two year,No,Yes,No,No internet service,No internet service,No internet service,No internet service,No internet service,No internet service
4640-UHDOS,13,Month-to-month,DSL,Yes,No,No,No,No,No,No,Yes
4933-IKULF,17,One year,No,Yes,No,No internet service,No internet service,No internet service,No internet service,No internet service,No internet service
3583-EKAPL,1,Month-to-month,DSL,Yes,No,No,No,No,No,No,Yes
1304-BCCFO,9,Month-to-month,DSL,Yes,No,No,No,Yes,No,Yes,Yes
4104-PVRPS,24,Month-to-month,DSL,Yes,No,Yes,No,No,Yes,No,No
9399-APLBT,1,Month-to-month,Fiber optic,Yes,No,No,Yes,No,No,No,No
2359-KMGLI,24,Month-to-month,Fiber optic,Yes,Yes,No,Yes,No,No,No,No
3780-DDGSE,35,Month-to-month,DSL,Yes,No,No,Yes,No,Yes,Yes,Yes
4431-EDMIQ,7,Month-to-month,DSL,Yes,No,Yes,Yes,Yes,Yes,Yes,No
0306-JAELE,5,Month-to-month,Fiber optic,Yes,No,No,No,No,Yes,Yes,Yes
6227-HWPWX,15,Month-to-month,Fiber optic,Yes,No,No,No,No,No,No,No
0486-LGCCH,11,Two year,No,Yes,No,No internet service,No internet service,No internet service,No internet service,No internet service,No internet service
0447-BEMNG,48,Month-to-month,DSL,No,No phone service,Yes,No,Yes,No,No,Yes
4612-SSVHJ,20,Month-to-month,Fiber optic,Yes,No,No,No,No,No,No,Yes
5168-MQQCA,72,One year,Fiber optic,Yes,Yes,No,Yes,Yes,Yes,Yes,Yes
5949-XIKAE,8,Month-to-month,Fiber optic,Yes,No,No,Yes,No,No,Yes,No
7971-HLVXI,72,Two year,Fiber optic,Yes,Yes,No,No,No,No,No,Yes
9094-AZPHK,15,Month-to-month,Fiber optic,Yes,Yes,No,Yes,No,No,Yes,Yes
3649-JPUGY,72,Two year,DSL,Yes,Yes,No,Yes,Yes,Yes,Yes,Yes
4472-LVYGI,0,Two year,DSL,No,No phone service,Yes,No,Yes,Yes,Yes,No
8372-JUXUI,1,Month-to-month,Fiber optic,Yes,Yes,No,No,No,No,No,No
3552-CTCYF,63,Two year,Fiber optic,Yes,Yes,No,Yes,Yes,No,Yes,Yes
6778-YSNIH,2,Month-to-month,DSL,Yes,No,No,Yes,No,No,Yes,No
0388-EOPEX,2,Month-to-month,Fiber optic,Yes,No,Yes,No,No,No,No,No
5756-OZRIO,61,One year,DSL,Yes,Yes,No,Yes,No,No,No,Yes
6579-JPICP,1,Month-to-month,No,Yes,No,No internet service,No internet service,No internet service,No internet service,No internet service,No internet service
8205-OTCHB,22,One year,DSL,No,No phone service,No,Yes,Yes,No,No,Yes
4134-BSXLX,28,Month-to-month,DSL,Yes,No,Yes,Yes,No,Yes,No,No
0505-SPOOW,70,Two year,No,Yes,No,No internet service,No internet service,No internet service,No internet service,No internet service,No internet service
6235-VDHOM,5,Month-to-month,DSL,No,No phone service,No,Yes,No,No,No,No
7783-YKGDV,12,Month-to-month,Fiber optic,Yes,Yes,Yes,Yes,Yes,No,No,Yes
4374-YMUSQ,34,One year,Fiber optic,Yes,Yes,Yes,Yes,Yes,Yes,Yes,Yes
4513-CXYIX,71,Two year,Fiber optic,Yes,Yes,Yes,No,No,No,No,No
3957-HHLMR,70,One year,DSL,Yes,Yes,Yes,No,No,No,No,Yes
7803-XOCCZ,52,Month-to-month,Fiber optic,Yes,No,Yes,No,Yes,Yes,No,No
5736-YEJAX,69,Two year,DSL,Yes,Yes,Yes,Yes,Yes,Yes,Yes,No
5609-CEBID,20,Month-to-month,Fiber optic,Yes,Yes,No,Yes,Yes,No,No,Yes
8981-FJGLA,11,Month-to-month,Fiber optic,Yes,Yes,No,No,Yes,No,No,No
7218-HKQFK,2,Month-to-month,Fiber optic,Yes,No,No,No,No,Yes,Yes,Yes
4636-QRJKY,6,Month-to-month,Fiber optic,Yes,Yes,No,No,No,Yes,No,No
1135-LMECX,1,Month-to-month,No,Yes,No,No internet service,No internet service,No internet service,No internet service,No internet service,No internet service
4332-MUOEZ,20,One year,Fiber optic,Yes,No,Yes,No,Yes,Yes,No,Yes
8535-SFUTN,61,Month-to-month,Fiber optic,Yes,Yes,Yes,No,Yes,No,Yes,Yes
5956-VKDTT,5,Month-to-month,Fiber optic,Yes,Yes,No,No,No,No,No,No
8677-HDZEE,56,Month-to-month,Fiber optic,Yes,Yes,No,Yes,No,Yes,Yes,Yes
2475-MROZF,30,Month-to-month,Fiber optic,Yes,Yes,Yes,Yes,Yes,Yes,No,No
9412-GHEEC,40,Month-to-month,Fiber optic,Yes,Yes,No,No,Yes,Yes,Yes,Yes
3482-ABPKK,28,One year,DSL,Yes,No,Yes,No,No,Yes,No,No
6705-LXORM,5,Month-to-month,Fiber optic,Yes,No,No,No,No,No,No,No
0257-ZESQC,27,Month-to-month,Fiber optic,Yes,No,Yes,No,No,No,No,No
7531-GQHME,12,Month-to-month,No,Yes,No,No internet service,No internet service,No internet service,No internet service,No internet service,No internet service
5174-ITUMV,67,One year,Fiber optic,Yes,Yes,No,Yes,Yes,No,Yes,Yes
4109-CYRBD,29,Month-to-month,DSL,Yes,Yes,No,No,No,No,No,No
0913-XWSCN,55,Month-to-month,Fiber optic,Yes,Yes,No,No,No,No,No,Yes
6825-UYPFK,23,Month-to-month,Fiber optic,Yes,Yes,No,No,No,No,No,No
8397-MVTAZ,34,Month-to-month,Fiber optic,Yes,Yes,No,No,Yes,No,Yes,Yes
0750-EBAIU,52,One year,Fiber optic,Yes,No,Yes,No,Yes,No,Yes,No
8606-CIQUL,72,Two year,Fiber optic,Yes,Yes,Yes,Yes,Yes,Yes,Yes,Yes
3571-DPYUH,58,One year,Fiber optic,Yes,Yes,No,Yes,No,Yes,Yes,No
7601-GNDYK,35,Two year,No,Yes,No,No internet service,No internet service,No internet service,No internet service,No internet service,No internet service
0356-OBMAC,56,Two year,Fiber optic,Yes,Yes,No,Yes,Yes,Yes,Yes,No
8067-NIOYM,24,Two year,No,Yes,No,No internet service,No internet service,No internet service,No internet service,No internet service,No internet service
1403-GYAFU,70,Two year,No,Yes,No,No internet service,No internet service,No internet service,No internet service,No internet service,No internet service
4234-XTNEA,2,Month-to-month,Fiber optic,Yes,No,No,No,No,No,Yes,No
1297-VQDRP,68,One year,Fiber optic,Yes,Yes,No,No,Yes,Yes,Yes,Yes
9282-IZGQK,1,Month-to-month,Fiber optic,Yes,Yes,No,No,No,No,No,Yes
5348-CAGXB,12,Month-to-month,Fiber optic,Yes,Yes,No,No,Yes,No,Yes,No
0621-HJWXJ,63,Month-to-month,Fiber optic,Yes,Yes,No,Yes,No,No,No,No
5844-QVTAT,33,One year,DSL,Yes,No,Yes,Yes,Yes,No,No,No
8905-IAZPF,69,One year,Fiber optic,Yes,No,No,Yes,No,No,Yes,Yes
5394-MEITZ,60,Two year,DSL,Yes,No,No,Yes,Yes,Yes,Yes,Yes
6859-QNXIQ,72,Two year,Fiber optic,Yes,Yes,Yes,Yes,Yes,Yes,Yes,Yes
2782-LFZVW,11,Month-to-month,DSL,Yes,Yes,No,No,No,No,No,Yes
2866-IKBTM,1,Month-to-month,No,Yes,No,No internet service,No internet service,No internet service,No internet service,No internet service,No internet service
1342-JPNKI,10,Month-to-month,Fiber optic,Yes,Yes,No,No,No,No,Yes,No
2817-NTQDO,13,Month-to-month,DSL,No,No phone service,Yes,No,No,Yes,Yes,No
7129-AZJDE,34,One year,Fiber optic,Yes,No,No,No,No,No,No,Yes
6986-IJDHX,39,Month-to-month,Fiber optic,Yes,No,No,Yes,No,No,Yes,No
2560-PPCHE,65,One year,Fiber optic,Yes,Yes,No,Yes,No,Yes,Yes,Yes
4676-MQUEA,50,One year,Fiber optic,Yes,Yes,Yes,Yes,Yes,No,Yes,No
8138-EALND,15,Month-to-month,No,Yes,No,No internet service,No internet service,No internet service,No internet service,No internet service,No internet service
3580-HYCSP,72,Two year,Fiber optic,Yes,Yes,Yes,Yes,Yes,No,Yes,Yes
1352-HNSAW,72,Two year,Fiber optic,Yes,Yes,Yes,Yes,Yes,Yes,Yes,Yes
2075-PUEPR,55,Two year,No,Yes,No,No internet service,No internet service,No internet service,No internet service,No internet service,No internet service
1982-FEBTD,23,Two year,No,Yes,Yes,No internet service,No internet service,No internet service,No internet service,No internet service,No internet service
5301-GAUUY,32,Month-to-month,Fiber optic,Yes,Yes,No,Yes,No,No,No,No
5791-KAJFD,56,One year,DSL,Yes,Yes,Yes,No,Yes,No,No,Yes
2654-VBVPB,1,Month-to-month,No,Yes,No,No internet service,No internet service,No internet service,No internet service,No internet service,No internet service
1154-HYWWO,38,One year,DSL,Yes,No,Yes,Yes,No,Yes,Yes,No
2501-XWWTZ,11,Month-to-month,Fiber optic,Yes,No,No,No,No,No,No,No
3716-UVSPD,1,Month-to-month,DSL,Yes,No,No,No,No,Yes,No,No
6815-ABQFQ,56,One year,Fiber optic,Yes,Yes,No,Yes,No,Yes,Yes,Yes
7343-EOBEU,3,Month-to-month,No,Yes,Yes,No internet service,No internet service,No internet service,No internet service,No internet service,No internet service
3701-SFMUH,7,Month-to-month,DSL,Yes,No,Yes,No,No,No,Yes,Yes
6103-LIANB,59,Two year,Fiber optic,Yes,Yes,No,No,Yes,No,Yes,Yes
7319-VENRZ,7,Month-to-month,DSL,Yes,No,No,No,Yes,Yes,Yes,No
5846-NEQVZ,71,Two year,DSL,Yes,No,Yes,No,Yes,Yes,No,Yes
6967-QIQRV,15,One year,Fiber optic,Yes,No,Yes,No,No,Yes,Yes,Yes
5781-RFZRP,71,Two year,DSL,Yes,Yes,Yes,Yes,No,Yes,Yes,No
0939-YAPAF,35,Month-to-month,Fiber optic,Yes,Yes,No,No,Yes,No,Yes,Yes
0308-IVGOK,11,One year,DSL,No,No phone service,No,Yes,Yes,Yes,No,No
7293-LSCDV,60,Two year,No,Yes,No,No internet service,No internet service,No internet service,No internet service,No internet service,No internet service
7025-WCBNE,47,Two year,DSL,Yes,Yes,No,Yes,No,Yes,No,No
5756-JYOJT,11,One year,DSL,Yes,No,No,No,Yes,Yes,No,Yes
4710-FDUIZ,56,One year,Fiber optic,Yes,Yes,No,Yes,No,No,Yes,Yes
6030-REHUX,28,Month-to-month,Fiber optic,Yes,Yes,No,Yes,Yes,Yes,Yes,Yes
9548-LIGTA,61,Two year,DSL,Yes,No,Yes,Yes,No,Yes,Yes,Yes
5150-LJNSR,31,One year,Fiber optic,Yes,Yes,Yes,No,Yes,No,Yes,No
8270-RKSAP,9,Month-to-month,Fiber optic,Yes,No,No,No,No,No,No,No
6522-YRBXD,35,Month-to-month,Fiber optic,Yes,Yes,Yes,Yes,No,No,No,Yes
2640-LYMOV,2,Month-to-month,No,Yes,No,No internet service,No internet service,No internet service,No internet service,No internet service,No internet service
1218-VKFPE,12,Month-to-month,No,Yes,No,No internet service,No internet service,No internet service,No internet service,No internet service,No internet service
3627-FHKBK,1,Month-to-month,Fiber optic,Yes,No,Yes,No,No,No,No,No
2865-TCHJW,4,Month-to-month,Fiber optic,Yes,Yes,No,No,Yes,No,Yes,No
1423-BMPBQ,1,Month-to-month,No,Yes,No,No internet service,No internet service,No internet service,No internet service,No internet service,No internet service
2393-DIVAI,3,Month-to-month,No,Yes,No,No internet service,No internet service,No internet service,No internet service,No internet service,No internet service
5192-EBGOV,1,Month-to-month,Fiber optic,Yes,Yes,No,No,No,No,Yes,No
4568-KNYWR,52,Two year,DSL,Yes,No,Yes,Yes,No,No,Yes,No
8752-IMQOS,5,One year,No,Yes,No,No internet service,No internet service,No internet service,No internet service,No internet service,No internet service
0742-LAFQK,72,Two year,Fiber optic,Yes,Yes,Yes,Yes,Yes,No,No,Yes
0795-LAFGP,71,Two year,DSL,Yes,Yes,Yes,Yes,Yes,Yes,Yes,Yes
0619-OLYUR,72,Two year,Fiber optic,Yes,Yes,Yes,No,Yes,Yes,Yes,Yes
5512-IDZEI,46,One year,No,Yes,Yes,No internet service,No internet service,No internet service,No internet service,No internet service,No internet service
0459-SPZHJ,63,Two year,DSL,Yes,Yes,Yes,Yes,Yes,No,Yes,Yes
0215-BQKGS,30,Month-to-month,Fiber optic,Yes,No,Yes,Yes,Yes,No,No,No
9244-ZVAPM,1,Month-to-month,DSL,Yes,No,No,No,No,No,No,No
0719-SYFRB,12,Month-to-month,DSL,Yes,Yes,Yes,No,Yes,Yes,No,No
8208-EUMTE,16,Two year,DSL,No,No phone service,Yes,Yes,Yes,Yes,Yes,No
5172-MIGPM,4,Month-to-month,DSL,Yes,Yes,No,No,No,Yes,No,Yes
1710-RCXUS,51,One year,Fiber optic,Yes,Yes,No,Yes,No,No,No,Yes
0374-FIUCA,65,Two year,No,Yes,No,No internet service,No internet service,No internet service,No internet service,No internet service,No internet service
5839-SUYVZ,16,Month-to-month,Fiber optic,Yes,No,No,No,No,Yes,No,No
5173-ZXXXL,2,One year,No,Yes,No,No internet service,No internet service,No internet service,No internet service,No internet service,No internet service
1096-ADRUX,66,One year,Fiber optic,Yes,Yes,No,No,No,No,No,No
2001-MCUUW,46,Two year,Fiber optic,Yes,Yes,No,Yes,Yes,Yes,Yes,Yes
2731-GJRDG,32,One year,Fiber optic,Yes,Yes,Yes,No,Yes,Yes,Yes,Yes
4723-BEGSG,72,Two year,DSL,Yes,Yes,Yes,No,Yes,Yes,Yes,Yes
6516-NKQBO,38,Two year,DSL,Yes,No,Yes,No,Yes,Yes,Yes,Yes
8672-OAUPW,51,One year,DSL,Yes,No,No,No,No,Yes,No,No
8207-DMRVL,72,Two year,Fiber optic,Yes,Yes,Yes,Yes,Yes,Yes,Yes,Yes
3419-SNJJD,65,Month-to-month,Fiber optic,Yes,Yes,Yes,No,Yes,No,Yes,Yes
6543-CPZMK,9,Month-to-month,DSL,No,No phone service,No,Yes,No,No,No,No
4765-OXPPD,9,Month-to-month,DSL,Yes,No,Yes,Yes,Yes,Yes,No,No
2804-ETQDK,66,Two year,No,Yes,No,No internet service,No internet service,No internet service,No internet service,No internet service,No internet service
6689-VRRTK,44,One year,Fiber optic,Yes,Yes,Yes,Yes,Yes,No,Yes,Yes
7138-GIRSH,50,Two year,DSL,Yes,Yes,No,No,Yes,Yes,No,Yes
9396-ZSFLL,15,Month-to-month,DSL,Yes,Yes,No,No,No,No,No,No
6464-KEXXH,8,Month-to-month,DSL,No,No phone service,No,No,No,No,No,No
7134-MJPDY,66,One year,Fiber optic,Yes,Yes,No,No,Yes,Yes,Yes,Yes
5240-CAOYT,57,Month-to-month,Fiber optic,Yes,Yes,Yes,Yes,No,Yes,No,No
4059-IIEBK,7,Month-to-month,Fiber optic,Yes,Yes,No,Yes,No,No,No,No
4881-JVQOD,10,Month-to-month,DSL,No,No phone service,No,No,No,No,No,Yes
0516-UXRMT,62,One year,Fiber optic,Yes,Yes,Yes,Yes,Yes,No,No,No
4851-BQDNX,40,One year,Fiber optic,Yes,No,No,No,Yes,No,Yes,No
5148-HKFIR,20,Two year,No,Yes,No,No internet service,No internet service,No internet service,No internet service,No internet service,No internet service
1009-IRMNA,7,Month-to-month,No,Yes,No,No internet service,No internet service,No internet service,No internet service,No internet service,No internet service
3003-CMDUU,25,Month-to-month,Fiber optic,Yes,No,No,No,No,Yes,Yes,Yes
5016-IBERQ,23,Month-to-month,Fiber optic,Yes,Yes,No,Yes,Yes,No,No,No
6797-UCJHZ,66,One year,Fiber optic,Yes,Yes,No,Yes,Yes,No,Yes,Yes
2469-DTSGX,72,Two year,Fiber optic,Yes,Yes,No,Yes,Yes,Yes,Yes,Yes
4554-YGZIH,49,Month-to-month,Fiber optic,Yes,Yes,No,Yes,No,No,No,Yes
5099-BAILX,43,Month-to-month,Fiber optic,Yes,Yes,No,Yes,Yes,Yes,Yes,Yes
9931-KGHOA,46,Month-to-month,DSL,Yes,Yes,Yes,No,No,No,No,No
1775-KWJKQ,72,Two year,DSL,Yes,Yes,Yes,Yes,Yes,Yes,Yes,Yes
7665-VIGUD,10,One year,No,Yes,No,No internet service,No internet service,No internet service,No internet service,No internet service,No internet service
9411-TPQQV,40,One year,DSL,No,No phone service,Yes,No,No,Yes,Yes,Yes
7207-RMRDB,65,Month-to-month,Fiber optic,Yes,Yes,No,Yes,Yes,No,Yes,Yes
7954-MLBUN,31,Two year,Fiber optic,Yes,No,No,No,Yes,Yes,Yes,Yes
2077-DDHJK,68,Two year,DSL,Yes,Yes,Yes,Yes,Yes,Yes,No,No
4913-EHYUI,56,One year,Fiber optic,Yes,Yes,Yes,No,Yes,No,Yes,Yes
0195-IESCP,10,Month-to-month,Fiber optic,Yes,Yes,No,No,No,No,No,Yes
9574-BOSMD,68,Two year,No,Yes,Yes,No internet service,No internet service,No internet service,No internet service,No internet service,No internet service
4580-TMHJU,43,Month-to-month,DSL,Yes,No,No,No,No,No,Yes,No
0970-ETWGE,1,Month-to-month,Fiber optic,Yes,No,No,No,No,No,Yes,Yes
4908-XAXAY,49,One year,Fiber optic,Yes,No,No,Yes,Yes,No,No,Yes
8404-VLQFB,15,Month-to-month,No,Yes,Yes,No internet service,No internet service,No internet service,No internet service,No internet service,No internet service
1626-ERCMM,20,Month-to-month,Fiber optic,Yes,Yes,No,No,No,No,Yes,Yes
0887-HJGAR,1,Month-to-month,DSL,Yes,No,No,No,No,No,No,No
2391-IPLOP,50,One year,DSL,Yes,Yes,No,No,Yes,Yes,Yes,No
5644-PDMZC,2,Month-to-month,Fiber optic,Yes,Yes,No,Yes,No,No,No,Yes
3509-GWQGF,24,Month-to-month,Fiber optic,Yes,No,No,No,No,No,No,No
9576-ANLXO,3,Month-to-month,Fiber optic,Yes,No,No,No,No,No,No,No
2024-BASKD,1,Month-to-month,Fiber optic,Yes,No,No,No,Yes,No,No,No
5845-BZZIB,35,Two year,No,Yes,No,No internet service,No internet service,No internet service,No internet service,No internet service,No internet service
1140-UKVZG,17,Month-to-month,No,Yes,Yes,No internet service,No internet service,No internet service,No internet service,No internet service,No internet service
4160-AMJTL,8,Month-to-month,No,Yes,No,No internet service,No internet service,No internet service,No internet service,No internet service,No internet service
5183-SNMJQ,10,Month-to-month,Fiber optic,Yes,No,No,No,No,Yes,Yes,Yes
8100-PNJMH,68,Two year,DSL,Yes,Yes,Yes,Yes,Yes,Yes,Yes,Yes
7838-LAZFO,45,One year,DSL,Yes,No,Yes,Yes,Yes,No,Yes,Yes
4464-JCOLN,2,One year,No,Yes,No,No internet service,No internet service,No internet service,No internet service,No internet service,No internet service
2085-JVGAD,37,Month-to-month,No,Yes,No,No internet service,No internet service,No internet service,No internet service,No internet service,No internet service
5650-VDUDS,4,Month-to-month,DSL,No,No phone service,No,No,No,No,No,No
8095-WANWK,10,Month-to-month,DSL,Yes,No,No,No,No,No,No,No
3030-ZKIWL,1,Month-to-month,No,Yes,No,No internet service,No internet service,No internet service,No internet service,No internet service,No internet service
9565-FLVCG,65,Two year,DSL,Yes,Yes,Yes,Yes,No,No,No,Yes
8755-OGKNA,57,Two year,No,Yes,No,No internet service,No internet service,No internet service,No internet service,No internet service,No internet service
2800-VEQXM,3,Month-to-month,Fiber optic,Yes,No,No,No,Yes,No,No,No
7538-GWHML,2,Month-to-month,Fiber optic,Yes,No,No,No,No,No,No,No
5533-RJFTJ,49,Month-to-month,DSL,No,No phone service,No,No,Yes,No,No,No
3859-CVCET,4,Month-to-month,DSL,Yes,No,No,No,No,No,No,No
0214-JHPFW,70,Two year,DSL,No,No phone service,No,Yes,Yes,Yes,Yes,Yes
5642-MHDQT,53,One year,No,Yes,No,No internet service,No internet service,No internet service,No internet service,No internet service,No internet service
3088-FVYWK,53,Two year,No,Yes,Yes,No internet service,No internet service,No internet service,No internet service,No internet service,No internet service
3276-HDUEG,1,Month-to-month,Fiber optic,Yes,Yes,No,No,No,No,No,No
9092-GDZKO,22,Month-to-month,No,Yes,Yes,No internet service,No internet service,No internet service,No internet service,No internet service,No internet service
0823-HSCDJ,52,Month-to-month,DSL,No,No phone service,No,Yes,No,No,Yes,Yes
3729-OWRVL,65,Two year,Fiber optic,Yes,Yes,Yes,No,Yes,Yes,Yes,Yes
2324-AALNO,48,One year,No,Yes,Yes,No internet service,No internet service,No internet service,No internet service,No internet service,No internet service
0822-GAVAP,2,Month-to-month,DSL,No,No phone service,No,No,No,No,No,Yes
5760-IFJOZ,3,Month-to-month,Fiber optic,Yes,Yes,No,Yes,Yes,No,Yes,Yes
2826-UWHIS,45,Month-to-month,Fiber optic,Yes,Yes,No,Yes,No,No,No,No
1448-PWKYE,1,Month-to-month,Fiber optic,Yes,No,No,No,No,No,No,Yes
7501-IWUNG,61,Two year,DSL,Yes,No,No,No,Yes,Yes,Yes,Yes
4957-TREIR,3,Month-to-month,DSL,Yes,No,Yes,No,No,Yes,Yes,No
7251-LJBQN,40,One year,Fiber optic,Yes,Yes,No,No,Yes,Yes,Yes,Yes
8040-MNRTF,1,Month-to-month,Fiber optic,Yes,No,No,No,No,No,No,No
1536-HBSWP,1,Month-to-month,DSL,Yes,No,No,No,No,Yes,No,No
5313-FPXWG,51,One year,No,Yes,Yes,No internet service,No internet service,No internet service,No internet service,No internet service,No internet service
0067-DKWBL,2,Month-to-month,DSL,Yes,No,Yes,No,No,No,No,No
0946-FKYTX,52,One year,DSL,No,No phone service,No,Yes,No,No,No,No
5076-YVXCM,51,Month-to-month,Fiber optic,Yes,Yes,No,No,No,No,No,Yes
8262-COGGB,1,Month-to-month,No,Yes,No,No internet service,No internet service,No internet service,No internet service,No internet service,No internet service
6663-JOCQO,31,One year,DSL,Yes,Yes,Yes,Yes,No,Yes,No,Yes
9620-QJREV,47,One year,No,Yes,No,No internet service,No internet service,No internet service,No internet service,No internet service,No internet service
2276-YDAVZ,3,Month-to-month,Fiber optic,Yes,Yes,No,No,No,No,No,No
2682-KEVRP,22,One year,No,Yes,No,No internet service,No internet service,No internet service,No internet service,No internet service,No internet service
2480-JZOSN,1,Month-to-month,No,Yes,No,No internet service,No internet service,No internet service,No internet service,No internet service,No internet service
0078-XZMHT,72,Two year,DSL,Yes,Yes,No,Yes,Yes,Yes,Yes,Yes
5896-NPFWW,3,Month-to-month,DSL,Yes,No,No,No,Yes,No,No,No
9978-HYCIN,47,One year,Fiber optic,Yes,No,No,Yes,No,No,Yes,No
8338-QIUNR,72,Two year,DSL,Yes,Yes,Yes,No,Yes,Yes,No,No
1525-LNLOJ,66,Two year,DSL,Yes,Yes,No,No,Yes,No,Yes,No
9450-TRJUU,35,Month-to-month,Fiber optic,Yes,Yes,No,No,No,No,Yes,No
1766-GKNMI,29,Month-to-month,Fiber optic,Yes,Yes,No,No,No,No,No,Yes
6942-LBFDP,2,Month-to-month,No,Yes,No,No internet service,No internet service,No internet service,No internet service,No internet service,No internet service
1456-TWCGB,4,Month-to-month,DSL,Yes,No,No,Yes,No,No,No,No
7133-VBDCG,25,Month-to-month,Fiber optic,Yes,No,Yes,Yes,No,No,No,No
7596-ZYWBB,65,Two year,DSL,Yes,No,Yes,Yes,No,Yes,No,No
8329-UTMVM,27,One year,Fiber optic,Yes,Yes,No,Yes,No,Yes,Yes,Yes
3014-WJKSM,29,Month-to-month,Fiber optic,Yes,No,No,No,Yes,No,No,No
3347-YJZZE,29,Month-to-month,DSL,Yes,Yes,No,Yes,Yes,No,Yes,Yes
1029-QFBEN,1,Month-to-month,No,Yes,No,No internet service,No internet service,No internet service,No internet service,No internet service,No internet service
7929-DMBCV,20,Month-to-month,Fiber optic,Yes,No,No,No,Yes,Yes,No,No
9661-JALZV,58,Two year,No,Yes,Yes,No internet service,No internet service,No internet service,No internet service,No internet service,No internet service
5433-KYGHE,14,Month-to-month,Fiber optic,Yes,Yes,Yes,No,No,Yes,No,No
4312-KFRXN,72,Two year,No,Yes,Yes,No internet service,No internet service,No internet service,No internet service,No internet service,No internet service
5575-TPIZQ,46,Month-to-month,Fiber optic,Yes,Yes,Yes,No,No,No,Yes,No
0114-IGABW,71,Two year,DSL,No,No phone service,No,Yes,Yes,Yes,Yes,Yes
9944-AEXBM,32,Month-to-month,Fiber optic,Yes,Yes,No,No,No,No,No,Yes
1853-ARAAQ,26,Month-to-month,DSL,No,No phone service,No,No,Yes,No,Yes,Yes
6952-OMNWB,68,Month-to-month,Fiber optic,Yes,Yes,No,No,Yes,No,No,No
4697-LUPSU,2,One year,No,Yes,No,No internet service,No internet service,No internet service,No internet service,No internet service,No internet service
8434-VGEQQ,61,Two year,No,Yes,No,No internet service,No internet service,No internet service,No internet service,No internet service,No internet service
4952-YSOGZ,4,Month-to-month,Fiber optic,Yes,Yes,No,No,No,No,No,Yes
1589-AGTLK,3,Month-to-month,DSL,Yes,No,No,No,No,No,No,No
5244-IRFIH,33,Month-to-month,Fiber optic,Yes,Yes,No,No,No,No,Yes,Yes
6549-YMFAW,9,Month-to-month,No,Yes,No,No internet service,No internet service,No internet service,No internet service,No internet service,No internet service
4950-HKQTE,22,Two year,No,Yes,Yes,No internet service,No internet service,No internet service,No internet service,No internet service,No internet service
6786-OBWQR,5,Month-to-month,Fiber optic,Yes,No,No,No,No,No,Yes,No
2684-EIWEO,30,Month-to-month,Fiber optic,Yes,Yes,Yes,Yes,Yes,No,No,No
2753-JMMCV,65,Two year,DSL,Yes,Yes,No,Yes,Yes,Yes,No,Yes
6439-GTPCA,45,Month-to-month,Fiber optic,Yes,Yes,No,No,Yes,Yes,No,No
6621-YOBKI,5,Month-to-month,No,Yes,No,No internet service,No internet service,No internet service,No internet service,No internet service,No internet service
1216-JWVUX,25,Month-to-month,Fiber optic,Yes,No,No,Yes,No,No,No,No
7564-GHCVB,72,Two year,Fiber optic,Yes,Yes,Yes,No,No,No,No,No
1173-NOEYG,27,Month-to-month,Fiber optic,Yes,Yes,No,No,Yes,No,No,Yes
7595-EHCDL,32,Month-to-month,DSL,No,No phone service,No,No,Yes,No,Yes,Yes
6647-ZEDXT,30,One year,Fiber optic,Yes,Yes,No,Yes,Yes,Yes,Yes,Yes
2521-NPUZR,70,Two year,Fiber optic,Yes,No,Yes,Yes,Yes,Yes,No,Yes
1307-TVUFB,42,Month-to-month,Fiber optic,Yes,Yes,No,Yes,No,No,No,No
7503-MIOGA,72,Two year,DSL,Yes,Yes,Yes,Yes,Yes,Yes,Yes,Yes
4381-MHQDC,47,Two year,DSL,Yes,Yes,Yes,No,Yes,Yes,No,No
6923-JHPMP,2,Month-to-month,Fiber optic,Yes,No,Yes,No,Yes,No,No,No
5138-WVKYJ,10,Month-to-month,Fiber optic,Yes,Yes,Yes,No,No,No,Yes,Yes
4018-PPNDW,61,Two year,No,Yes,Yes,No internet service,No internet service,No internet service,No internet service,No internet service,No internet service
1635-FJFCC,5,Month-to-month,DSL,Yes,No,No,No,No,No,No,No
2499-AJYUA,72,Two year,Fiber optic,Yes,Yes,No,Yes,Yes,Yes,Yes,Yes
6919-ELBGL,72,Two year,Fiber optic,Yes,Yes,Yes,Yes,Yes,Yes,Yes,Yes
3966-HRMZA,3,Month-to-month,Fiber optic,Yes,No,No,No,Yes,No,No,No
6425-JWTDV,48,Two year,No,Yes,No,No internet service,No internet service,No internet service,No internet service,No internet service,No internet service
8405-IGQFX,63,One year,Fiber optic,Yes,No,No,No,Yes,Yes,Yes,No
8224-IVVPA,27,Month-to-month,DSL,Yes,No,Yes,Yes,No,No,No,No
9477-LGWQI,70,Two year,DSL,Yes,No,Yes,Yes,Yes,No,Yes,Yes
1410-RSCMR,7,Month-to-month,DSL,Yes,No,Yes,No,Yes,Yes,No,Yes
3115-CZMZD,0,Two year,No,Yes,No,No internet service,No internet service,No internet service,No internet service,No internet service,No internet service
0139-IVFJG,2,Month-to-month,Fiber optic,Yes,No,Yes,Yes,No,No,Yes,No
6683-VLCTZ,20,Month-to-month,Fiber optic,Yes,Yes,No,No,Yes,No,Yes,Yes
5730-DBDSI,66,Two year,No,Yes,No,No internet service,No internet service,No internet service,No internet service,No internet service,No internet service
0030-FNXPP,3,Month-to-month,No,Yes,No,No internet service,No internet service,No internet service,No internet service,No internet service,No internet service
2189-WWOEW,15,Month-to-month,Fiber optic,Yes,No,No,Yes,No,No,No,Yes
5684-FJVYR,72,Two year,Fiber optic,Yes,Yes,Yes,Yes,No,Yes,No,No
4013-GUXND,1,Month-to-month,No,Yes,No,No internet service,No internet service,No internet service,No internet service,No internet service,No internet service
1894-IGFSG,22,Month-to-month,Fiber optic,Yes,No,No,No,No,No,Yes,Yes
7379-POKDZ,3,Month-to-month,Fiber optic,Yes,No,No,No,No,No,No,No
1266-NZYUI,72,Two year,DSL,Yes,Yes,Yes,No,Yes,Yes,No,No
7969-FFOWG,65,Two year,No,Yes,No,No internet service,No internet service,No internet service,No internet service,No internet service,No internet service
4718-DHSMV,11,Month-to-month,DSL,No,No phone service,No,No,No,No,Yes,No
5175-WLYXL,22,Month-to-month,Fiber optic,Yes,Yes,No,Yes,No,No,No,No
7817-OMJNA,14,One year,No,Yes,No,No internet service,No internet service,No internet service,No internet service,No internet service,No internet service
8728-SKJLR,41,Month-to-month,Fiber optic,Yes,No,No,No,No,Yes,No,No
3137-NYQQI,17,One year,DSL,Yes,No,Yes,Yes,No,No,No,Yes
7706-DZNKK,11,Month-to-month,No,Yes,No,No internet service,No internet service,No internet service,No internet service,No internet service,No internet service
0236-HFWSV,15,Month-to-month,Fiber optic,Yes,Yes,No,No,No,No,Yes,Yes
3900-AQPHZ,1,Month-to-month,No,Yes,No,No internet service,No internet service,No internet service,No internet service,No internet service,No internet service
5842-POCOP,5,Month-to-month,Fiber optic,Yes,No,Yes,No,Yes,No,No,Yes
2037-XJFUP,33,One year,Fiber optic,Yes,No,No,No,Yes,No,Yes,Yes
8823-RLPWL,72,Two year,Fiber optic,Yes,Yes,Yes,Yes,Yes,No,Yes,Yes
9505-SQFSW,3,Month-to-month,DSL,No,No phone service,No,Yes,No,No,No,Yes
7314-OXENN,2,Month-to-month,Fiber optic,Yes,Yes,No,Yes,No,No,No,No
3758-CKOQL,59,One year,Fiber optic,Yes,Yes,Yes,Yes,Yes,Yes,No,Yes
0322-CHQRU,2,Month-to-month,DSL,Yes,No,No,No,No,No,No,No
5676-CFLYY,71,Two year,DSL,Yes,No,No,Yes,No,Yes,Yes,Yes
7521-AFHAB,5,Month-to-month,DSL,Yes,No,No,No,No,No,No,No
0285-INHLN,27,Month-to-month,DSL,Yes,No,Yes,Yes,No,No,No,No
4678-DVQEO,1,Month-to-month,DSL,Yes,No,No,No,No,Yes,No,No
5125-CNDSP,63,One year,DSL,No,No phone service,Yes,Yes,No,Yes,No,No
0691-IFBQW,46,One year,Fiber optic,Yes,Yes,Yes,Yes,Yes,No,Yes,Yes
4992-LTJNE,72,Two year,DSL,Yes,Yes,Yes,No,No,No,No,No
2202-OUTMO,34,Month-to-month,DSL,Yes,Yes,Yes,No,No,Yes,No,No
0810-BDHAW,24,One year,DSL,Yes,Yes,Yes,Yes,No,No,Yes,Yes
0229-LFJAF,72,Two year,DSL,Yes,Yes,Yes,Yes,Yes,Yes,No,No
7131-ZQZNK,60,Two year,DSL,No,No phone service,Yes,No,Yes,Yes,Yes,Yes
3442-ZHHCC,68,One year,DSL,Yes,Yes,Yes,Yes,Yes,No,No,Yes
5726-CVNYA,8,Two year,No,Yes,No,No internet service,No internet service,No internet service,No internet service,No internet service,No internet service
9871-ELEYA,34,Two year,DSL,Yes,No,Yes,No,Yes,Yes,Yes,No
4257-GAESD,6,Month-to-month,DSL,No,No phone service,No,No,No,No,Yes,Yes
5173-WXOQV,2,Month-to-month,DSL,Yes,No,No,Yes,No,Yes,No,Yes
2040-OBMLJ,31,One year,Fiber optic,Yes,Yes,No,No,No,Yes,No,No
6286-ZHAOK,20,Month-to-month,No,Yes,Yes,No internet service,No internet service,No internet service,No internet service,No internet service,No internet service
3807-XHCJH,1,Month-to-month,No,Yes,No,No internet service,No internet service,No internet service,No internet service,No internet service,No internet service
3009-JWMPU,62,One year,Fiber optic,Yes,Yes,No,No,Yes,No,Yes,Yes
5671-RQRLP,70,Two year,Fiber optic,Yes,Yes,No,No,No,No,No,No
1450-GALXR,10,Month-to-month,Fiber optic,Yes,Yes,No,No,No,Yes,Yes,Yes
8859-AXJZP,39,Two year,No,Yes,Yes,No internet service,No internet service,No internet service,No internet service,No internet service,No internet service
3174-AKMAS,46,Two year,DSL,Yes,No,No,Yes,No,Yes,Yes,No
3138-BKYAV,6,Month-to-month,Fiber optic,Yes,No,No,Yes,No,No,Yes,No
9926-PJHDQ,72,Two year,DSL,Yes,Yes,No,No,Yes,No,Yes,Yes
7382-DFJTU,18,Month-to-month,DSL,Yes,No,No,No,Yes,Yes,No,No
2798-NYLMZ,71,Two year,Fiber optic,Yes,Yes,Yes,No,Yes,Yes,Yes,Yes
4289-DTDKW,40,Month-to-month,Fiber optic,Yes,Yes,No,Yes,No,No,Yes,Yes
1820-TQVEV,1,Month-to-month,Fiber optic,Yes,No,No,No,No,No,No,No
2239-JALAW,58,One year,Fiber optic,Yes,Yes,No,Yes,Yes,No,Yes,Yes
4853-RULSV,70,Two year,Fiber optic,Yes,Yes,Yes,No,No,Yes,Yes,Yes
8098-TDCBU,42,Two year,No,Yes,Yes,No internet service,No internet service,No internet service,No internet service,No internet service,No internet service
3551-GAEGL,34,One year,DSL,No,No phone service,Yes,No,No,No,No,No
4785-NKHCX,5,Month-to-month,No,Yes,No,No internet service,No internet service,No internet service,No internet service,No internet service,No internet service
3196-NVXLZ,25,Month-to-month,Fiber optic,Yes,Yes,No,No,No,No,Yes,No
6275-YDUVO,2,Month-to-month,Fiber optic,Yes,No,No,No,Yes,No,No,Yes
0036-IHMOT,55,One year,Fiber optic,Yes,No,No,Yes,Yes,Yes,Yes,Yes
0115-TFERT,21,Month-to-month,Fiber optic,Yes,Yes,No,Yes,Yes,Yes,Yes,Yes
4178-EGMON,70,Two year,Fiber optic,Yes,Yes,Yes,Yes,No,Yes,No,No
4220-TINQT,61,Month-to-month,Fiber optic,Yes,Yes,No,No,Yes,Yes,Yes,Yes
5318-YKDPV,43,Two year,DSL,Yes,No,Yes,No,Yes,Yes,Yes,Yes
7975-TZMLR,47,One year,Fiber optic,Yes,Yes,No,Yes,Yes,No,Yes,Yes
0295-QVKPB,5,Month-to-month,DSL,Yes,No,No,No,Yes,Yes,Yes,No
4335-BSMJS,62,Two year,No,Yes,Yes,No internet service,No internet service,No internet service,No internet service,No internet service,No internet service
2311-QYMUQ,16,Month-to-month,Fiber optic,Yes,No,No,Yes,Yes,No,Yes,No
3643-AHCFP,7,Month-to-month,Fiber optic,Yes,Yes,No,No,No,No,Yes,Yes
9146-JRIOX,14,Month-to-month,No,Yes,Yes,No internet service,No internet service,No internet service,No internet service,No internet service,No internet service
3104-OWCGK,60,One year,Fiber optic,Yes,No,No,Yes,Yes,No,Yes,No
5337-IIWKZ,34,Month-to-month,DSL,No,No phone service,No,No,Yes,Yes,Yes,No
9101-BWFSS,50,One year,Fiber optic,Yes,Yes,Yes,Yes,No,Yes,Yes,Yes
9650-VBUOG,38,Two year,No,Yes,Yes,No internet service,No internet service,No internet service,No internet service,No internet service,No internet service
3487-EARAT,70,One year,DSL,Yes,No,Yes,Yes,Yes,Yes,No,Yes
2672-TGEFF,37,Month-to-month,Fiber optic,Yes,Yes,No,Yes,No,No,Yes,No
9231-ZJYAM,4,Month-to-month,Fiber optic,Yes,No,No,No,No,No,Yes,No
4250-WAROZ,60,Month-to-month,Fiber optic,Yes,Yes,Yes,Yes,No,No,No,Yes
8184-WMOFI,62,One year,DSL,Yes,No,Yes,No,Yes,Yes,No,Yes
6982-SSHFK,1,Month-to-month,DSL,Yes,No,No,No,No,No,No,No
6092-QZVPP,36,Month-to-month,DSL,Yes,No,Yes,No,Yes,Yes,Yes,Yes
4625-LAMOB,44,Two year,No,Yes,No,No internet service,No internet service,No internet service,No internet service,No internet service,No internet service
0727-BMPLR,55,One year,Fiber optic,Yes,Yes,No,No,Yes,No,Yes,Yes
0392-BZIUW,72,Two year,Fiber optic,Yes,Yes,Yes,No,Yes,No,Yes,Yes
1038-ZAGBI,12,One year,No,Yes,No,No internet service,No internet service,No internet service,No internet service,No internet service,No internet service
6549-NNDYT,13,Month-to-month,DSL,No,No phone service,Yes,No,No,No,No,No
3027-ZTDHO,1,Month-to-month,Fiber optic,Yes,No,No,No,No,No,Yes,Yes
0422-OHQHQ,15,One year,No,Yes,No,No internet service,No internet service,No internet service,No internet service,No internet service,No internet service
6916-HIJSE,65,Two year,DSL,Yes,No,Yes,Yes,Yes,Yes,Yes,Yes
2316-ESMLS,12,One year,DSL,No,No phone service,Yes,No,No,Yes,No,No
9778-OGKQZ,72,Two year,DSL,Yes,Yes,Yes,Yes,Yes,Yes,Yes,Yes
7408-OFWXJ,72,Two year,DSL,Yes,Yes,Yes,Yes,Yes,Yes,Yes,Yes
6007-TCTST,72,Two year,Fiber optic,Yes,Yes,Yes,Yes,Yes,Yes,Yes,Yes
2252-NKNSI,52,Two year,DSL,Yes,Yes,Yes,Yes,No,Yes,Yes,Yes
8713-IGZSO,2,Month-to-month,No,Yes,Yes,No internet service,No internet service,No internet service,No internet service,No internet service,No internet service
7905-TVXTA,5,Month-to-month,DSL,Yes,No,Yes,No,No,Yes,Yes,No
7695-PKLCZ,68,Two year,No,Yes,No,No internet service,No internet service,No internet service,No internet service,No internet service,No internet service
2382-BCKQJ,62,One year,Fiber optic,Yes,Yes,No,No,Yes,No,Yes,Yes
8374-UULRV,72,Two year,DSL,Yes,Yes,Yes,Yes,No,Yes,Yes,Yes
2207-NHRJK,1,Month-to-month,DSL,Yes,No,No,Yes,No,No,No,No
3224-DFQNQ,66,One year,Fiber optic,Yes,Yes,Yes,Yes,No,Yes,No,No
5275-PMFUT,72,Two year,DSL,No,No phone service,Yes,Yes,Yes,Yes,Yes,Yes
4795-UXVCJ,26,One year,No,Yes,No,No internet service,No internet service,No internet service,No internet service,No internet service,No internet service
9777-IQHWP,64,Two year,Fiber optic,Yes,Yes,Yes,No,Yes,No,No,Yes
0947-MUGVO,20,Month-to-month,Fiber optic,Yes,No,No,Yes,No,No,No,No
9944-HKVVB,3,Month-to-month,Fiber optic,Yes,No,No,Yes,No,No,Yes,Yes
4124-MMETB,22,Month-to-month,Fiber optic,Yes,Yes,No,No,No,No,Yes,Yes
3671-SHRSP,4,Month-to-month,Fiber optic,Yes,No,No,No,Yes,Yes,No,No
0979-MOZQI,62,Two year,DSL,No,No phone service,No,No,No,Yes,Yes,No
2732-ISEZX,5,Month-to-month,No,Yes,No,No internet service,No internet service,No internet service,No internet service,No internet service,No internet service
3313-QKNKB,59,One year,Fiber optic,Yes,Yes,No,No,No,No,No,Yes
0323-XWWTN,3,Two year,No,Yes,Yes,No internet service,No internet service,No internet service,No internet service,No internet service,No internet service
1937-OTUKY,72,Two year,Fiber optic,Yes,Yes,Yes,No,Yes,Yes,Yes,No
1573-LGXBA,57,One year,Fiber optic,Yes,No,No,Yes,Yes,No,Yes,Yes
1764-VUUMT,66,Two year,No,Yes,No,No internet service,No internet service,No internet service,No internet service,No internet service,No internet service
5073-WXOYN,60,Month-to-month,DSL,No,No phone service,No,Yes,No,No,Yes,Yes
4713-ZBURT,45,Two year,Fiber optic,Yes,Yes,No,No,Yes,No,Yes,Yes
3050-GBUSH,3,Month-to-month,DSL,No,No phone service,No,No,No,No,Yes,No
0207-MDKNV,15,Month-to-month,Fiber optic,Yes,No,Yes,No,Yes,Yes,Yes,Yes
7876-AEHIG,51,One year,DSL,No,No phone service,Yes,No,Yes,Yes,Yes,Yes
7945-HLKEA,60,One year,DSL,Yes,Yes,Yes,No,Yes,Yes,No,No
9342-VNIMQ,33,Month-to-month,DSL,Yes,Yes,No,Yes,No,No,No,No
9851-KIELU,10,Month-to-month,Fiber optic,Yes,No,Yes,Yes,Yes,Yes,Yes,Yes
3523-BRGUW,26,One year,No,Yes,No,No internet service,No internet service,No internet service,No internet service,No internet service,No internet service
3908-BLSYF,6,Month-to-month,Fiber optic,Yes,No,No,No,Yes,No,No,Yes
3199-NPKCN,67,One year,Fiber optic,Yes,Yes,Yes,No,Yes,Yes,Yes,Yes
5170-PTRKA,49,One year,DSL,No,No phone service,Yes,No,No,Yes,No,No
4661-NJEUX,1,Month-to-month,No,Yes,No,No internet service,No internet service,No internet service,No internet service,No internet service,No internet service
2123-AGEEN,7,Month-to-month,Fiber optic,Yes,No,No,No,Yes,No,Yes,No
1258-YMZNM,27,One year,Fiber optic,Yes,Yes,Yes,Yes,Yes,No,Yes,Yes
0048-LUMLS,37,One year,Fiber optic,Yes,No,No,No,No,No,Yes,Yes
7549-MYGPK,63,Month-to-month,Fiber optic,Yes,Yes,Yes,Yes,Yes,No,Yes,No
5898-IGSLP,31,Month-to-month,Fiber optic,Yes,Yes,Yes,No,Yes,Yes,No,No
3804-RVTGV,50,Month-to-month,Fiber optic,Yes,Yes,No,Yes,Yes,No,Yes,Yes
6259-WJQLC,32,Month-to-month,Fiber optic,Yes,Yes,No,No,Yes,No,No,No
9227-LUNBG,1,Month-to-month,DSL,No,No phone service,No,No,No,No,No,No
7997-EASSD,63,One year,Fiber optic,Yes,Yes,No,No,No,Yes,No,No
0730-KOAVE,30,Month-to-month,Fiber optic,Yes,Yes,Yes,Yes,No,No,No,Yes
8975-SKGRX,71,Two year,Fiber optic,Yes,Yes,Yes,Yes,Yes,Yes,Yes,Yes
0678-RLHVP,53,Two year,Fiber optic,Yes,Yes,No,Yes,Yes,No,Yes,Yes
4315-MURBD,12,Month-to-month,Fiber optic,Yes,No,Yes,No,No,Yes,Yes,Yes
2267-FPIMA,50,Month-to-month,Fiber optic,Yes,Yes,Yes,Yes,No,No,No,Yes
1051-GEJLJ,2,Month-to-month,No,Yes,No,No internet service,No internet service,No internet service,No internet service,No internet service,No internet service
9734-YWGEX,9,Month-to-month,Fiber optic,Yes,Yes,No,No,Yes,No,Yes,Yes
2719-BDAQO,17,Month-to-month,Fiber optic,Yes,No,Yes,No,No,No,Yes,Yes
5285-MVEHD,56,One year,Fiber optic,Yes,No,Yes,Yes,Yes,No,Yes,Yes
0379-DJQHR,67,Two year,DSL,Yes,No,Yes,Yes,Yes,No,Yes,Yes
0781-LKXBR,9,Month-to-month,Fiber optic,Yes,Yes,No,No,Yes,No,Yes,Yes
5543-QDCRY,4,Month-to-month,DSL,Yes,No,No,No,No,No,Yes,No
0297-RBCSG,19,One year,DSL,Yes,No,No,Yes,No,Yes,No,Yes
4694-PHWFW,8,Month-to-month,No,Yes,No,No internet service,No internet service,No internet service,No internet service,No internet service,No internet service
0835-JKADZ,71,Two year,Fiber optic,Yes,Yes,No,Yes,Yes,Yes,Yes,Yes
1907-UBQFC,10,Month-to-month,Fiber optic,Yes,No,No,Yes,No,No,No,No
7508-SMHXL,15,Month-to-month,Fiber optic,Yes,Yes,No,Yes,No,No,Yes,No
3865-YIOTT,72,One year,Fiber optic,Yes,Yes,Yes,No,Yes,No,Yes,Yes
5993-BQHEA,12,One year,No,Yes,No,No internet service,No internet service,No internet service,No internet service,No internet service,No internet service
6024-RUGGH,72,Two year,No,Yes,Yes,No internet service,No internet service,No internet service,No internet service,No internet service,No internet service
6513-EECDB,1,Month-to-month,Fiber optic,Yes,Yes,No,No,No,No,No,No
3956-CJUST,23,Month-to-month,Fiber optic,Yes,No,Yes,No,No,No,No,No
4079-WWQQQ,72,Two year,DSL,No,No phone service,Yes,Yes,Yes,Yes,Yes,Yes
6103-BOCOU,26,Month-to-month,Fiber optic,Yes,Yes,No,No,Yes,No,No,No
5149-TGWDZ,21,One year,Fiber optic,Yes,No,No,Yes,Yes,Yes,Yes,Yes
7471-WNSUF,60,One year,No,Yes,Yes,No internet service,No internet service,No internet service,No internet service,No internet service,No internet service
8942-DBMHZ,12,Month-to-month,No,Yes,No,No internet service,No internet service,No internet service,No internet service,No internet service,No internet service
4301-VVZKA,16,Month-to-month,Fiber optic,Yes,Yes,No,No,No,No,No,No
9199-PWQVC,63,One year,DSL,Yes,Yes,Yes,Yes,No,No,Yes,Yes
4824-GUCBY,22,Month-to-month,Fiber optic,Yes,No,Yes,Yes,No,No,No,No
5393-HJZSM,32,Month-to-month,DSL,Yes,No,Yes,Yes,Yes,Yes,No,Yes
7074-IEVOJ,3,Month-to-month,Fiber optic,Yes,Yes,No,Yes,No,No,No,No
9625-QSTYE,13,Month-to-month,Fiber optic,Yes,No,No,Yes,Yes,No,No,No
0862-PRCBS,68,Two year,Fiber optic,Yes,Yes,No,Yes,No,Yes,Yes,Yes
8812-ZRHFP,30,One year,Fiber optic,Yes,No,No,No,Yes,No,No,Yes
5146-CBVOE,16,Month-to-month,Fiber optic,Yes,No,No,Yes,No,No,No,No
0454-OKRCT,33,Two year,Fiber optic,Yes,No,No,Yes,No,Yes,No,No
5787-KXGIY,72,Two year,No,Yes,No,No internet service,No internet service,No internet service,No internet service,No internet service,No internet service
4750-ZRXIU,4,Month-to-month,Fiber optic,Yes,Yes,No,No,No,No,No,Yes
4198-VFOEA,12,One year,DSL,No,No phone service,Yes,No,No,Yes,No,No
6630-UJZMY,4,Month-to-month,Fiber optic,Yes,Yes,No,No,No,No,Yes,No
5709-LVOEQ,0,Two year,DSL,Yes,No,Yes,Yes,Yes,No,Yes,Yes
6400-BWQKW,6,Month-to-month,Fiber optic,Yes,Yes,Yes,No,No,No,No,No
2692-AQCPF,65,One year,Fiber optic,Yes,Yes,No,Yes,Yes,Yes,Yes,Yes
0347-UBKUZ,15,Month-to-month,No,Yes,No,No internet service,No internet service,No internet service,No internet service,No internet service,No internet service
0835-DUUIQ,24,One year,No,Yes,No,No internet service,No internet service,No internet service,No internet service,No internet service,No internet service
0811-GSDTP,13,Month-to-month,DSL,No,No phone service,No,Yes,No,No,No,No
7567-ECMCM,24,Month-to-month,Fiber optic,Yes,No,No,No,No,No,No,Yes
6115-ZTBFQ,72,Two year,DSL,No,No phone service,Yes,Yes,Yes,Yes,Yes,Yes
6353-BRMMA,54,Month-to-month,Fiber optic,Yes,Yes,Yes,Yes,No,No,Yes,Yes
6680-WKXRZ,3,Month-to-month,Fiber optic,Yes,Yes,No,No,No,No,No,No
6231-WFGFH,4,Month-to-month,No,Yes,No,No internet service,No internet service,No internet service,No internet service,No internet service,No internet service
9904-EHEVJ,32,Month-to-month,Fiber optic,Yes,Yes,No,No,Yes,No,Yes,No
7028-DVOIQ,35,Month-to-month,Fiber optic,Yes,Yes,No,No,Yes,No,Yes,Yes
6169-PPETC,35,Two year,No,Yes,No,No internet service,No internet service,No internet service,No internet service,No internet service,No internet service
4208-UFFGW,2,Month-to-month,DSL,Yes,No,No,No,No,No,No,No
8584-KMVXD,8,Month-to-month,Fiber optic,Yes,No,No,Yes,No,No,No,No
8467-WYNSR,22,Month-to-month,DSL,Yes,No,Yes,No,No,Yes,No,No
0851-DFJKB,15,Month-to-month,DSL,Yes,No,Yes,No,Yes,Yes,No,No
5382-SOYZL,22,Month-to-month,Fiber optic,Yes,Yes,No,No,No,No,Yes,Yes
9448-REEVD,1,Month-to-month,DSL,Yes,No,No,No,No,No,No,No
3261-CQXOL,71,Two year,No,Yes,Yes,No internet service,No internet service,No internet service,No internet service,No internet service,No internet service
8388-FYNPZ,4,Month-to-month,DSL,Yes,No,Yes,No,Yes,No,No,No
4002-BQWPQ,25,Month-to-month,DSL,Yes,Yes,Yes,Yes,Yes,Yes,No,Yes
5651-YLPRD,32,Month-to-month,Fiber optic,Yes,No,No,Yes,No,No,Yes,No
2826-DXLQO,7,Month-to-month,DSL,No,No phone service,Yes,No,No,No,No,No
4378-BZYFP,17,One year,No,Yes,No,No internet service,No internet service,No internet service,No internet service,No internet service,No internet service
9489-UTFKA,8,Month-to-month,DSL,Yes,No,Yes,No,No,No,Yes,No
4849-PYRLQ,56,Two year,DSL,Yes,Yes,Yes,No,Yes,Yes,No,Yes
9117-SHLZX,1,Month-to-month,DSL,Yes,No,No,No,No,No,No,No
9889-TMAHG,8,Month-to-month,Fiber optic,Yes,No,Yes,No,No,Yes,Yes,Yes
4541-RMRLG,7,Month-to-month,No,Yes,No,No internet service,No internet service,No internet service,No internet service,No internet service,No internet service
7764-BDPEE,3,Month-to-month,No,Yes,No,No internet service,No internet service,No internet service,No internet service,No internet service,No internet service
3429-IFLEM,71,Two year,DSL,Yes,No,Yes,Yes,Yes,Yes,Yes,No
3158-MOERK,2,Month-to-month,Fiber optic,Yes,Yes,No,No,No,No,Yes,Yes
7294-TMAOP,1,Month-to-month,Fiber optic,Yes,No,No,No,No,No,Yes,Yes
5002-GCQFH,49,Month-to-month,Fiber optic,Yes,Yes,Yes,Yes,No,No,Yes,No
0556-FJEGU,58,Two year,DSL,Yes,No,No,Yes,Yes,Yes,Yes,No
8919-FYFQZ,44,Month-to-month,DSL,No,No phone service,No,Yes,No,No,No,No
0604-THJFP,59,Two year,DSL,Yes,No,No,Yes,No,Yes,Yes,Yes
2834-JRTUA,71,Two year,Fiber optic,Yes,Yes,Yes,No,Yes,Yes,Yes,Yes
5875-YPQFJ,1,Month-to-month,Fiber optic,Yes,No,No,No,No,No,No,No
5879-SESNB,11,Month-to-month,Fiber optic,Yes,Yes,No,No,No,No,No,No
6646-QVXLR,62,One year,Fiber optic,Yes,Yes,No,Yes,Yes,No,Yes,Yes
6461-PPAXN,35,One year,DSL,Yes,No,Yes,No,No,Yes,No,No
3318-ISQFQ,20,Month-to-month,No,Yes,No,No internet service,No internet service,No internet service,No internet service,No internet service,No internet service
1106-HRLKZ,40,Two year,No,Yes,No,No internet service,No internet service,No internet service,No internet service,No internet service,No internet service
2483-XSSMZ,39,One year,DSL,Yes,No,Yes,No,No,No,No,No
8603-IJWDN,1,Month-to-month,Fiber optic,Yes,Yes,No,No,No,No,No,Yes
8165-ZJRNM,72,Two year,No,Yes,Yes,No internet service,No internet service,No internet service,No internet service,No internet service,No internet service
9369-XFEHK,33,Month-to-month,Fiber optic,Yes,Yes,No,Yes,No,No,No,No
2604-XVDAM,12,Month-to-month,DSL,Yes,No,No,No,No,No,No,No
3717-OFRTN,1,Month-to-month,No,Yes,No,No internet service,No internet service,No internet service,No internet service,No internet service,No internet service
9046-JBFWA,27,Month-to-month,No,Yes,No,No internet service,No internet service,No internet service,No internet service,No internet service,No internet service
3280-NMUVX,34,One year,No,Yes,No,No internet service,No internet service,No internet service,No internet service,No internet service,No internet service
1206-EHBDD,56,Two year,Fiber optic,Yes,No,Yes,No,Yes,No,No,No
8361-LBRDI,58,Two year,No,Yes,Yes,No internet service,No internet service,No internet service,No internet service,No internet service,No internet service
4883-KCPZJ,22,Two year,No,Yes,Yes,No internet service,No internet service,No internet service,No internet service,No internet service,No internet service
9108-EQPNQ,10,Two year,No,Yes,Yes,No internet service,No internet service,No internet service,No internet service,No internet service,No internet service
7277-KAMWT,13,Two year,No,Yes,No,No internet service,No internet service,No internet service,No internet service,No internet service,No internet service
3842-IYKUE,35,Month-to-month,Fiber optic,Yes,Yes,No,Yes,No,Yes,No,No
6641-XRPSU,34,Month-to-month,Fiber optic,Yes,No,No,No,No,No,No,No
1374-DMZUI,4,Month-to-month,Fiber optic,Yes,Yes,No,No,No,No,Yes,Yes
2545-LXYVJ,72,Two year,No,Yes,No,No internet service,No internet service,No internet service,No internet service,No internet service,No internet service
3234-VKACU,2,Month-to-month,DSL,Yes,No,No,No,No,Yes,Yes,Yes
8357-EQXFO,7,Month-to-month,Fiber optic,Yes,No,No,No,Yes,No,Yes,Yes
1989-PRJHP,27,Month-to-month,Fiber optic,Yes,Yes,No,No,No,No,No,No
8120-JDCAM,4,Month-to-month,Fiber optic,Yes,No,No,No,No,No,No,No
8917-FAEMR,37,Two year,No,Yes,No,No internet service,No internet service,No internet service,No internet service,No internet service,No internet service
7047-YXDMZ,21,Month-to-month,No,Yes,No,No internet service,No internet service,No internet service,No internet service,No internet service,No internet service
2858-EIMXH,53,One year,Fiber optic,Yes,Yes,No,No,No,No,Yes,Yes
9524-EGPJC,18,Month-to-month,Fiber optic,Yes,Yes,No,No,No,Yes,No,Yes
6993-OHLXR,2,Month-to-month,Fiber optic,Yes,No,No,No,No,No,No,No
8818-XYFCQ,32,Month-to-month,Fiber optic,Yes,Yes,Yes,No,No,No,Yes,Yes
6419-ZTTLE,23,One year,No,Yes,No,No internet service,No internet service,No internet service,No internet service,No internet service,No internet service
0929-HYQEW,3,Month-to-month,DSL,Yes,No,Yes,No,No,No,No,No
6614-YOLAC,71,Two year,DSL,No,No phone service,Yes,Yes,No,Yes,Yes,Yes
7426-RHZGU,9,Month-to-month,Fiber optic,Yes,No,No,No,No,Yes,Yes,Yes
4065-JJAVA,1,Month-to-month,DSL,Yes,No,No,Yes,No,No,No,No
4695-VADHF,18,Month-to-month,DSL,Yes,No,No,No,Yes,No,No,Yes
3863-IUBJR,12,One year,DSL,Yes,No,No,No,No,No,No,Yes
7649-SIJJF,71,Two year,DSL,Yes,Yes,Yes,Yes,Yes,Yes,No,Yes
9361-YNQWJ,64,One year,No,Yes,Yes,No internet service,No internet service,No internet service,No internet service,No internet service,No internet service
3748-FVMZZ,4,Month-to-month,DSL,No,No phone service,No,No,No,Yes,No,Yes
9391-TTOYH,23,Month-to-month,No,Yes,No,No internet service,No internet service,No internet service,No internet service,No internet service,No internet service
1452-XRSJV,39,Month-to-month,DSL,Yes,No,Yes,No,No,No,No,No
3422-WJOYD,28,One year,DSL,Yes,No,Yes,No,No,Yes,No,No
8242-SOQUO,5,Month-to-month,Fiber optic,Yes,No,No,Yes,No,No,Yes,No
7460-ITWWP,45,Month-to-month,Fiber optic,Yes,No,No,No,Yes,No,No,Yes
7147-AYBAA,37,Month-to-month,Fiber optic,Yes,No,No,No,No,No,No,No
7868-TMWMZ,60,Two year,Fiber optic,Yes,No,Yes,Yes,Yes,Yes,Yes,Yes
4822-RVYBB,8,Month-to-month,Fiber optic,Yes,Yes,No,No,Yes,No,Yes,Yes
6732-FZUGP,47,One year,Fiber optic,Yes,Yes,Yes,No,Yes,No,Yes,No
8436-BJUMM,26,Month-to-month,Fiber optic,Yes,Yes,No,No,No,No,Yes,No
4184-TJFAN,3,Month-to-month,Fiber optic,Yes,No,Yes,No,No,Yes,Yes,No
8329-GWVPJ,50,Month-to-month,Fiber optic,Yes,No,No,No,No,No,No,No
1352-VHKAJ,27,Month-to-month,DSL,Yes,Yes,No,No,No,Yes,Yes,Yes
4145-UQXUQ,8,Month-to-month,Fiber optic,Yes,No,No,No,Yes,No,Yes,Yes
2632-TACXW,62,Two year,No,Yes,Yes,No internet service,No internet service,No internet service,No internet service,No internet service,No internet service
8146-QQKZH,71,Two year,DSL,Yes,No,Yes,No,Yes,Yes,Yes,Yes
1767-CJKBA,66,Two year,No,Yes,Yes,No internet service,No internet service,No internet service,No internet service,No internet service,No internet service
6445-TNRXS,68,Two year,Fiber optic,Yes,Yes,Yes,Yes,Yes,Yes,Yes,Yes
4581-LNWUM,13,Month-to-month,DSL,No,No phone service,No,No,Yes,No,Yes,Yes
4869-EPIUS,56,One year,Fiber optic,Yes,No,No,No,No,No,No,Yes
9948-YPTDG,38,Month-to-month,Fiber optic,Yes,No,Yes,Yes,No,No,No,No
1236-WFCDV,14,Month-to-month,Fiber optic,Yes,No,No,No,No,No,Yes,Yes
1915-OAKWD,16,One year,No,Yes,No,No internet service,No internet service,No internet service,No internet service,No internet service,No internet service
7296-PIXQY,14,Month-to-month,Fiber optic,Yes,No,No,No,No,No,No,No
4883-QICIH,32,Month-to-month,Fiber optic,Yes,No,No,No,No,No,No,No
3354-OADJP,8,One year,DSL,Yes,No,Yes,No,No,Yes,No,No
3524-WQDSG,43,Month-to-month,Fiber optic,Yes,Yes,No,No,Yes,No,Yes,Yes
0810-DHDBD,52,One year,DSL,Yes,Yes,Yes,No,Yes,Yes,Yes,No
4026-SKKHW,3,Month-to-month,DSL,Yes,No,No,No,No,Yes,No,No
2829-HYVZP,29,One year,No,Yes,No,No internet service,No internet service,No internet service,No internet service,No internet service,No internet service
8329-IBCTI,1,Month-to-month,No,Yes,No,No internet service,No internet service,No internet service,No internet service,No internet service,No internet service
1271-SJBGZ,12,Month-to-month,DSL,No,No phone service,No,No,Yes,Yes,No,Yes
3845-JHAMY,16,Month-to-month,DSL,No,No phone service,No,No,No,No,No,Yes
7013-PSXHK,40,One year,DSL,Yes,Yes,No,No,Yes,Yes,Yes,Yes
5669-SRAIP,5,Month-to-month,DSL,No,No phone service,No,No,Yes,No,No,Yes
5981-ITEMU,40,Month-to-month,Fiber optic,Yes,Yes,No,No,No,No,Yes,Yes
3486-NPGST,36,One year,No,Yes,No,No internet service,No internet service,No internet service,No internet service,No internet service,No internet service
6941-PMGEP,5,Month-to-month,Fiber optic,Yes,No,No,No,No,No,No,Yes
1624-WOIWJ,10,Month-to-month,Fiber optic,Yes,No,Yes,No,No,No,Yes,No
2074-GKOWZ,2,Month-to-month,Fiber optic,Yes,No,No,No,No,No,Yes,Yes
0376-YMCJC,23,Month-to-month,Fiber optic,Yes,Yes,No,No,No,Yes,Yes,No
6100-FJZDG,26,One year,No,Yes,No,No internet service,No internet service,No internet service,No internet service,No internet service,No internet service
4829-ZLJTK,72,Two year,Fiber optic,Yes,Yes,Yes,Yes,Yes,No,Yes,Yes
1730-VFMWO,34,Month-to-month,DSL,Yes,No,No,No,No,Yes,No,No
7143-BQIBA,10,Month-to-month,DSL,Yes,No,Yes,No,No,Yes,Yes,No
3800-LYTRK,14,One year,DSL,Yes,No,Yes,No,No,Yes,No,No
0634-SZPQA,23,Month-to-month,Fiber optic,Yes,Yes,Yes,No,No,No,Yes,No
9646-NMHXE,47,Two year,No,Yes,No,No internet service,No internet service,No internet service,No internet service,No internet service,No internet service
7030-NJVDP,24,Month-to-month,Fiber optic,Yes,No,Yes,No,No,Yes,No,Yes
5536-RTPWK,49,Month-to-month,Fiber optic,Yes,Yes,No,Yes,No,No,Yes,Yes
8883-GRDWQ,20,One year,DSL,Yes,No,Yes,No,No,Yes,No,No
6166-ILMNY,2,Month-to-month,Fiber optic,Yes,No,No,No,No,No,No,No
3097-NNSPB,2,Month-to-month,DSL,Yes,No,No,Yes,No,No,No,No
7771-ZONAT,22,Two year,DSL,No,No phone service,No,No,Yes,Yes,Yes,Yes
0655-RBDUG,7,Month-to-month,Fiber optic,Yes,Yes,No,No,Yes,No,Yes,Yes
2111-DWYHN,1,Month-to-month,No,Yes,No,No internet service,No internet service,No internet service,No internet service,No internet service,No internet service
4194-WHFCB,59,Month-to-month,Fiber optic,Yes,Yes,No,Yes,No,Yes,No,Yes
4121-AGSIN,58,One year,No,Yes,Yes,No internet service,No internet service,No internet service,No internet service,No internet service,No internet service
4361-BKAXE,41,Month-to-month,Fiber optic,Yes,Yes,Yes,Yes,Yes,Yes,Yes,Yes
9845-PEEKO,59,Two year,Fiber optic,Yes,Yes,No,Yes,No,No,No,No
0455-XFASS,3,Month-to-month,Fiber optic,Yes,No,No,No,No,No,No,No
0301-KOBTQ,32,Two year,No,Yes,No,No internet service,No internet service,No internet service,No internet service,No internet service,No internet service
1751-NCDLI,46,Month-to-month,Fiber optic,Yes,Yes,No,No,Yes,No,Yes,Yes
4367-NUYAO,0,Two year,No,Yes,Yes,No internet service,No internet service,No internet service,No internet service,No internet service,No internet service
9878-TNQGW,2,Month-to-month,Fiber optic,Yes,No,No,No,No,No,No,Yes
9170-ARBTB,52,One year,No,Yes,No,No internet service,No internet service,No internet service,No internet service,No internet service,No internet service
4441-NIHPT,13,Month-to-month,Fiber optic,Yes,No,No,No,Yes,No,No,No
8999-BOHSE,11,Month-to-month,Fiber optic,Yes,No,No,No,No,No,Yes,Yes
7241-AJHFS,32,Month-to-month,Fiber optic,Yes,Yes,Yes,No,No,Yes,No,No
7029-RPUAV,17,Month-to-month,Fiber optic,Yes,Yes,No,No,Yes,No,Yes,Yes
4546-FOKWR,16,Month-to-month,Fiber optic,Yes,Yes,No,No,No,No,No,No
9036-CSKBW,51,One year,Fiber optic,Yes,Yes,Yes,Yes,Yes,No,Yes,Yes
5832-TRLPB,29,One year,DSL,Yes,No,No,No,Yes,Yes,Yes,Yes
8590-YFFQO,70,Two year,DSL,Yes,No,Yes,Yes,Yes,Yes,No,No
8659-IOOPU,71,Two year,Fiber optic,Yes,Yes,Yes,No,Yes,Yes,No,Yes
1338-CECEE,41,One year,DSL,Yes,Yes,No,Yes,Yes,No,Yes,No
7439-DKZTW,1,Month-to-month,Fiber optic,Yes,No,No,No,No,No,Yes,No
4646-QZXTF,7,Month-to-month,DSL,Yes,No,Yes,No,Yes,Yes,Yes,Yes
4607-CHPCA,25,One year,Fiber optic,Yes,No,No,No,No,No,Yes,Yes
9742-XOKTS,67,One year,Fiber optic,Yes,Yes,Yes,Yes,No,Yes,No,No
6921-OZMFH,5,Month-to-month,DSL,Yes,Yes,No,No,No,Yes,No,No
9578-FOMUK,15,Month-to-month,No,Yes,Yes,No internet service,No internet service,No internet service,No internet service,No internet service,No internet service
4712-UYOOI,20,Month-to-month,No,Yes,No,No internet service,No internet service,No internet service,No internet service,No internet service,No internet service
8824-RWFXJ,3,Month-to-month,DSL,Yes,No,No,Yes,Yes,No,No,No
7722-CVFXN,54,One year,Fiber optic,Yes,Yes,No,Yes,No,Yes,Yes,Yes
8717-VCTXJ,42,One year,No,Yes,No,No internet service,No internet service,No internet service,No internet service,No internet service,No internet service
7363-QTBIW,9,Month-to-month,Fiber optic,Yes,No,No,No,No,No,No,Yes
4159-NAAIX,63,Two year,Fiber optic,Yes,Yes,No,Yes,No,No,Yes,Yes
0971-QIFJK,69,Two year,No,Yes,Yes,No internet service,No internet service,No internet service,No internet service,No internet service,No internet service
9397-TZSHA,69,Two year,No,Yes,Yes,No internet service,No internet service,No internet service,No internet service,No internet service,No internet service
3391-JSQEW,40,Month-to-month,DSL,Yes,No,No,Yes,No,No,No,No
0343-QLUZP,60,Two year,DSL,No,No phone service,Yes,Yes,Yes,No,No,No
9763-PDTKK,4,Month-to-month,Fiber optic,Yes,No,Yes,No,Yes,Yes,No,Yes
2176-LVPNX,71,Two year,DSL,Yes,Yes,Yes,Yes,Yes,Yes,Yes,Yes
7627-JKIAZ,37,Month-to-month,Fiber optic,Yes,Yes,No,No,Yes,No,No,No
3312-UUMZW,32,Month-to-month,Fiber optic,Yes,Yes,No,Yes,No,No,Yes,Yes
1271-UODNO,39,Two year,DSL,Yes,Yes,No,No,No,Yes,No,No
8461-EFQYM,38,One year,No,Yes,Yes,No internet service,No internet service,No internet service,No internet service,No internet service,No internet service
6900-RBKER,52,Two year,Fiber optic,Yes,Yes,No,No,Yes,No,No,Yes
6891-JPYFF,48,Month-to-month,Fiber optic,Yes,Yes,Yes,Yes,No,No,Yes,Yes
1459-QNFQT,70,Two year,DSL,No,No phone service,Yes,No,Yes,Yes,Yes,Yes
1047-NNCBF,20,Month-to-month,Fiber optic,Yes,No,No,No,No,No,No,No
3696-XRIEN,50,One year,DSL,Yes,Yes,Yes,No,Yes,Yes,Yes,Yes
4081-DYXAV,19,One year,DSL,No,No phone service,No,No,No,No,Yes,Yes
0074-HDKDG,25,One year,DSL,Yes,No,Yes,Yes,Yes,No,No,No
8791-GFXLZ,12,Month-to-month,DSL,Yes,No,No,Yes,No,No,No,No
8111-SLLHI,39,Month-to-month,Fiber optic,Yes,Yes,No,Yes,Yes,No,Yes,Yes
0927-LCSMG,7,Month-to-month,Fiber optic,Yes,No,No,No,Yes,No,No,No
9330-DHBFL,23,One year,DSL,Yes,No,Yes,Yes,Yes,Yes,No,No
0098-BOWSO,27,Month-to-month,No,Yes,No,No internet service,No internet service,No internet service,No internet service,No internet service,No internet service
3452-ABWRL,47,Month-to-month,Fiber optic,Yes,Yes,No,No,No,No,Yes,No
5859-HZYLF,26,Two year,No,Yes,No,No internet service,No internet service,No internet service,No internet service,No internet service,No internet service
8257-RZAHR,14,Month-to-month,DSL,Yes,Yes,Yes,No,No,No,Yes,No
5293-WXJAK,11,Month-to-month,Fiber optic,Yes,Yes,No,No,Yes,Yes,Yes,Yes
3156-QLHBO,2,Month-to-month,No,Yes,No,No internet service,No internet service,No internet service,No internet service,No internet service,No internet service
2208-NQBCT,26,Month-to-month,Fiber optic,Yes,No,Yes,Yes,No,No,No,No
1779-PWPMG,72,Two year,Fiber optic,Yes,Yes,Yes,Yes,Yes,Yes,Yes,Yes
6621-NRZAK,63,Two year,No,Yes,No,No internet service,No internet service,No internet service,No internet service,No internet service,No internet service
0831-JNISG,71,Two year,No,Yes,No,No internet service,No internet service,No internet service,No internet service,No internet service,No internet service
0774-IFUVM,11,Month-to-month,DSL,Yes,Yes,Yes,No,No,No,Yes,No
3082-WQRVY,14,One year,No,Yes,No,No internet service,No internet service,No internet service,No internet service,No internet service,No internet service
9553-DLCLU,13,Two year,DSL,Yes,Yes,Yes,Yes,Yes,Yes,Yes,Yes
1641-BYBTK,6,Month-to-month,No,Yes,No,No internet service,No internet service,No internet service,No internet service,No internet service,No internet service
2460-NGXBJ,11,Month-to-month,Fiber optic,Yes,Yes,No,No,No,No,No,No
2446-ZKVAF,18,Month-to-month,DSL,Yes,Yes,No,Yes,No,No,No,No
0841-NULXI,1,Month-to-month,DSL,No,No phone service,No,No,No,No,No,Yes
3522-CDKHF,32,Month-to-month,Fiber optic,Yes,No,Yes,No,No,No,No,No
1430-SFQSA,29,One year,DSL,No,No phone service,Yes,No,No,Yes,No,No
0411-EZJZE,3,Month-to-month,DSL,Yes,Yes,No,No,No,No,Yes,No
7851-WZEKY,2,Month-to-month,Fiber optic,Yes,Yes,No,No,No,No,Yes,Yes
8844-TONUD,13,Month-to-month,Fiber optic,Yes,No,No,No,Yes,No,Yes,Yes
8807-ARQET,41,Month-to-month,DSL,No,No phone service,No,Yes,No,No,No,Yes
8992-CEUEN,1,Month-to-month,No,Yes,No,No internet service,No internet service,No internet service,No internet service,No internet service,No internet service
4320-QMLLA,7,Month-to-month,DSL,Yes,No,No,No,No,No,Yes,No
8777-PVYGU,52,One year,DSL,Yes,No,Yes,No,Yes,No,Yes,No
8292-ITGYJ,45,Two year,No,Yes,Yes,No internet service,No internet service,No internet service,No internet service,No internet service,No internet service
6870-ZWMNX,70,Two year,DSL,Yes,Yes,No,Yes,Yes,Yes,Yes,No
0621-CXBKL,53,Two year,No,Yes,No,No internet service,No internet service,No internet service,No internet service,No internet service,No internet service
5268-DSMNQ,62,One year,Fiber optic,Yes,Yes,No,Yes,Yes,No,Yes,No
5334-JLAXU,60,Month-to-month,Fiber optic,Yes,Yes,Yes,Yes,No,No,No,Yes
4086-YQSNZ,3,Month-to-month,Fiber optic,Yes,No,No,No,No,No,Yes,No
6242-MBHPK,23,Month-to-month,Fiber optic,Yes,No,Yes,No,No,No,Yes,Yes
5868-CZJDR,1,Month-to-month,DSL,No,No phone service,No,Yes,No,No,No,No
9359-UGBTK,67,One year,DSL,Yes,No,Yes,No,Yes,Yes,No,Yes
0135-NMXAP,12,Month-to-month,Fiber optic,Yes,Yes,No,Yes,No,No,Yes,No
4782-OSFXZ,71,Two year,DSL,Yes,Yes,Yes,Yes,Yes,Yes,No,Yes
6479-OAUSD,25,One year,No,Yes,No,No internet service,No internet service,No internet service,No internet service,No internet service,No internet service
7129-ACFOG,5,Month-to-month,DSL,Yes,Yes,Yes,No,No,No,No,No
4189-NAKJS,26,One year,DSL,Yes,Yes,No,No,No,No,No,No
5562-BETPV,1,One year,No,Yes,No,No internet service,No internet service,No internet service,No internet service,No internet service,No internet service
1282-IHQAC,70,One year,DSL,No,No phone service,No,Yes,Yes,No,Yes,No
9127-FHJBZ,72,Two year,Fiber optic,Yes,Yes,Yes,Yes,Yes,Yes,Yes,Yes
6270-OMFIW,60,One year,Fiber optic,Yes,No,No,Yes,No,No,Yes,Yes
1641-RQDAY,32,Month-to-month,Fiber optic,Yes,Yes,No,Yes,No,No,Yes,Yes
0107-WESLM,1,Month-to-month,No,Yes,No,No internet service,No internet service,No internet service,No internet service,No internet service,No internet service
6994-ORCWG,14,One year,DSL,Yes,Yes,No,Yes,No,No,No,No
1346-UFHAX,13,Month-to-month,Fiber optic,Yes,Yes,Yes,No,No,No,No,No
3992-YWPKO,6,Month-to-month,Fiber optic,Yes,Yes,No,Yes,Yes,Yes,Yes,Yes
2933-XEUJM,46,Two year,DSL,Yes,Yes,Yes,No,Yes,No,Yes,Yes
0125-LZQXK,15,Month-to-month,Fiber optic,Yes,No,No,No,Yes,Yes,Yes,Yes
5461-QKNTN,43,Month-to-month,Fiber optic,Yes,Yes,No,Yes,No,Yes,Yes,No
4835-YSJMR,39,Two year,DSL,Yes,No,No,No,No,Yes,No,No
8399-YNDCH,21,Month-to-month,DSL,Yes,No,No,No,Yes,No,Yes,No
3164-YAXFY,57,Month-to-month,DSL,No,No phone service,Yes,No,Yes,No,Yes,Yes
0887-WBJVH,53,One year,Fiber optic,Yes,No,No,No,No,Yes,Yes,Yes
4660-IRIBM,18,Month-to-month,Fiber optic,Yes,No,Yes,No,Yes,No,Yes,No
5673-FSSMF,1,Month-to-month,DSL,Yes,Yes,No,No,No,No,No,Yes
7670-ZBPOQ,58,One year,DSL,Yes,Yes,Yes,No,No,Yes,No,No
8089-UZWLX,71,Two year,Fiber optic,Yes,Yes,No,No,Yes,No,Yes,Yes
0080-OROZO,35,One year,Fiber optic,Yes,No,No,No,Yes,Yes,Yes,Yes
3916-NRPAP,3,Month-to-month,Fiber optic,Yes,No,No,No,Yes,No,No,Yes
6807-SIWJI,38,One year,Fiber optic,Yes,Yes,Yes,Yes,No,No,Yes,Yes
8221-HVAYI,35,Two year,DSL,Yes,Yes,Yes,Yes,Yes,Yes,No,No
1579-KLYDT,7,Month-to-month,Fiber optic,Yes,Yes,No,No,Yes,No,Yes,No
5232-NXPAY,47,Two year,DSL,Yes,No,No,No,Yes,Yes,Yes,Yes
8967-SZQAS,14,Month-to-month,DSL,Yes,No,No,Yes,No,No,No,No
4468-KAZHE,20,Month-to-month,DSL,Yes,No,No,Yes,No,No,No,Yes
0455-ENTCR,66,Two year,DSL,Yes,Yes,Yes,Yes,No,Yes,Yes,Yes
8944-AILEF,15,Month-to-month,No,Yes,No,No internet service,No internet service,No internet service,No internet service,No internet service,No internet service
5542-NKVRU,42,Two year,No,Yes,No,No internet service,No internet service,No internet service,No internet service,No internet service,No internet service
7126-RBHSD,17,Month-to-month,Fiber optic,Yes,Yes,Yes,No,No,No,No,No
5370-IIVVL,37,One year,Fiber optic,Yes,Yes,No,Yes,No,Yes,Yes,Yes
6789-HJBWG,12,Month-to-month,DSL,Yes,No,No,Yes,No,No,No,No
3927-NLNRY,53,One year,Fiber optic,Yes,No,No,Yes,No,No,Yes,Yes
9087-EYCPR,60,Two year,No,Yes,Yes,No internet service,No internet service,No internet service,No internet service,No internet service,No internet service
6791-YBNAK,18,Month-to-month,DSL,No,No phone service,No,No,No,No,No,No
6358-LYNGM,1,Month-to-month,Fiber optic,Yes,Yes,No,No,No,No,No,No
6077-BDPXA,3,Month-to-month,Fiber optic,Yes,No,No,No,No,No,No,No
0013-MHZWF,9,Month-to-month,DSL,Yes,No,No,No,No,Yes,Yes,Yes
5494-HECPR,1,Month-to-month,Fiber optic,Yes,No,No,No,No,No,Yes,No
8268-YDIXR,56,One year,Fiber optic,Yes,Yes,Yes,Yes,Yes,No,No,No
9824-BEMCV,17,Month-to-month,Fiber optic,Yes,No,No,No,No,No,No,No
1373-ORVIZ,11,Month-to-month,DSL,Yes,Yes,No,No,No,Yes,No,Yes
4291-SHSBH,7,Month-to-month,Fiber optic,Yes,No,No,No,No,No,No,No
6980-IMXXE,69,Two year,No,Yes,No,No internet service,No internet service,No internet service,No internet service,No internet service,No internet service
9866-QEVEE,19,Month-to-month,Fiber optic,Yes,Yes,No,No,No,No,No,Yes
9897-KXHCM,3,Month-to-month,Fiber optic,Yes,No,No,No,No,No,No,Yes
0040-HALCW,54,Two year,No,Yes,No,No internet service,No internet service,No internet service,No internet service,No internet service,No internet service
0784-GTUUK,62,One year,No,Yes,Yes,No internet service,No internet service,No internet service,No internet service,No internet service,No internet service
7979-CORPM,24,Month-to-month,Fiber optic,Yes,Yes,No,Yes,No,No,Yes,No
2294-DMMUS,62,Month-to-month,DSL,Yes,Yes,No,No,No,No,Yes,Yes
0872-JCPIB,17,Month-to-month,DSL,Yes,Yes,Yes,No,No,No,No,Yes
3055-MJDSB,9,Month-to-month,DSL,No,No phone service,No,No,No,No,No,No
9091-WTUUY,64,Two year,DSL,Yes,No,Yes,No,Yes,Yes,Yes,No
1618-CFHME,2,Month-to-month,Fiber optic,Yes,Yes,No,No,No,No,No,No
3165-HDOEW,1,Month-to-month,DSL,Yes,No,No,No,No,No,No,No
6581-NQCBA,16,Month-to-month,DSL,No,No phone service,No,No,No,Yes,Yes,Yes
7115-IRDHS,72,Two year,No,Yes,Yes,No internet service,No internet service,No internet service,No internet service,No internet service,No internet service
8496-DMZUK,30,One year,Fiber optic,Yes,Yes,Yes,Yes,Yes,No,No,No
2040-VZIKE,49,Month-to-month,Fiber optic,Yes,Yes,Yes,No,No,No,Yes,Yes
9068-VPWQQ,61,Two year,DSL,Yes,Yes,Yes,No,Yes,Yes,No,Yes
0178-SZBHO,47,Month-to-month,Fiber optic,Yes,Yes,No,Yes,No,No,Yes,No
0384-RVBPI,20,Month-to-month,DSL,Yes,No,Yes,No,Yes,No,No,Yes
1689-MRZQR,34,Month-to-month,Fiber optic,Yes,No,No,No,No,No,Yes,No
1299-AURJA,70,Two year,No,Yes,Yes,No internet service,No internet service,No internet service,No internet service,No internet service,No internet service
4525-VZCZG,54,One year,Fiber optic,Yes,No,Yes,Yes,No,Yes,Yes,Yes
1543-LLLFT,61,One year,Fiber optic,Yes,Yes,No,Yes,Yes,Yes,Yes,No
5835-BEQEU,3,Month-to-month,Fiber optic,Yes,Yes,No,No,No,No,No,No
2788-CJQAQ,13,One year,No,Yes,No,No internet service,No internet service,No internet service,No internet service,No internet service,No internet service
5565-FILXA,16,Month-to-month,Fiber optic,Yes,Yes,No,No,No,No,Yes,Yes
0319-QZTCO,3,Month-to-month,DSL,Yes,No,No,Yes,No,No,Yes,No
2120-SMPEX,25,Month-to-month,No,Yes,No,No internet service,No internet service,No internet service,No internet service,No internet service,No internet service
0096-FCPUF,30,Month-to-month,DSL,Yes,Yes,Yes,No,No,No,No,Yes
0668-OGMHD,21,Month-to-month,DSL,No,No phone service,Yes,No,No,No,No,No
5552-ZNFSJ,1,Month-to-month,DSL,Yes,No,No,No,No,No,No,No
2223-KAGMX,15,Month-to-month,No,Yes,No,No internet service,No internet service,No internet service,No internet service,No internet service,No internet service
6507-ZJSUR,23,Month-to-month,Fiber optic,Yes,No,No,No,No,No,Yes,Yes
9408-HRXRK,45,Month-to-month,Fiber optic,Yes,Yes,Yes,Yes,No,No,Yes,Yes
5593-SUAOO,24,One year,Fiber optic,Yes,Yes,No,Yes,Yes,No,No,No
7321-PKUYW,11,Month-to-month,Fiber optic,Yes,Yes,No,No,No,Yes,Yes,No
2833-SLKDQ,1,Month-to-month,DSL,Yes,No,No,No,No,No,No,No
6766-HFKLA,56,Two year,Fiber optic,Yes,Yes,No,No,Yes,Yes,Yes,Yes
7595-EUIVN,1,Month-to-month,Fiber optic,Yes,No,No,Yes,No,No,No,No
7617-EYGLW,1,Month-to-month,No,Yes,No,No internet service,No internet service,No internet service,No internet service,No internet service,No internet service
2026-TGDHM,7,Month-to-month,Fiber optic,Yes,No,No,No,No,No,No,Yes
9220-ZNKJI,55,Two year,Fiber optic,Yes,No,No,No,Yes,Yes,Yes,No
4030-VPZBD,2,Month-to-month,DSL,No,No phone service,No,No,No,Yes,No,No
2226-ICFDO,72,Two year,DSL,Yes,Yes,Yes,No,Yes,Yes,Yes,Yes
0723-VSOBE,45,One year,DSL,No,No phone service,No,No,No,No,No,Yes
5529-GIBVH,47,Two year,No,Yes,No,No internet service,No internet service,No internet service,No internet service,No internet service,No internet service
4187-CINZD,46,One year,Fiber optic,Yes,No,No,Yes,No,No,Yes,Yes
9992-UJOEL,2,Month-to-month,DSL,Yes,No,No,Yes,No,No,No,No
4741-WWJQZ,2,Month-to-month,Fiber optic,Yes,No,Yes,No,No,Yes,No,No
6625-UTXEW,12,Month-to-month,DSL,Yes,No,No,Yes,No,No,No,No
6818-WOBHJ,68,Month-to-month,Fiber optic,Yes,Yes,No,Yes,No,No,No,Yes
6244-BESBM,69,Two year,Fiber optic,Yes,No,No,No,No,Yes,Yes,Yes
1004-NOZNR,56,One year,Fiber optic,Yes,No,Yes,No,No,No,Yes,Yes
1251-STYSZ,4,Month-to-month,Fiber optic,Yes,Yes,Yes,No,No,No,No,No
2612-PHGOX,64,Two year,DSL,Yes,Yes,No,Yes,Yes,Yes,Yes,No
2408-TZMJL,59,One year,Fiber optic,Yes,Yes,Yes,Yes,Yes,No,Yes,Yes
8480-PPONV,62,Two year,Fiber optic,Yes,Yes,Yes,Yes,Yes,Yes,Yes,Yes
8780-IHCRN,63,Two year,No,Yes,Yes,No internet service,No internet service,No internet service,No internet service,No internet service,No internet service
4598-ZADCK,53,One year,DSL,No,No phone service,Yes,Yes,Yes,Yes,Yes,No
1257-SXUXQ,5,Month-to-month,No,Yes,No,No internet service,No internet service,No internet service,No internet service,No internet service,No internet service
9681-KYGYB,49,Month-to-month,Fiber optic,Yes,Yes,Yes,Yes,Yes,No,No,No
7182-OVLBJ,62,Two year,Fiber optic,Yes,Yes,Yes,No,No,No,Yes,Yes
5095-ETBRJ,55,Two year,DSL,Yes,No,Yes,Yes,No,Yes,No,No
7005-CYUIL,71,Two year,Fiber optic,Yes,No,Yes,Yes,Yes,Yes,Yes,No
4821-WQOYN,72,Two year,No,Yes,No,No internet service,No internet service,No internet service,No internet service,No internet service,No internet service
4730-AWNAU,36,One year,DSL,No,No phone service,Yes,No,Yes,Yes,Yes,Yes
3452-FLHYD,25,One year,No,Yes,No,No internet service,No internet service,No internet service,No internet service,No internet service,No internet service
2388-LAESQ,72,Two year,Fiber optic,Yes,Yes,Yes,Yes,Yes,Yes,Yes,Yes
9531-NSBMR,36,One year,No,Yes,No,No internet service,No internet service,No internet service,No internet service,No internet service,No internet service
6260-ONULR,1,Month-to-month,DSL,Yes,No,No,No,No,No,Yes,Yes
4389-UEFCZ,72,Two year,Fiber optic,Yes,Yes,Yes,No,Yes,No,Yes,Yes
8711-LOBKY,59,Two year,No,Yes,No,No internet service,No internet service,No internet service,No internet service,No internet service,No internet service
9134-CEQMF,7,Month-to-month,Fiber optic,Yes,No,No,No,No,No,Yes,Yes
8985-OOPOS,1,One year,DSL,Yes,No,No,No,Yes,Yes,Yes,Yes
8800-ZKRFW,30,Month-to-month,Fiber optic,Yes,Yes,No,Yes,Yes,Yes,Yes,Yes
2616-FLVQC,64,Two year,No,Yes,No,No internet service,No internet service,No internet service,No internet service,No internet service,No internet service
9968-FFVVH,63,One year,DSL,Yes,Yes,Yes,Yes,Yes,Yes,No,No
3108-PCCGG,72,Two year,DSL,Yes,Yes,Yes,Yes,Yes,No,Yes,Yes
7993-PYKOF,8,Month-to-month,Fiber optic,Yes,No,Yes,No,No,No,No,No
8390-FESFV,62,Two year,DSL,Yes,Yes,No,Yes,Yes,Yes,Yes,Yes
3022-BEXHZ,67,Two year,Fiber optic,Yes,Yes,No,Yes,Yes,Yes,Yes,Yes
5027-XWQHA,6,Month-to-month,DSL,Yes,No,No,No,No,No,No,No
6248-TKCQV,70,Two year,DSL,Yes,Yes,Yes,No,No,Yes,Yes,Yes
6729-GDNGC,20,Month-to-month,Fiber optic,Yes,No,No,No,No,No,Yes,No
6198-ZFIOJ,5,Month-to-month,Fiber optic,Yes,Yes,No,No,No,No,No,No
5989-OMNJE,24,One year,DSL,No,No phone service,Yes,Yes,Yes,No,Yes,Yes
4566-QVRRW,11,Month-to-month,DSL,Yes,No,No,No,No,No,No,No
1291-CUOCY,72,Two year,Fiber optic,Yes,Yes,No,Yes,Yes,Yes,Yes,Yes
9795-SHUHB,66,Two year,DSL,Yes,No,Yes,Yes,No,Yes,No,No
3230-IUALN,45,Two year,DSL,Yes,No,Yes,No,Yes,Yes,Yes,Yes
0042-RLHYP,69,Two year,No,Yes,No,No internet service,No internet service,No internet service,No internet service,No internet service,No internet service
8519-IMDHU,15,Month-to-month,Fiber optic,Yes,Yes,No,No,No,No,No,Yes
4945-RVMTE,28,Month-to-month,DSL,Yes,No,No,No,Yes,No,Yes,No
0201-OAMXR,70,One year,Fiber optic,Yes,Yes,Yes,Yes,Yes,Yes,Yes,Yes
1866-NXPSP,36,One year,DSL,Yes,No,Yes,Yes,Yes,Yes,No,Yes
3372-KWFBM,16,Month-to-month,Fiber optic,Yes,Yes,No,No,No,No,Yes,No
7831-QGOXH,18,Month-to-month,Fiber optic,Yes,Yes,No,No,No,No,Yes,No
6393-WRYZE,34,Month-to-month,Fiber optic,Yes,Yes,No,No,No,No,Yes,Yes
3941-XTSKM,42,One year,DSL,No,No phone service,No,Yes,Yes,No,No,Yes
1661-CZBAU,48,One year,DSL,Yes,Yes,Yes,No,No,Yes,No,Yes
6599-RCLCJ,47,Month-to-month,Fiber optic,Yes,Yes,No,Yes,Yes,Yes,Yes,Yes
9831-BPFRI,39,One year,Fiber optic,Yes,Yes,No,Yes,Yes,Yes,No,No
5158-RIVOP,11,Two year,No,Yes,No,No internet service,No internet service,No internet service,No internet service,No internet service,No internet service
9788-YTFGE,7,Month-to-month,No,Yes,No,No internet service,No internet service,No internet service,No internet service,No internet service,No internet service
9277-JOOMO,3,Month-to-month,No,Yes,Yes,No internet service,No internet service,No internet service,No internet service,No internet service,No internet service
1907-YLNYW,8,Month-to-month,DSL,Yes,No,Yes,No,Yes,No,No,Yes
1725-MIMXW,1,Month-to-month,No,Yes,No,No internet service,No internet service,No internet service,No internet service,No internet service,No internet service
8947-YRTDV,32,One year,Fiber optic,Yes,No,Yes,Yes,Yes,No,No,Yes
3161-ONRWK,60,One year,DSL,Yes,No,Yes,Yes,Yes,Yes,No,No
0114-RSRRW,10,Month-to-month,No,Yes,No,No internet service,No internet service,No internet service,No internet service,No internet service,No internet service
4565-NLZBV,71,Two year,No,Yes,Yes,No internet service,No internet service,No internet service,No internet service,No internet service,No internet service
0031-PVLZI,4,Month-to-month,No,Yes,No,No internet service,No internet service,No internet service,No internet service,No internet service,No internet service
7206-GZCDC,1,Month-to-month,Fiber optic,Yes,No,No,No,No,No,No,No
6682-VCIXC,43,One year,DSL,No,No phone service,Yes,Yes,No,Yes,Yes,No
4791-QRGMF,59,One year,Fiber optic,Yes,Yes,No,No,Yes,No,Yes,Yes
6475-VHUIZ,23,Month-to-month,DSL,Yes,No,No,No,Yes,Yes,No,No
3910-MRQOY,72,Two year,No,Yes,No,No internet service,No internet service,No internet service,No internet service,No internet service,No internet service
0661-WCQNQ,22,One year,DSL,Yes,No,Yes,No,No,Yes,No,No
7537-RBWEA,1,Month-to-month,DSL,No,No phone service,No,No,No,No,No,No
4656-CAURT,69,Two year,No,Yes,Yes,No internet service,No internet service,No internet service,No internet service,No internet service,No internet service
0121-SNYRK,50,One year,DSL,No,No phone service,Yes,No,No,Yes,No,No
1768-ZAIFU,1,Month-to-month,DSL,No,No phone service,No,No,No,No,No,No
4671-LXRDQ,2,Month-to-month,DSL,Yes,No,No,No,No,No,No,No
3733-LSYCE,15,Month-to-month,Fiber optic,Yes,No,No,Yes,No,No,No,No
6265-FRMTQ,31,Two year,No,Yes,No,No internet service,No internet service,No internet service,No internet service,No internet service,No internet service
1934-SJVJK,1,Month-to-month,No,Yes,No,No internet service,No internet service,No internet service,No internet service,No internet service,No internet service
3838-OZURD,66,Month-to-month,Fiber optic,Yes,Yes,No,Yes,Yes,No,Yes,Yes
1371-DWPAZ,0,Two year,DSL,No,No phone service,Yes,Yes,Yes,Yes,Yes,No
9269-CQOOL,3,Month-to-month,DSL,Yes,No,No,No,No,No,Yes,No
2017-CCBLH,8,Two year,No,Yes,No,No internet service,No internet service,No internet service,No internet service,No internet service,No internet service
7690-KPNCU,64,One year,DSL,Yes,No,Yes,No,Yes,No,Yes,Yes
0536-BGFMZ,28,Month-to-month,No,Yes,No,No internet service,No internet service,No internet service,No internet service,No internet service,No internet service
2293-IJWPS,57,One year,Fiber optic,Yes,Yes,No,No,Yes,No,Yes,Yes
2845-HSJCY,14,Month-to-month,Fiber optic,Yes,Yes,No,No,Yes,No,No,Yes
5469-NUJUR,19,Two year,No,Yes,No,No internet service,No internet service,No internet service,No internet service,No internet service,No internet service
1184-PJVDB,10,Month-to-month,Fiber optic,Yes,No,No,No,No,No,Yes,No
2625-TRCZQ,51,Month-to-month,DSL,No,No phone service,No,Yes,No,No,Yes,Yes
4102-HLENU,67,Two year,DSL,Yes,Yes,Yes,Yes,Yes,No,No,No
7266-GSSJX,11,Month-to-month,No,Yes,No,No internet service,No internet service,No internet service,No internet service,No internet service,No internet service
7722-VJRQD,72,Two year,DSL,No,No phone service,Yes,No,Yes,Yes,Yes,Yes
7073-QETQY,66,One year,No,Yes,No,No internet service,No internet service,No internet service,No internet service,No internet service,No internet service
9415-DPEWS,18,Month-to-month,Fiber optic,Yes,Yes,No,No,No,Yes,Yes,No
5624-RYAMH,9,Month-to-month,No,Yes,No,No internet service,No internet service,No internet service,No internet service,No internet service,No internet service
0196-JTUQI,9,Month-to-month,Fiber optic,Yes,Yes,No,No,No,No,No,No
7130-YXBRO,48,Month-to-month,Fiber optic,Yes,Yes,Yes,Yes,Yes,No,Yes,Yes
9272-LSVYH,10,Month-to-month,Fiber optic,Yes,No,No,No,No,No,No,No
7943-RQCHR,9,Month-to-month,Fiber optic,Yes,Yes,No,No,No,No,Yes,Yes
3793-MMFUH,13,Month-to-month,Fiber optic,Yes,Yes,No,No,No,No,Yes,Yes
3249-ZPQRG,4,Month-to-month,Fiber optic,Yes,Yes,No,Yes,No,No,No,No
2568-BRGYX,4,Month-to-month,Fiber optic,Yes,No,No,No,No,No,No,No
3084-DOWLE,72,Two year,DSL,Yes,Yes,Yes,Yes,Yes,Yes,Yes,Yes
1084-MNSMJ,51,Two year,DSL,Yes,No,Yes,Yes,Yes,Yes,Yes,Yes
7721-JXEAW,59,Month-to-month,DSL,No,No phone service,No,Yes,No,No,No,Yes
7249-WBIYX,10,Month-to-month,Fiber optic,Yes,Yes,No,No,No,No,Yes,No
4238-HFHSN,61,Month-to-month,Fiber optic,Yes,Yes,No,Yes,No,No,No,No
6250-CGGUN,54,One year,Fiber optic,Yes,No,Yes,No,Yes,Yes,No,No
5478-JJVZK,33,Month-to-month,DSL,Yes,Yes,Yes,Yes,No,No,No,No
7596-IIWYC,27,Two year,No,Yes,No,No internet service,No internet service,No internet service,No internet service,No internet service,No internet service
6567-HOOPW,1,Month-to-month,Fiber optic,Yes,No,No,No,No,No,Yes,No
9793-WECQC,23,Month-to-month,Fiber optic,Yes,No,No,Yes,No,No,Yes,Yes
4291-HPAXL,1,Month-to-month,No,Yes,No,No internet service,No internet service,No internet service,No internet service,No internet service,No internet service
8999-YPYBV,45,Two year,DSL,Yes,No,Yes,Yes,Yes,Yes,Yes,Yes
1839-FBNFR,39,Two year,No,Yes,No,No internet service,No internet service,No internet service,No internet service,No internet service,No internet service
3164-AALRN,5,One year,DSL,Yes,No,No,No,Yes,No,Yes,Yes
3071-MVJCD,72,Two year,DSL,Yes,Yes,Yes,Yes,Yes,Yes,Yes,No
1697-BCSHV,58,Month-to-month,DSL,Yes,Yes,No,Yes,No,No,Yes,No
0562-KBDVM,70,Two year,DSL,No,No phone service,Yes,Yes,Yes,Yes,No,No
1131-SUEKT,61,One year,Fiber optic,Yes,No,No,Yes,No,Yes,Yes,Yes
3717-OEAUQ,2,Month-to-month,Fiber optic,Yes,No,No,No,No,No,No,No
4538-WNTMJ,46,One year,No,Yes,Yes,No internet service,No internet service,No internet service,No internet service,No internet service,No internet service
3334-CTHOL,1,Month-to-month,DSL,Yes,Yes,No,No,No,No,No,No
4704-ERYFC,22,Month-to-month,Fiber optic,Yes,No,No,No,No,No,No,No
9432-RUVSL,48,Two year,Fiber optic,Yes,No,Yes,No,Yes,Yes,Yes,Yes
8060-HIWJJ,64,Two year,DSL,Yes,Yes,No,Yes,Yes,Yes,Yes,Yes
7684-XSZIY,72,Two year,No,Yes,Yes,No internet service,No internet service,No internet service,No internet service,No internet service,No internet service
9089-UOWJG,12,Month-to-month,DSL,Yes,No,No,No,Yes,No,Yes,No
8621-MNIHH,34,Month-to-month,Fiber optic,Yes,Yes,No,Yes,Yes,No,No,Yes
8039-ACLPL,72,Two year,DSL,Yes,No,Yes,Yes,Yes,No,No,Yes
9885-AIBVB,29,Month-to-month,Fiber optic,Yes,Yes,No,Yes,Yes,No,No,No
1934-MKPXS,33,One year,No,Yes,No,No internet service,No internet service,No internet service,No internet service,No internet service,No internet service
2592-YKDIF,1,Month-to-month,No,Yes,No,No internet service,No internet service,No internet service,No internet service,No internet service,No internet service
2272-JKMSI,62,One year,Fiber optic,Yes,Yes,No,Yes,Yes,Yes,Yes,Yes
0471-LVHGK,41,One year,DSL,Yes,Yes,No,No,Yes,No,Yes,Yes
9518-RWHZL,64,One year,Fiber optic,Yes,Yes,No,No,Yes,No,Yes,Yes
8714-CTZJW,4,Month-to-month,Fiber optic,Yes,No,No,No,Yes,No,No,Yes
3569-EDBPQ,24,Month-to-month,Fiber optic,Yes,Yes,Yes,No,No,Yes,No,No
3131-NWVFJ,14,One year,No,Yes,No,No internet service,No internet service,No internet service,No internet service,No internet service,No internet service
7521-YXVZY,3,Month-to-month,No,Yes,No,No internet service,No internet service,No internet service,No internet service,No internet service,No internet service
5419-CONWX,4,Month-to-month,Fiber optic,Yes,No,No,Yes,Yes,No,Yes,Yes
6240-EURKS,18,Month-to-month,DSL,No,No phone service,No,No,No,No,No,Yes
2373-NTKOD,8,Month-to-month,DSL,Yes,No,No,No,No,No,Yes,Yes
1970-KKFWL,35,Two year,No,Yes,Yes,No internet service,No internet service,No internet service,No internet service,No internet service,No internet service
6960-HVYXR,1,Month-to-month,Fiber optic,Yes,Yes,No,No,No,No,No,No
9337-SRRNI,66,Two year,No,Yes,Yes,No internet service,No internet service,No internet service,No internet service,No internet service,No internet service
0895-UADGO,8,Two year,DSL,No,No phone service,Yes,No,No,Yes,No,Yes
5678-VFNEQ,71,One year,Fiber optic,Yes,Yes,Yes,No,Yes,No,Yes,Yes
5977-CKHON,43,Month-to-month,Fiber optic,Yes,Yes,No,No,Yes,No,No,Yes
7024-OHCCK,2,Month-to-month,Fiber optic,Yes,Yes,No,No,No,No,Yes,Yes
2692-BUCFV,29,Month-to-month,Fiber optic,Yes,No,No,Yes,Yes,No,Yes,Yes
7861-UVUFT,15,Month-to-month,Fiber optic,Yes,No,No,No,Yes,No,Yes,No
1830-GGFNM,65,Two year,Fiber optic,Yes,Yes,Yes,Yes,Yes,Yes,No,No
5302-BDJNT,35,Month-to-month,Fiber optic,Yes,Yes,No,No,Yes,Yes,Yes,No
5223-UZAVK,64,One year,Fiber optic,Yes,No,Yes,Yes,No,No,Yes,Yes
4859-ZSRDZ,58,Two year,DSL,No,No phone service,No,No,Yes,Yes,Yes,Yes
5651-WYIPH,18,Month-to-month,DSL,Yes,No,No,Yes,No,No,No,No
9350-VLHMB,67,Month-to-month,Fiber optic,Yes,Yes,No,Yes,No,No,No,Yes
3498-LZGQZ,63,Two year,No,Yes,No,No internet service,No internet service,No internet service,No internet service,No internet service,No internet service
8785-CJSHH,60,Month-to-month,Fiber optic,Yes,Yes,No,Yes,No,No,Yes,Yes
5357-TZHPP,9,Month-to-month,Fiber optic,Yes,Yes,No,No,No,No,No,Yes
3870-SPZSI,70,Two year,Fiber optic,Yes,Yes,Yes,Yes,Yes,Yes,Yes,Yes
0680-DFNNY,15,Month-to-month,Fiber optic,Yes,Yes,No,No,Yes,No,Yes,Yes
7560-QRBXH,48,One year,No,Yes,No,No internet service,No internet service,No internet service,No internet service,No internet service,No internet service
7077-XJMET,12,Month-to-month,DSL,Yes,No,No,No,Yes,Yes,Yes,Yes
8752-GHJFU,71,One year,Fiber optic,Yes,Yes,Yes,Yes,Yes,Yes,No,No
6896-SRVYQ,44,Month-to-month,Fiber optic,Yes,No,No,No,Yes,No,No,No
7767-UXAGJ,1,Month-to-month,DSL,Yes,Yes,No,No,No,No,No,No
4652-ODEVH,45,Two year,No,Yes,Yes,No internet service,No internet service,No internet service,No internet service,No internet service,No internet service
6510-UPNKS,23,One year,No,Yes,Yes,No internet service,No internet service,No internet service,No internet service,No internet service,No internet service
6718-BDGHG,43,One year,DSL,Yes,Yes,No,No,No,Yes,Yes,No
9046-DQMTP,35,Month-to-month,No,Yes,No,No internet service,No internet service,No internet service,No internet service,No internet service,No internet service
6439-LAJXL,9,Month-to-month,DSL,Yes,No,Yes,Yes,No,Yes,Yes,No
1571-SAVHK,12,Month-to-month,Fiber optic,Yes,Yes,No,No,No,Yes,Yes,Yes
9052-VKDUW,65,Month-to-month,Fiber optic,Yes,Yes,Yes,Yes,Yes,No,Yes,Yes
9546-CQJSU,2,Month-to-month,Fiber optic,Yes,Yes,No,No,Yes,No,Yes,No
1666-JZPZT,27,Month-to-month,DSL,Yes,Yes,No,No,No,No,No,No
5777-KJIRB,40,One year,DSL,Yes,No,No,No,Yes,No,No,No
0506-LVNGN,5,Month-to-month,Fiber optic,Yes,No,No,No,Yes,No,No,No
7677-SJJJK,8,One year,No,Yes,No,No internet service,No internet service,No internet service,No internet service,No internet service,No internet service
2480-EJWYP,58,One year,Fiber optic,Yes,Yes,No,Yes,No,No,Yes,Yes
3253-HKOKL,52,One year,Fiber optic,Yes,No,Yes,No,Yes,No,Yes,Yes
7055-HNEOJ,3,Month-to-month,DSL,Yes,No,No,No,Yes,Yes,No,No
5514-YQENT,41,Two year,Fiber optic,Yes,No,Yes,Yes,Yes,Yes,Yes,Yes
3211-AAPKX,20,Month-to-month,Fiber optic,Yes,Yes,No,No,No,Yes,Yes,Yes
8445-DNBAE,1,Month-to-month,DSL,Yes,Yes,No,No,No,No,No,No
2951-QOQTK,4,Month-to-month,Fiber optic,Yes,Yes,No,No,No,Yes,No,No
2958-NHPPS,23,Month-to-month,No,Yes,No,No internet service,No internet service,No internet service,No internet service,No internet service,No internet service
6806-YDEUL,6,Month-to-month,No,Yes,No,No internet service,No internet service,No internet service,No internet service,No internet service,No internet service
1735-XMJVH,8,Month-to-month,No,Yes,No,No internet service,No internet service,No internet service,No internet service,No internet service,No internet service
6890-PFRQX,18,Month-to-month,DSL,Yes,Yes,Yes,No,Yes,No,Yes,No
0222-CNVPT,52,Month-to-month,DSL,No,No phone service,Yes,No,No,No,Yes,Yes
5899-OUVKV,31,Month-to-month,Fiber optic,Yes,No,No,Yes,No,No,Yes,Yes
8681-ICONS,29,Month-to-month,No,Yes,No,No internet service,No internet service,No internet service,No internet service,No internet service,No internet service
1621-YNCJH,36,Two year,Fiber optic,Yes,Yes,Yes,Yes,Yes,Yes,No,Yes
3473-XIIIT,16,Month-to-month,Fiber optic,Yes,Yes,No,Yes,No,No,Yes,Yes
6362-QHAFM,42,One year,Fiber optic,Yes,Yes,No,No,Yes,Yes,Yes,Yes
7893-IXHRQ,1,Month-to-month,No,Yes,No,No internet service,No internet service,No internet service,No internet service,No internet service,No internet service
3070-BDOQC,60,Two year,Fiber optic,Yes,No,No,Yes,Yes,No,Yes,Yes
2952-QAYZF,5,Month-to-month,Fiber optic,Yes,Yes,No,Yes,Yes,No,No,No
6234-PFPXL,22,Month-to-month,Fiber optic,Yes,Yes,Yes,No,No,Yes,Yes,No
9824-QCJPK,36,One year,No,Yes,No,No internet service,No internet service,No internet service,No internet service,No internet service,No internet service
4763-PGDPO,4,Month-to-month,Fiber optic,Yes,No,No,No,No,No,No,No
4283-IVYCI,9,Month-to-month,DSL,Yes,No,Yes,No,No,Yes,No,Yes
1866-OBPNR,1,Month-to-month,Fiber optic,Yes,No,No,Yes,No,No,No,No
8205-MQUGY,12,Month-to-month,DSL,Yes,No,Yes,No,No,No,No,No
8970-ANWXO,23,One year,DSL,Yes,Yes,No,No,No,Yes,Yes,Yes
9480-BQJEI,62,One year,Fiber optic,Yes,Yes,Yes,Yes,No,No,No,Yes
5394-SVGJV,37,Month-to-month,Fiber optic,Yes,Yes,No,No,No,Yes,Yes,Yes
6979-TNDEU,8,Month-to-month,No,Yes,No,No internet service,No internet service,No internet service,No internet service,No internet service,No internet service
9777-WJJPR,31,Month-to-month,Fiber optic,Yes,Yes,No,No,Yes,No,Yes,No
9283-LZQOH,13,Month-to-month,Fiber optic,Yes,Yes,No,No,No,No,No,No
7079-QRCBC,24,Month-to-month,Fiber optic,Yes,Yes,No,No,Yes,No,Yes,Yes
9495-SKLKD,45,Month-to-month,Fiber optic,Yes,Yes,No,Yes,Yes,No,No,Yes
6048-UWKAL,69,Two year,Fiber optic,Yes,Yes,No,Yes,No,Yes,Yes,Yes
5067-DGXLL,2,Month-to-month,No,Yes,No,No internet service,No internet service,No internet service,No internet service,No internet service,No internet service
5469-CTCWN,61,One year,Fiber optic,Yes,Yes,Yes,Yes,No,No,Yes,Yes
9851-QXEEQ,41,Month-to-month,Fiber optic,Yes,Yes,No,Yes,Yes,No,Yes,Yes
6281-FKEWS,44,One year,DSL,No,No phone service,No,No,Yes,No,Yes,Yes
8898-KASCD,39,One year,DSL,No,No phone service,No,No,Yes,Yes,No,No
9242-TKFSV,72,Two year,DSL,No,No phone service,Yes,Yes,Yes,Yes,Yes,Yes
9290-SHCMB,13,Month-to-month,Fiber optic,Yes,No,No,No,Yes,No,Yes,Yes
0743-HNPFG,51,One year,DSL,Yes,No,Yes,Yes,No,Yes,No,Yes
2277-BKJKN,71,Two year,Fiber optic,Yes,No,No,Yes,Yes,No,Yes,Yes
9809-IMGCQ,22,Month-to-month,Fiber optic,Yes,Yes,No,No,No,No,Yes,Yes
5208-HFSBT,2,Month-to-month,DSL,Yes,No,No,Yes,No,Yes,No,No
5035-PGZXH,56,One year,Fiber optic,Yes,Yes,No,Yes,Yes,No,Yes,Yes
8695-WDYEA,1,Month-to-month,DSL,Yes,No,Yes,No,No,No,No,No
6543-JXSOO,23,One year,DSL,Yes,No,Yes,Yes,No,Yes,No,No
8016-ZMGMO,66,One year,DSL,Yes,Yes,No,Yes,Yes,No,Yes,No
8605-ITULD,1,Month-to-month,No,Yes,No,No internet service,No internet service,No internet service,No internet service,No internet service,No internet service
3254-YRILK,19,Month-to-month,Fiber optic,Yes,Yes,No,Yes,No,No,Yes,No
6416-YJTTB,11,Month-to-month,Fiber optic,Yes,No,Yes,No,Yes,No,No,No
2667-WYLWJ,8,One year,No,Yes,No,No internet service,No internet service,No internet service,No internet service,No internet service,No internet service
4472-VESGY,52,Month-to-month,Fiber optic,Yes,Yes,Yes,Yes,Yes,No,No,Yes
3195-TQDZX,3,Month-to-month,No,Yes,No,No internet service,No internet service,No internet service,No internet service,No internet service,No internet service
3128-YOVTD,51,Month-to-month,Fiber optic,Yes,No,Yes,Yes,No,No,No,No
0529-ONKER,15,Month-to-month,Fiber optic,Yes,Yes,No,No,No,No,No,No
1728-CXQBE,64,Month-to-month,Fiber optic,Yes,Yes,No,Yes,Yes,No,No,Yes
7041-TXQJH,37,Month-to-month,DSL,No,No phone service,No,No,Yes,No,No,Yes
5014-GSOUQ,13,Two year,No,Yes,No,No internet service,No internet service,No internet service,No internet service,No internet service,No internet service
5724-BIDBU,49,One year,DSL,Yes,Yes,Yes,No,No,No,No,No
0481-SUMCB,45,One year,Fiber optic,Yes,Yes,No,No,Yes,No,Yes,Yes
1769-GRUIK,18,Month-to-month,Fiber optic,Yes,No,No,No,No,No,No,No
5240-IJOQT,1,Month-to-month,Fiber optic,Yes,Yes,No,No,No,No,No,No
8819-WFGGJ,68,Two year,DSL,No,No phone service,Yes,No,Yes,No,Yes,Yes
7427-AUFPY,54,Two year,No,Yes,No,No internet service,No internet service,No internet service,No internet service,No internet service,No internet service
2811-POVEX,23,Month-to-month,Fiber optic,Yes,No,No,Yes,Yes,No,No,Yes
1092-GANHU,17,Month-to-month,Fiber optic,Yes,No,No,No,Yes,No,No,No
7898-PDWQE,71,Two year,DSL,Yes,Yes,Yes,Yes,Yes,Yes,No,Yes
9972-EWRJS,67,Two year,No,Yes,No,No internet service,No internet service,No internet service,No internet service,No internet service,No internet service
9314-IJWSQ,14,Month-to-month,Fiber optic,Yes,Yes,No,No,No,No,Yes,No
0661-XEYAN,1,Month-to-month,DSL,No,No phone service,No,No,No,No,No,No
5799-JRCZO,63,Two year,No,Yes,No,No internet service,No internet service,No internet service,No internet service,No internet service,No internet service
1921-KYSAY,41,One year,DSL,Yes,Yes,No,No,Yes,Yes,No,Yes
6198-RTPMF,17,Month-to-month,Fiber optic,Yes,Yes,No,No,No,No,Yes,Yes
2924-KHUVI,56,One year,Fiber optic,Yes,Yes,Yes,No,No,No,Yes,Yes
1925-GMVBW,5,Month-to-month,No,Yes,No,No internet service,No internet service,No internet service,No internet service,No internet service,No internet service
7881-EVUAD,2,Month-to-month,DSL,No,No phone service,Yes,Yes,No,No,No,Yes
6184-DYUOB,3,Month-to-month,No,Yes,No,No internet service,No internet service,No internet service,No internet service,No internet service,No internet service
9207-ZPANB,37,One year,DSL,Yes,Yes,Yes,Yes,Yes,Yes,No,No
5766-XQXMQ,29,Month-to-month,DSL,Yes,No,Yes,Yes,Yes,No,No,Yes
9327-QSDED,8,Month-to-month,DSL,Yes,No,No,No,No,No,No,No
1656-DRSMG,63,Month-to-month,Fiber optic,Yes,Yes,No,Yes,Yes,Yes,Yes,Yes
3012-VFFMN,7,Month-to-month,No,Yes,No,No internet service,No internet service,No internet service,No internet service,No internet service,No internet service
2984-AFWNC,3,Month-to-month,Fiber optic,Yes,No,No,Yes,No,No,Yes,Yes
0640-YJTPY,72,Two year,No,Yes,No,No internet service,No internet service,No internet service,No internet service,No internet service,No internet service
8096-LOIST,19,Month-to-month,DSL,Yes,No,No,No,No,No,No,Yes
9764-REAFF,59,Two year,No,Yes,No,No internet service,No internet service,No internet service,No internet service,No internet service,No internet service
3703-VAVCL,2,Month-to-month,Fiber optic,Yes,No,No,No,Yes,Yes,No,Yes
7107-UBYKY,35,Month-to-month,No,Yes,Yes,No internet service,No internet service,No internet service,No internet service,No internet service,No internet service
4881-GQJTW,14,Month-to-month,No,Yes,No,No internet service,No internet service,No internet service,No internet service,No internet service,No internet service
8519-QJGJD,14,Month-to-month,Fiber optic,Yes,No,No,No,Yes,No,No,No
7876-DNYAP,69,Two year,No,Yes,No,No internet service,No internet service,No internet service,No internet service,No internet service,No internet service
7905-NJMXS,7,Month-to-month,DSL,Yes,Yes,Yes,Yes,No,Yes,No,No
2882-WDTBA,69,Two year,DSL,Yes,No,Yes,Yes,Yes,Yes,Yes,No
2091-GPPIQ,72,Two year,DSL,Yes,Yes,No,Yes,No,Yes,Yes,Yes
6326-MTTXK,8,Month-to-month,Fiber optic,Yes,Yes,No,Yes,No,No,Yes,Yes
5071-FBJFS,4,Month-to-month,DSL,Yes,No,Yes,No,No,No,No,No
2796-UUZZO,63,Month-to-month,Fiber optic,Yes,No,No,Yes,Yes,No,No,No
2429-AYKKO,72,Two year,No,Yes,No,No internet service,No internet service,No internet service,No internet service,No internet service,No internet service
9798-OPFEM,46,Two year,No,Yes,No,No internet service,No internet service,No internet service,No internet service,No internet service,No internet service
0330-IVZHA,5,Month-to-month,Fiber optic,Yes,No,No,No,No,No,No,No
3794-NFNCH,30,Month-to-month,DSL,Yes,No,No,No,Yes,No,No,No
5193-QLVZB,63,Two year,Fiber optic,Yes,Yes,No,Yes,Yes,No,Yes,Yes
7114-AEOZE,60,Two year,No,Yes,No,No internet service,No internet service,No internet service,No internet service,No internet service,No internet service
2886-KEFUM,63,One year,Fiber optic,Yes,Yes,No,Yes,Yes,No,Yes,Yes
5522-NYKPB,25,Month-to-month,Fiber optic,Yes,No,No,No,No,Yes,Yes,No
4237-RLAQD,1,Month-to-month,DSL,Yes,No,No,No,No,No,No,No
9957-YODKZ,6,Month-to-month,Fiber optic,Yes,Yes,No,No,Yes,No,No,No
6518-KZXCB,22,Two year,No,Yes,Yes,No internet service,No internet service,No internet service,No internet service,No internet service,No internet service
2245-ADZFJ,31,Two year,DSL,Yes,Yes,No,Yes,No,Yes,Yes,Yes
7776-QGYJC,39,Month-to-month,Fiber optic,Yes,No,No,No,Yes,Yes,No,No
9313-QOLTZ,26,Month-to-month,No,Yes,No,No internet service,No internet service,No internet service,No internet service,No internet service,No internet service
9651-GTSAQ,53,One year,Fiber optic,Yes,No,Yes,Yes,Yes,No,Yes,Yes
3186-BAXNB,1,Month-to-month,Fiber optic,Yes,No,No,Yes,No,Yes,Yes,No
4672-FOTSD,12,Month-to-month,DSL,Yes,Yes,Yes,Yes,No,Yes,No,No
0637-YLETY,16,Month-to-month,Fiber optic,Yes,Yes,No,Yes,Yes,No,No,Yes
9818-XQCUV,2,Month-to-month,No,Yes,No,No internet service,No internet service,No internet service,No internet service,No internet service,No internet service
7338-ERIVA,39,One year,DSL,No,No phone service,Yes,No,No,Yes,Yes,No
1157-BQCUW,1,Month-to-month,Fiber optic,Yes,Yes,No,No,No,No,No,No
8259-NFJTV,7,Month-to-month,DSL,No,No phone service,Yes,No,No,Yes,No,No
3223-DWFIO,4,Month-to-month,Fiber optic,Yes,No,No,No,No,No,No,No
2660-EMUBI,10,Month-to-month,Fiber optic,Yes,Yes,No,No,No,No,Yes,Yes
6968-GMKPR,55,Month-to-month,Fiber optic,Yes,No,No,Yes,Yes,No,No,No
4751-ERMAN,72,Two year,DSL,Yes,No,No,Yes,Yes,No,Yes,Yes
1436-ZMJAN,10,Month-to-month,DSL,Yes,No,No,No,Yes,No,Yes,Yes
3292-PBZEJ,11,Month-to-month,Fiber optic,Yes,Yes,No,Yes,Yes,Yes,Yes,Yes
0799-DDIHE,15,Month-to-month,DSL,Yes,No,No,No,No,No,No,No
3070-FNFZQ,23,Two year,No,Yes,No,No internet service,No internet service,No internet service,No internet service,No internet service,No internet service
2812-SFXMJ,1,Month-to-month,No,Yes,No,No internet service,No internet service,No internet service,No internet service,No internet service,No internet service
7675-OZCZG,3,Month-to-month,DSL,Yes,No,No,No,No,No,No,No
5014-WUQMG,47,One year,Fiber optic,Yes,No,Yes,Yes,Yes,No,No,Yes
5312-TSZVC,15,One year,No,Yes,No,No internet service,No internet service,No internet service,No internet service,No internet service,No internet service
2003-CKLOR,66,Month-to-month,Fiber optic,Yes,No,No,Yes,Yes,No,Yes,Yes
0993-OSGPT,68,One year,DSL,Yes,No,No,Yes,Yes,Yes,No,No
9254-RBFON,17,One year,Fiber optic,Yes,No,No,No,Yes,Yes,Yes,Yes
1205-WNWPJ,7,Month-to-month,DSL,Yes,No,No,No,No,Yes,Yes,No
9391-EOYLI,12,Month-to-month,Fiber optic,Yes,No,No,No,No,No,No,Yes
7108-DGVUU,21,One year,DSL,Yes,Yes,No,Yes,Yes,No,No,Yes
2782-JEEBU,21,Month-to-month,DSL,No,No phone service,No,Yes,No,Yes,No,No
5127-BZENZ,56,One year,DSL,Yes,Yes,Yes,No,No,No,Yes,No
2720-FVBQP,6,Month-to-month,DSL,Yes,Yes,No,No,No,No,No,No
9906-NHHVC,65,Two year,DSL,No,No phone service,No,Yes,Yes,No,Yes,Yes
4522-XRWWI,42,One year,DSL,Yes,Yes,Yes,No,No,Yes,Yes,Yes
3766-EJLFL,68,Two year,Fiber optic,Yes,Yes,Yes,No,Yes,Yes,Yes,Yes
5939-SXWHM,48,Two year,No,Yes,Yes,No internet service,No internet service,No internet service,No internet service,No internet service,No internet service
8152-UOBNY,50,One year,Fiber optic,Yes,Yes,No,Yes,No,Yes,Yes,Yes
7351-KYHQH,7,Month-to-month,DSL,Yes,No,No,Yes,Yes,No,Yes,No
7643-RCHXS,63,Two year,No,Yes,No,No internet service,No internet service,No internet service,No internet service,No internet service,No internet service
8246-SHFGA,17,Month-to-month,No,Yes,No,No internet service,No internet service,No internet service,No internet service,No internet service,No internet service
8387-MOJJT,42,Month-to-month,Fiber optic,Yes,No,No,No,No,No,Yes,No
0620-XEFWH,4,Month-to-month,No,Yes,No,No internet service,No internet service,No internet service,No internet service,No internet service,No internet service
6485-QXWWE,62,Two year,No,Yes,Yes,No internet service,No internet service,No internet service,No internet service,No internet service,No internet service
2761-OCIAX,2,Month-to-month,Fiber optic,Yes,No,No,Yes,No,No,No,No
7321-VGNKU,2,Month-to-month,Fiber optic,Yes,No,No,No,No,No,No,No
5327-CNLUQ,48,Two year,Fiber optic,Yes,Yes,Yes,Yes,Yes,No,Yes,No
7552-KEYGT,27,Two year,No,Yes,No,No internet service,No internet service,No internet service,No internet service,No internet service,No internet service
5816-JMLGY,70,Two year,DSL,Yes,No,No,Yes,Yes,Yes,Yes,Yes
3068-OMWZA,1,Month-to-month,Fiber optic,Yes,Yes,No,No,Yes,No,Yes,No
2927-QRRQV,46,One year,Fiber optic,Yes,Yes,No,Yes,Yes,No,Yes,No
6032-KRXXO,30,Month-to-month,Fiber optic,Yes,No,No,No,No,No,Yes,Yes
7459-RRWQZ,15,Month-to-month,DSL,Yes,Yes,Yes,No,No,No,No,Yes
6265-SXWBU,69,One year,Fiber optic,Yes,Yes,No,Yes,Yes,No,Yes,No
7941-RCJOW,65,Two year,No,Yes,No,No internet service,No internet service,No internet service,No internet service,No internet service,No internet service
6374-NTQLP,72,Two year,Fiber optic,Yes,No,Yes,No,Yes,Yes,Yes,Yes
4154-AQUGT,13,Month-to-month,Fiber optic,Yes,No,No,Yes,No,Yes,No,Yes
2387-KDZQY,17,One year,No,Yes,No,No internet service,No internet service,No internet service,No internet service,No internet service,No internet service
3584-WKTTW,51,One year,Fiber optic,Yes,Yes,Yes,No,Yes,Yes,Yes,Yes
3399-BMLVW,51,Two year,DSL,Yes,No,Yes,Yes,No,Yes,No,No
1971-DTCZB,72,Two year,DSL,Yes,Yes,Yes,Yes,Yes,Yes,Yes,Yes
3092-IGHWF,67,One year,Fiber optic,Yes,Yes,No,Yes,Yes,No,No,No
3374-PZLXD,34,Month-to-month,No,Yes,No,No internet service,No internet service,No internet service,No internet service,No internet service,No internet service
3813-DHBBB,67,Two year,DSL,No,No phone service,Yes,Yes,No,Yes,No,Yes
2812-REYAT,49,One year,No,Yes,No,No internet service,No internet service,No internet service,No internet service,No internet service,No internet service
6518-PPLMZ,53,Two year,No,Yes,No,No internet service,No internet service,No internet service,No internet service,No internet service,No internet service
4939-KYYPY,27,Month-to-month,DSL,Yes,Yes,No,No,Yes,Yes,No,No
8017-LXHFA,23,Month-to-month,Fiber optic,Yes,No,No,Yes,No,No,Yes,Yes
5930-GBIWP,69,Two year,DSL,Yes,Yes,Yes,Yes,Yes,Yes,No,Yes
6022-KOUQO,2,Month-to-month,DSL,No,No phone service,No,No,No,Yes,No,No
6352-TWCAU,35,Month-to-month,Fiber optic,Yes,Yes,No,No,No,No,Yes,No
2361-UPSND,46,One year,DSL,Yes,No,Yes,Yes,No,Yes,No,Yes
6035-RIIOM,54,Two year,Fiber optic,Yes,Yes,No,Yes,No,No,Yes,Yes
2929-QNSRW,56,One year,Fiber optic,Yes,Yes,No,Yes,No,No,Yes,Yes
1262-OPMFY,9,Month-to-month,Fiber optic,Yes,No,No,No,Yes,No,No,No
9504-DSHWM,20,Month-to-month,DSL,Yes,Yes,Yes,No,No,Yes,No,No
5035-BVCXS,11,Month-to-month,Fiber optic,Yes,No,No,Yes,No,No,No,No
6267-DCFFZ,30,Month-to-month,Fiber optic,Yes,Yes,No,Yes,No,No,Yes,No
3533-UVMOM,68,Two year,DSL,Yes,No,Yes,Yes,Yes,No,No,Yes
2439-LYPMQ,38,Month-to-month,Fiber optic,Yes,Yes,No,Yes,Yes,No,Yes,Yes
4248-QPAVC,17,Month-to-month,Fiber optic,Yes,Yes,Yes,No,Yes,No,No,No
1899-VXWXM,48,One year,Fiber optic,Yes,Yes,No,Yes,Yes,No,Yes,Yes
1478-VPOAD,1,Month-to-month,DSL,Yes,No,No,No,No,No,No,No
9995-HOTOH,63,Two year,DSL,No,No phone service,Yes,Yes,Yes,No,Yes,Yes
2988-PLAHS,3,One year,DSL,Yes,No,No,No,Yes,No,Yes,Yes
1371-OJCEK,48,One year,No,Yes,Yes,No internet service,No internet service,No internet service,No internet service,No internet service,No internet service
4999-IEZLT,66,One year,DSL,No,No phone service,No,No,No,Yes,No,No
8883-ANODQ,68,Two year,Fiber optic,Yes,Yes,No,Yes,Yes,No,No,No
4690-LLKUA,17,Month-to-month,DSL,Yes,No,No,No,No,No,No,No
2351-RRBUE,7,One year,No,Yes,No,No internet service,No internet service,No internet service,No internet service,No internet service,No internet service
5980-BDHPY,72,Two year,DSL,Yes,Yes,Yes,Yes,Yes,Yes,Yes,Yes
1498-DQNRX,29,Month-to-month,No,Yes,No,No internet service,No internet service,No internet service,No internet service,No internet service,No internet service
9469-WEJBT,37,Month-to-month,Fiber optic,Yes,No,No,No,Yes,Yes,No,Yes
3331-HQDTW,34,Month-to-month,Fiber optic,Yes,Yes,Yes,Yes,Yes,No,Yes,Yes
9490-DFPMD,42,Month-to-month,Fiber optic,Yes,Yes,No,No,No,No,Yes,No
2581-VKIRT,59,One year,DSL,Yes,Yes,Yes,Yes,No,Yes,No,No
5442-XSDCW,11,Month-to-month,Fiber optic,Yes,No,No,No,No,No,Yes,No
7426-WEIJX,60,Month-to-month,Fiber optic,Yes,Yes,Yes,No,No,No,No,No
2851-MMUTZ,27,Month-to-month,DSL,Yes,No,No,Yes,No,Yes,No,No
3049-NDXFL,1,Month-to-month,Fiber optic,Yes,Yes,No,No,No,No,No,Yes
8580-AECUZ,1,Month-to-month,Fiber optic,Yes,No,No,No,No,No,Yes,No
3307-TLCUD,17,Month-to-month,DSL,No,No phone service,Yes,No,Yes,No,No,No
6625-FLENO,58,Two year,No,Yes,No,No internet service,No internet service,No internet service,No internet service,No internet service,No internet service
2967-MXRAV,1,One year,No,Yes,No,No internet service,No internet service,No internet service,No internet service,No internet service,No internet service
7963-GQRMY,3,Month-to-month,DSL,Yes,No,No,No,No,No,No,No
8189-HBVRW,53,Month-to-month,Fiber optic,Yes,Yes,Yes,Yes,Yes,No,No,No
4163-KIUHY,35,Month-to-month,No,Yes,Yes,No internet service,No internet service,No internet service,No internet service,No internet service,No internet service
1228-FZFRV,50,Month-to-month,Fiber optic,Yes,Yes,Yes,No,Yes,No,Yes,Yes
3500-NSDOA,68,Two year,DSL,Yes,Yes,No,Yes,No,Yes,No,Yes
1171-TYKUR,47,Month-to-month,No,Yes,Yes,No internet service,No internet service,No internet service,No internet service,No internet service,No internet service
3761-FLYZI,65,Month-to-month,Fiber optic,Yes,Yes,No,Yes,Yes,No,Yes,Yes
2058-DCJBE,5,Month-to-month,Fiber optic,Yes,No,No,No,No,No,No,No
5364-XYIRR,51,Month-to-month,Fiber optic,Yes,Yes,No,No,No,No,Yes,Yes
4829-AUOAX,46,Month-to-month,Fiber optic,Yes,Yes,No,No,No,No,Yes,Yes
1219-NNDDO,9,Month-to-month,Fiber optic,Yes,Yes,No,No,No,No,No,No
8388-DMKAE,8,Two year,No,Yes,No,No internet service,No internet service,No internet service,No internet service,No internet service,No internet service
4403-BWPAY,14,One year,No,Yes,Yes,No internet service,No internet service,No internet service,No internet service,No internet service,No internet service
9659-QEQSY,45,Month-to-month,Fiber optic,Yes,Yes,Yes,Yes,Yes,Yes,Yes,Yes
5405-ZMYXQ,8,Month-to-month,Fiber optic,Yes,Yes,No,No,No,No,No,No
5047-LHVLY,1,Month-to-month,DSL,Yes,No,No,No,Yes,No,No,No
1442-OKRJE,66,One year,Fiber optic,Yes,No,Yes,Yes,Yes,No,Yes,Yes
4737-AQCPU,72,Two year,DSL,Yes,Yes,Yes,Yes,Yes,Yes,No,No
9158-VCTQB,41,Month-to-month,Fiber optic,Yes,Yes,Yes,Yes,Yes,Yes,Yes,Yes
2808-CHTDM,23,Two year,No,Yes,Yes,No internet service,No internet service,No internet service,No internet service,No internet service,No internet service
6311-UEUME,29,Month-to-month,Fiber optic,Yes,No,No,No,No,No,Yes,No
0793-TWELN,4,Month-to-month,Fiber optic,Yes,Yes,Yes,No,No,No,No,No
3283-WCWXT,6,Two year,No,Yes,Yes,No internet service,No internet service,No internet service,No internet service,No internet service,No internet service
1060-ENTOF,67,One year,Fiber optic,Yes,Yes,Yes,Yes,Yes,Yes,No,Yes
0999-QXNSA,7,Month-to-month,DSL,Yes,No,No,No,No,No,No,No
5451-MHQOF,56,One year,No,Yes,Yes,No internet service,No internet service,No internet service,No internet service,No internet service,No internet service
4836-WNFNO,72,Two year,No,Yes,Yes,No internet service,No internet service,No internet service,No internet service,No internet service,No internet service
9225-BZLNZ,72,Two year,DSL,Yes,Yes,Yes,Yes,Yes,No,Yes,Yes
0354-VXMJC,23,Two year,No,Yes,No,No internet service,No internet service,No internet service,No internet service,No internet service,No internet service
4422-QVIJA,35,Month-to-month,DSL,Yes,Yes,No,No,No,No,No,No
9365-SRSZE,27,Month-to-month,Fiber optic,Yes,No,No,No,No,No,No,No
6839-ITVZJ,26,Month-to-month,DSL,Yes,Yes,No,Yes,No,Yes,No,No
8332-OSJDW,12,One year,No,Yes,Yes,No internet service,No internet service,No internet service,No internet service,No internet service,No internet service
4735-BJKOU,40,Two year,No,Yes,No,No internet service,No internet service,No internet service,No internet service,No internet service,No internet service
0274-JKUJR,7,Month-to-month,DSL,No,No phone service,Yes,Yes,Yes,No,Yes,Yes
5740-YHGTW,70,Month-to-month,Fiber optic,Yes,Yes,Yes,Yes,No,No,Yes,No
8917-SZTTJ,60,Two year,No,Yes,No,No internet service,No internet service,No internet service,No internet service,No internet service,No internet service
1696-MZVAU,39,One year,DSL,No,No phone service,No,No,No,No,No,No
7359-WWYJV,72,Two year,Fiber optic,Yes,Yes,Yes,Yes,Yes,Yes,Yes,Yes
0375-HVGXO,1,Month-to-month,DSL,No,No phone service,No,No,No,No,Yes,No
4906-ZHGPK,54,One year,DSL,Yes,Yes,No,Yes,No,Yes,Yes,No
8593-WHYHV,3,Month-to-month,Fiber optic,Yes,Yes,No,No,No,No,No,Yes
3795-GWTRD,63,Two year,DSL,Yes,No,Yes,Yes,Yes,Yes,Yes,No
1298-PHBTI,71,Two year,Fiber optic,Yes,Yes,No,Yes,No,Yes,No,No
6223-DHJGV,42,One year,No,Yes,No,No internet service,No internet service,No internet service,No internet service,No internet service,No internet service
6961-MJKBO,47,Two year,No,Yes,No,No internet service,No internet service,No internet service,No internet service,No internet service,No internet service
6097-EQISJ,66,One year,Fiber optic,Yes,Yes,No,Yes,Yes,No,Yes,Yes
4423-YLHDV,21,Month-to-month,Fiber optic,Yes,Yes,Yes,No,Yes,No,Yes,Yes
8158-WPEZG,11,Month-to-month,DSL,No,No phone service,No,Yes,No,Yes,No,No
0107-YHINA,1,Month-to-month,Fiber optic,Yes,Yes,No,No,Yes,No,Yes,Yes
4918-FYJNT,55,Month-to-month,Fiber optic,Yes,Yes,No,Yes,Yes,Yes,No,No
0727-BNRLG,69,Two year,Fiber optic,Yes,Yes,No,Yes,Yes,Yes,Yes,No
4854-CIDCF,3,Month-to-month,Fiber optic,Yes,No,No,No,Yes,No,No,No
8640-SDGKB,4,Month-to-month,DSL,Yes,No,No,No,Yes,Yes,Yes,Yes
3280-MRDOF,30,Two year,DSL,Yes,Yes,No,No,Yes,Yes,Yes,No
6435-SRWBJ,5,Month-to-month,Fiber optic,Yes,Yes,No,No,Yes,Yes,No,No
9964-WBQDJ,71,Two year,No,Yes,Yes,No internet service,No internet service,No internet service,No internet service,No internet service,No internet service
6303-KFWSL,29,One year,DSL,Yes,Yes,No,Yes,No,No,No,No
1702-CCFNJ,52,Month-to-month,DSL,Yes,Yes,No,Yes,No,Yes,No,No
8932-CZHRQ,68,One year,DSL,Yes,Yes,Yes,Yes,Yes,No,No,Yes
0386-CWRGM,46,Two year,No,Yes,No,No internet service,No internet service,No internet service,No internet service,No internet service,No internet service
5515-RUGKN,8,Month-to-month,DSL,Yes,No,No,No,No,No,No,Yes
0404-AHASP,72,Two year,No,Yes,No,No internet service,No internet service,No internet service,No internet service,No internet service,No internet service
7279-NMVJC,17,One year,No,Yes,No,No internet service,No internet service,No internet service,No internet service,No internet service,No internet service
2081-VEYEH,3,Month-to-month,Fiber optic,Yes,No,No,Yes,Yes,Yes,Yes,Yes
6407-UTSLV,2,Month-to-month,Fiber optic,Yes,No,No,Yes,No,No,Yes,No
4116-TZAQJ,9,Month-to-month,Fiber optic,Yes,No,Yes,No,No,No,No,No
9060-HJJRW,51,One year,DSL,No,No phone service,No,Yes,Yes,No,Yes,Yes
2587-YNLES,6,Two year,No,Yes,No,No internet service,No internet service,No internet service,No internet service,No internet service,No internet service
7398-SKNQZ,3,Month-to-month,Fiber optic,Yes,Yes,No,No,No,No,Yes,Yes
5935-FCCNB,17,Month-to-month,Fiber optic,Yes,Yes,No,No,No,No,Yes,Yes
1958-RNRKS,30,Month-to-month,DSL,Yes,Yes,No,No,No,No,No,No
5136-RGMZO,31,Month-to-month,DSL,Yes,Yes,No,Yes,No,Yes,Yes,No
8345-MVDYC,45,Two year,DSL,Yes,No,Yes,No,Yes,Yes,Yes,Yes
8226-BXGES,64,One year,Fiber optic,Yes,Yes,Yes,Yes,Yes,No,No,No
3877-JRJIP,1,Month-to-month,DSL,Yes,Yes,No,No,No,No,Yes,No
8375-DKEBR,1,Month-to-month,Fiber optic,Yes,No,No,No,No,No,No,No
9705-IOVQQ,61,One year,Fiber optic,Yes,Yes,No,Yes,No,No,Yes,Yes
1015-OWJKI,1,Month-to-month,No,Yes,No,No internet service,No internet service,No internet service,No internet service,No internet service,No internet service
7511-YMXVQ,9,Month-to-month,DSL,No,No phone service,No,No,No,No,Yes,Yes
2040-XBAVJ,72,Two year,Fiber optic,Yes,Yes,Yes,Yes,Yes,Yes,Yes,Yes
7551-JOHTI,1,Month-to-month,No,Yes,No,No internet service,No internet service,No internet service,No internet service,No internet service,No internet service
8887-IPQNC,7,Month-to-month,DSL,Yes,No,No,No,No,No,No,No
8646-JCOMS,66,One year,Fiber optic,Yes,Yes,No,Yes,Yes,Yes,No,No
9804-ICWBG,1,Month-to-month,Fiber optic,Yes,No,No,No,No,No,No,No
1222-KJNZD,40,Month-to-month,No,Yes,No,No internet service,No internet service,No internet service,No internet service,No internet service,No internet service
0106-GHRQR,16,Month-to-month,DSL,Yes,Yes,No,Yes,Yes,No,No,Yes
5318-IXUZF,2,Month-to-month,Fiber optic,Yes,No,No,Yes,No,No,Yes,No
3768-VHXQO,67,Two year,No,Yes,Yes,No internet service,No internet service,No internet service,No internet service,No internet service,No internet service
8952-WCVCD,41,One year,Fiber optic,Yes,No,Yes,Yes,Yes,No,Yes,Yes
2418-TPEUN,56,Two year,No,Yes,No,No internet service,No internet service,No internet service,No internet service,No internet service,No internet service
3963-RYFNS,72,Two year,Fiber optic,Yes,Yes,Yes,Yes,Yes,Yes,Yes,Yes
3198-VELRD,3,Month-to-month,Fiber optic,Yes,Yes,No,No,No,No,No,Yes
8540-ZQGEA,54,Two year,No,Yes,No,No internet service,No internet service,No internet service,No internet service,No internet service,No internet service
1320-REHCS,52,Month-to-month,Fiber optic,Yes,Yes,No,Yes,Yes,Yes,Yes,Yes
4137-JOPHL,50,Two year,Fiber optic,Yes,No,No,No,Yes,Yes,No,Yes
9436-ZBZCT,14,Month-to-month,Fiber optic,Yes,Yes,No,No,No,Yes,Yes,No
7801-CEDNV,27,One year,DSL,Yes,No,Yes,No,No,No,No,No
2057-BOYKM,72,Two year,Fiber optic,Yes,Yes,Yes,Yes,Yes,Yes,No,No
3658-QQJYD,62,One year,DSL,Yes,No,Yes,Yes,No,No,Yes,Yes
1803-BGNBD,12,Month-to-month,DSL,Yes,No,No,Yes,No,Yes,No,No
0134-XWXCE,44,One year,DSL,Yes,No,No,No,Yes,Yes,Yes,Yes
6950-TWMYB,54,Two year,Fiber optic,Yes,No,No,Yes,No,Yes,No,No
5848-FHRFC,68,Two year,No,Yes,No,No internet service,No internet service,No internet service,No internet service,No internet service,No internet service
2243-FNMMI,20,Month-to-month,No,Yes,No,No internet service,No internet service,No internet service,No internet service,No internet service,No internet service
2511-MORQY,50,One year,DSL,Yes,Yes,No,No,Yes,No,No,No
5356-KZCKT,58,Two year,No,Yes,Yes,No internet service,No internet service,No internet service,No internet service,No internet service,No internet service
9470-XCCEM,35,Month-to-month,Fiber optic,Yes,Yes,No,Yes,No,No,Yes,No
6519-CFDBX,2,Month-to-month,DSL,Yes,No,No,No,No,No,No,No
3902-MIVLE,63,Two year,DSL,Yes,Yes,Yes,No,Yes,Yes,No,Yes
0409-WTMPL,58,One year,Fiber optic,Yes,Yes,Yes,Yes,Yes,No,Yes,Yes
8763-KIAFH,27,One year,No,Yes,No,No internet service,No internet service,No internet service,No internet service,No internet service,No internet service
3669-WHAFY,71,Two year,Fiber optic,Yes,Yes,Yes,Yes,Yes,Yes,Yes,Yes
3055-VTCGS,63,One year,DSL,Yes,No,No,No,Yes,No,No,Yes
3144-KMTWZ,71,Month-to-month,Fiber optic,Yes,Yes,No,Yes,Yes,No,No,Yes
7279-BUYWN,41,Month-to-month,Fiber optic,Yes,Yes,Yes,Yes,Yes,No,Yes,Yes
7156-MHUGY,13,Month-to-month,Fiber optic,Yes,No,No,No,No,No,Yes,Yes
7198-GLXTC,2,Month-to-month,Fiber optic,Yes,No,No,No,No,No,Yes,No
2007-QVGAW,68,Two year,No,Yes,No,No internet service,No internet service,No internet service,No internet service,No internet service,No internet service
5207-PLSTK,1,Month-to-month,DSL,Yes,No,Yes,No,No,No,No,No
2307-FYNNL,65,Two year,Fiber optic,Yes,Yes,Yes,No,Yes,Yes,Yes,Yes
5605-XNWEN,72,Two year,No,Yes,Yes,No internet service,No internet service,No internet service,No internet service,No internet service,No internet service
2155-AMQRX,28,Month-to-month,DSL,Yes,Yes,No,No,No,Yes,No,No
6181-AXXYF,72,Two year,No,Yes,Yes,No internet service,No internet service,No internet service,No internet service,No internet service,No internet service
5091-HFAZW,2,Month-to-month,Fiber optic,Yes,No,Yes,Yes,No,No,Yes,No
0516-VRYBW,18,One year,No,Yes,No,No internet service,No internet service,No internet service,No internet service,No internet service,No internet service
2519-LBNQL,60,One year,Fiber optic,Yes,Yes,No,Yes,Yes,No,Yes,Yes
8623-ULFNQ,26,Month-to-month,DSL,Yes,Yes,No,No,No,Yes,No,Yes
8380-PEFPE,1,Month-to-month,Fiber optic,Yes,No,No,No,No,No,No,No
5687-DKDTV,4,Month-to-month,No,Yes,No,No internet service,No internet service,No internet service,No internet service,No internet service,No internet service
1568-LJSZU,68,Two year,DSL,Yes,Yes,Yes,Yes,Yes,Yes,Yes,Yes
7530-HDYDS,38,Month-to-month,Fiber optic,Yes,No,No,Yes,Yes,Yes,No,No
7789-HKSBS,42,One year,Fiber optic,Yes,Yes,Yes,No,Yes,No,Yes,Yes
7416-CKTEP,57,Two year,No,Yes,No,No internet service,No internet service,No internet service,No internet service,No internet service,No internet service
2586-CWXVV,54,Month-to-month,DSL,No,No phone service,No,Yes,No,No,No,No
3096-IZETN,12,Month-to-month,Fiber optic,Yes,No,No,No,No,No,No,Yes
2348-KCJLT,44,One year,DSL,Yes,No,Yes,Yes,Yes,No,No,No
8401-EMUWF,42,Month-to-month,DSL,Yes,Yes,Yes,Yes,No,No,Yes,No
4193-IBKSW,72,Two year,No,Yes,Yes,No internet service,No internet service,No internet service,No internet service,No internet service,No internet service
5377-NDTOU,71,Two year,DSL,Yes,Yes,Yes,Yes,Yes,Yes,Yes,Yes
5922-ABDVO,19,Month-to-month,Fiber optic,Yes,Yes,No,No,Yes,No,No,Yes
2474-LCNUE,23,Month-to-month,DSL,Yes,Yes,No,No,No,Yes,Yes,Yes
0839-QNXME,30,Two year,No,Yes,No,No internet service,No internet service,No internet service,No internet service,No internet service,No internet service
3506-OVLKD,35,One year,No,Yes,Yes,No internet service,No internet service,No internet service,No internet service,No internet service,No internet service
9172-ANCRX,10,Month-to-month,Fiber optic,Yes,Yes,Yes,No,No,No,Yes,Yes
6650-VJONK,1,Month-to-month,DSL,Yes,No,No,No,No,No,No,No
2178-PMGCJ,22,Month-to-month,Fiber optic,Yes,No,No,No,No,No,No,No
7492-TAFJD,7,Two year,DSL,No,No phone service,Yes,Yes,Yes,No,No,No
2773-MADBQ,36,Two year,DSL,No,No phone service,Yes,Yes,Yes,Yes,No,Yes
6016-LVTJQ,34,Month-to-month,No,Yes,No,No internet service,No internet service,No internet service,No internet service,No internet service,No internet service
7860-KSUGX,72,Two year,DSL,Yes,Yes,Yes,Yes,Yes,No,No,No
8966-KZXXA,36,Two year,No,Yes,Yes,No internet service,No internet service,No internet service,No internet service,No internet service,No internet service
6910-HADCM,1,Month-to-month,Fiber optic,Yes,No,No,No,Yes,No,No,No
4816-LXZYW,23,Month-to-month,Fiber optic,Yes,Yes,No,Yes,No,No,No,No
9606-PBKBQ,32,Month-to-month,Fiber optic,Yes,Yes,No,No,No,No,No,Yes
5149-QYTTU,71,One year,Fiber optic,Yes,Yes,Yes,Yes,Yes,Yes,No,No
2070-XYMFH,23,Month-to-month,Fiber optic,Yes,Yes,No,No,Yes,No,No,No
2085-BOJKI,17,One year,Fiber optic,Yes,No,No,No,Yes,No,Yes,Yes
0817-HSUSE,1,Month-to-month,DSL,Yes,No,No,No,Yes,Yes,Yes,Yes
5442-PPTJY,12,Two year,No,Yes,No,No internet service,No internet service,No internet service,No internet service,No internet service,No internet service
1927-QEWMY,72,Two year,No,Yes,No,No internet service,No internet service,No internet service,No internet service,No internet service,No internet service
1663-MHLHE,1,Month-to-month,No,Yes,No,No internet service,No internet service,No internet service,No internet service,No internet service,No internet service
5663-QBGIS,72,Two year,Fiber optic,Yes,Yes,No,Yes,No,No,Yes,Yes
4450-MDZFX,60,Month-to-month,Fiber optic,Yes,Yes,No,No,No,No,No,No
6701-DHKWQ,61,Two year,DSL,No,No phone service,No,Yes,Yes,Yes,Yes,No
7554-AKDQF,6,Month-to-month,DSL,Yes,No,No,No,No,No,No,No
3536-IQCTX,32,Month-to-month,Fiber optic,Yes,Yes,No,No,No,No,No,Yes
4911-BANWH,31,Month-to-month,Fiber optic,Yes,Yes,No,No,No,No,Yes,No
8496-EJAUI,19,Month-to-month,Fiber optic,Yes,No,No,Yes,No,No,No,No
0794-YVSGE,72,Two year,No,Yes,No,No internet service,No internet service,No internet service,No internet service,No internet service,No internet service
5423-BHIXO,32,Month-to-month,DSL,Yes,Yes,No,Yes,No,No,No,No
6908-VVYHM,65,Month-to-month,Fiber optic,Yes,Yes,No,Yes,No,No,No,Yes
2959-EEXWB,45,Month-to-month,DSL,No,No phone service,Yes,No,No,No,Yes,Yes
1839-UMACK,42,One year,No,Yes,Yes,No internet service,No internet service,No internet service,No internet service,No internet service,No internet service
3030-YDNRM,8,Month-to-month,Fiber optic,Yes,Yes,No,No,No,No,No,No
7321-KKSDU,32,Two year,No,Yes,No,No internet service,No internet service,No internet service,No internet service,No internet service,No internet service
3402-XRIUO,22,Month-to-month,DSL,Yes,Yes,Yes,Yes,No,Yes,No,No
3132-TVFDZ,57,Month-to-month,DSL,No,No phone service,No,No,No,No,Yes,Yes
8286-AFUYI,1,Month-to-month,DSL,Yes,No,Yes,No,No,No,No,No
8080-DDEMJ,1,Month-to-month,DSL,Yes,No,No,No,No,No,No,No
8356-WUAOJ,1,Month-to-month,DSL,Yes,No,No,No,No,No,No,No
6365-MTGZX,24,Month-to-month,Fiber optic,Yes,No,No,No,No,Yes,Yes,Yes
1349-WXNGG,1,Month-to-month,No,Yes,No,No internet service,No internet service,No internet service,No internet service,No internet service,No internet service
8058-DMYRU,54,Month-to-month,Fiber optic,Yes,Yes,No,Yes,No,No,No,Yes
9350-ZXYJC,4,Two year,No,Yes,Yes,No internet service,No internet service,No internet service,No internet service,No internet service,No internet service
6990-YNRIO,65,Two year,Fiber optic,Yes,Yes,Yes,No,Yes,Yes,Yes,Yes
8958-JPTRR,56,One year,No,Yes,Yes,No internet service,No internet service,No internet service,No internet service,No internet service,No internet service
6959-GQEGV,45,Month-to-month,DSL,Yes,No,Yes,No,Yes,No,Yes,Yes
3173-WSSUE,71,Two year,No,Yes,No,No internet service,No internet service,No internet service,No internet service,No internet service,No internet service
1265-HVPZB,59,One year,DSL,Yes,No,Yes,Yes,Yes,No,Yes,No
4115-UMJFQ,69,One year,DSL,No,No phone service,No,Yes,Yes,No,No,No
7369-TRPFD,19,One year,No,Yes,No,No internet service,No internet service,No internet service,No internet service,No internet service,No internet service
1098-KFQEC,55,Two year,No,Yes,No,No internet service,No internet service,No internet service,No internet service,No internet service,No internet service
7190-XHTWJ,38,One year,No,Yes,No,No internet service,No internet service,No internet service,No internet service,No internet service,No internet service
0621-TWIEM,10,Month-to-month,DSL,Yes,No,No,No,No,No,No,No
3537-RYBHH,47,Month-to-month,DSL,Yes,Yes,Yes,Yes,Yes,No,No,No
2485-ITVKB,2,Month-to-month,DSL,No,No phone service,No,No,No,No,No,Yes
3669-OYSJI,1,Month-to-month,DSL,Yes,No,No,No,No,No,No,No
1612-EOHDH,1,Month-to-month,DSL,Yes,No,No,No,No,No,No,No
6702-OHFWR,1,Month-to-month,DSL,No,No phone service,No,Yes,Yes,No,No,Yes
5296-BFCYD,46,Two year,No,Yes,No,No internet service,No internet service,No internet service,No internet service,No internet service,No internet service
4510-PYUSH,38,Month-to-month,DSL,Yes,No,Yes,Yes,No,No,No,No
9359-JANWS,65,Two year,DSL,Yes,No,Yes,No,Yes,Yes,No,No
7517-SAWMO,19,Month-to-month,Fiber optic,Yes,No,Yes,No,No,No,No,No
4143-HHPMK,52,Month-to-month,Fiber optic,Yes,No,No,Yes,No,No,No,Yes
3279-DYZQM,71,Two year,No,Yes,No,No internet service,No internet service,No internet service,No internet service,No internet service,No internet service
7054-LGEQW,1,Month-to-month,DSL,Yes,No,No,No,No,No,No,No
0523-VNGTF,52,Month-to-month,DSL,No,No phone service,No,Yes,Yes,Yes,Yes,No
9575-IWCAZ,6,One year,No,Yes,Yes,No internet service,No internet service,No internet service,No internet service,No internet service,No internet service
7105-MXJLL,26,One year,DSL,Yes,No,No,No,Yes,No,No,Yes
7064-FRRSW,48,One year,Fiber optic,Yes,Yes,No,Yes,No,No,Yes,Yes
7940-UQQUG,64,One year,Fiber optic,Yes,Yes,Yes,No,No,Yes,Yes,Yes
0923-PNFUB,3,Month-to-month,Fiber optic,Yes,No,No,Yes,No,No,Yes,No
3961-SXAXY,1,Month-to-month,DSL,Yes,No,No,No,No,No,No,No
7010-BRBUU,72,Two year,No,Yes,Yes,No internet service,No internet service,No internet service,No internet service,No internet service,No internet service
3566-HJGPK,1,Month-to-month,DSL,Yes,No,No,No,No,No,No,No
3062-ICYZQ,51,Month-to-month,Fiber optic,Yes,Yes,Yes,Yes,No,No,No,Yes
9938-PRCVK,41,Two year,No,Yes,No,No internet service,No internet service,No internet service,No internet service,No internet service,No internet service
0973-KYVNF,72,Two year,DSL,Yes,No,Yes,Yes,Yes,No,Yes,No
5129-HHMZC,43,Two year,DSL,Yes,Yes,Yes,Yes,No,Yes,Yes,Yes
9637-CDTKZ,72,Two year,Fiber optic,Yes,Yes,Yes,Yes,Yes,Yes,Yes,Yes
3946-JEWRQ,47,One year,Fiber optic,Yes,Yes,No,No,No,No,Yes,Yes
7873-CVMAW,72,Two year,DSL,Yes,Yes,Yes,Yes,Yes,Yes,Yes,Yes
0463-WZZKO,3,Month-to-month,No,Yes,No,No internet service,No internet service,No internet service,No internet service,No internet service,No internet service
3494-JCHRQ,1,Month-to-month,Fiber optic,Yes,No,No,No,No,No,No,No
6474-FVJLC,2,Month-to-month,Fiber optic,Yes,Yes,No,No,No,No,No,Yes
4524-QCSSM,26,Month-to-month,DSL,No,No phone service,Yes,Yes,No,No,No,Yes
5832-EXGTT,29,Month-to-month,DSL,Yes,No,Yes,No,No,No,No,Yes
8840-DQLGN,35,Month-to-month,Fiber optic,Yes,Yes,Yes,Yes,No,Yes,Yes,No
2039-JONDJ,27,One year,DSL,Yes,No,Yes,Yes,No,No,No,No
7217-JYHOQ,24,Month-to-month,DSL,Yes,No,Yes,Yes,No,Yes,No,Yes
6695-FRVEC,67,Two year,DSL,Yes,No,Yes,No,Yes,Yes,No,No
4547-LYTDD,16,Month-to-month,Fiber optic,Yes,Yes,No,No,No,No,No,No
9894-QMIMJ,23,One year,DSL,Yes,No,No,Yes,Yes,No,No,No
8069-YQQAJ,14,Month-to-month,DSL,No,No phone service,No,Yes,No,No,No,No
6770-XUAGN,1,Month-to-month,No,Yes,No,No internet service,No internet service,No internet service,No internet service,No internet service,No internet service
4193-ORFCL,1,Month-to-month,DSL,Yes,No,No,No,No,No,No,No
1636-NTNCO,4,Month-to-month,DSL,No,No phone service,No,Yes,No,No,Yes,Yes
3466-WAESX,16,Month-to-month,DSL,Yes,Yes,Yes,Yes,No,No,No,Yes
9281-PKKZE,46,Month-to-month,DSL,No,No phone service,No,No,No,No,Yes,Yes
3638-VBZTA,68,Two year,DSL,Yes,Yes,Yes,Yes,No,Yes,Yes,Yes
7459-IMVYU,38,Month-to-month,DSL,Yes,Yes,Yes,Yes,Yes,Yes,No,No
7776-QWNFX,30,Month-to-month,DSL,Yes,No,No,Yes,No,No,No,No
6689-TCZHQ,5,Month-to-month,Fiber optic,Yes,No,No,No,No,No,No,Yes
8563-OYMQY,17,Month-to-month,Fiber optic,Yes,No,No,Yes,Yes,No,No,Yes
0754-EEBDC,4,Two year,No,Yes,No,No internet service,No internet service,No internet service,No internet service,No internet service,No internet service
5777-ZPQNC,12,One year,No,Yes,No,No internet service,No internet service,No internet service,No internet service,No internet service,No internet service
1951-IEYXM,72,Two year,DSL,Yes,Yes,Yes,Yes,Yes,Yes,Yes,Yes
3318-NMQXL,3,Month-to-month,Fiber optic,Yes,No,No,No,No,No,Yes,Yes
3143-ILDAL,56,Month-to-month,Fiber optic,Yes,Yes,No,Yes,No,Yes,No,Yes
1022-RKXDR,41,One year,No,Yes,Yes,No internet service,No internet service,No internet service,No internet service,No internet service,No internet service
2361-FJWNO,40,One year,DSL,No,No phone service,No,Yes,No,Yes,No,No
2272-UOINI,7,Month-to-month,DSL,Yes,No,Yes,Yes,No,Yes,Yes,Yes
8232-UTFOZ,69,Two year,No,Yes,No,No internet service,No internet service,No internet service,No internet service,No internet service,No internet service
3750-YHRYO,7,One year,No,Yes,No,No internet service,No internet service,No internet service,No internet service,No internet service,No internet service
6637-KYRCV,5,Month-to-month,DSL,No,No phone service,No,Yes,No,No,No,No
5668-MEISB,72,Two year,Fiber optic,Yes,Yes,Yes,Yes,Yes,Yes,Yes,No
0129-QMPDR,44,One year,No,Yes,No,No internet service,No internet service,No internet service,No internet service,No internet service,No internet service
7188-CBBBA,65,One year,Fiber optic,Yes,Yes,No,Yes,Yes,No,Yes,No
5356-CSVSQ,3,Month-to-month,DSL,Yes,Yes,No,No,No,Yes,Yes,No
3221-CJMSG,24,Month-to-month,DSL,Yes,No,No,No,No,Yes,No,No
4720-VSTSI,44,Month-to-month,Fiber optic,Yes,Yes,No,Yes,Yes,No,No,No
3219-JQRSL,72,Two year,DSL,Yes,Yes,Yes,Yes,Yes,Yes,Yes,Yes
2801-NISEI,24,Month-to-month,DSL,Yes,No,Yes,No,No,Yes,No,No
3946-MHCZW,1,Month-to-month,DSL,Yes,No,No,No,Yes,No,No,No
4623-ZKHLY,22,Month-to-month,No,Yes,No,No internet service,No internet service,No internet service,No internet service,No internet service,No internet service
6732-VAILE,70,Two year,DSL,Yes,Yes,No,Yes,Yes,Yes,Yes,Yes
8201-AAXCB,25,Month-to-month,DSL,Yes,Yes,No,No,No,No,Yes,No
7696-CFTAT,37,Two year,No,Yes,No,No internet service,No internet service,No internet service,No internet service,No internet service,No internet service
1845-CSBRZ,22,Month-to-month,Fiber optic,Yes,Yes,No,No,No,No,Yes,No
2123-VSCOT,59,Two year,DSL,Yes,Yes,No,No,Yes,Yes,Yes,No
6651-AZVTJ,49,Month-to-month,Fiber optic,Yes,Yes,No,No,Yes,No,Yes,Yes
4566-GOLUK,47,Month-to-month,Fiber optic,Yes,Yes,No,No,Yes,Yes,Yes,Yes
2484-DGXPZ,31,Month-to-month,No,Yes,No,No internet service,No internet service,No internet service,No internet service,No internet service,No internet service
2018-QKYGT,1,Month-to-month,Fiber optic,Yes,No,No,No,No,No,No,Yes
2792-VPPET,3,Month-to-month,No,Yes,No,No internet service,No internet service,No internet service,No internet service,No internet service,No internet service
7409-JURKQ,53,One year,Fiber optic,Yes,Yes,No,Yes,Yes,Yes,Yes,Yes
3247-MHJKM,1,Month-to-month,No,Yes,No,No internet service,No internet service,No internet service,No internet service,No internet service,No internet service
1964-SVLEA,20,One year,No,Yes,No,No internet service,No internet service,No internet service,No internet service,No internet service,No internet service
4587-NUKOX,3,Month-to-month,Fiber optic,Yes,No,Yes,Yes,No,No,No,No
7297-DVYGA,51,One year,No,Yes,No,No internet service,No internet service,No internet service,No internet service,No internet service,No internet service
2239-CGBUZ,51,One year,DSL,Yes,No,Yes,Yes,No,Yes,No,No
0854-UYHZD,13,Two year,No,Yes,No,No internet service,No internet service,No internet service,No internet service,No internet service,No internet service
7243-LCGGZ,1,Month-to-month,No,Yes,No,No internet service,No internet service,No internet service,No internet service,No internet service,No internet service
8267-KFGYD,1,Month-to-month,No,Yes,No,No internet service,No internet service,No internet service,No internet service,No internet service,No internet service
4890-VMUAV,63,One year,DSL,Yes,Yes,Yes,Yes,Yes,Yes,No,No
9261-WDCAF,3,Month-to-month,DSL,Yes,No,No,No,No,No,No,Yes
3764-MNMOI,46,Two year,No,Yes,No,No internet service,No internet service,No internet service,No internet service,No internet service,No internet service
7442-YGZFK,1,Month-to-month,DSL,Yes,Yes,No,No,No,No,No,No
0420-BWTPW,8,Month-to-month,DSL,No,No phone service,No,No,No,No,No,No
8229-BUJHX,71,Two year,No,Yes,No,No internet service,No internet service,No internet service,No internet service,No internet service,No internet service
7449-HVPIV,55,Month-to-month,Fiber optic,Yes,Yes,No,No,Yes,No,Yes,No
5504-WSIUR,70,One year,Fiber optic,Yes,Yes,No,Yes,Yes,Yes,No,No
8183-ONMXC,2,Month-to-month,Fiber optic,Yes,No,No,No,No,No,No,Yes
8466-PZBLH,67,Two year,Fiber optic,Yes,Yes,Yes,No,No,Yes,Yes,Yes
9614-RMGHA,65,Month-to-month,Fiber optic,Yes,Yes,No,Yes,No,No,Yes,No
8735-IJJEG,14,Month-to-month,DSL,Yes,No,No,No,Yes,No,No,No
0564-MUUQK,20,Month-to-month,Fiber optic,Yes,Yes,No,No,Yes,Yes,No,Yes
5054-IEXZT,1,Month-to-month,Fiber optic,Yes,No,No,Yes,No,No,No,No
5834-ASPWA,1,Month-to-month,Fiber optic,Yes,Yes,No,No,No,No,No,No
0701-RFGFI,49,Month-to-month,Fiber optic,Yes,Yes,No,No,No,No,Yes,Yes
0019-EFAEP,72,Two year,Fiber optic,Yes,Yes,Yes,Yes,Yes,No,Yes,No
5619-PTMIK,46,Month-to-month,DSL,Yes,Yes,Yes,No,No,No,No,No
3737-XBQDD,24,Month-to-month,Fiber optic,Yes,Yes,No,Yes,Yes,No,No,No
5882-CMAZQ,5,Month-to-month,DSL,No,No phone service,No,Yes,No,Yes,No,No
5846-QFDFI,33,Month-to-month,Fiber optic,Yes,Yes,No,Yes,Yes,Yes,No,No
4445-KWOKW,42,One year,DSL,Yes,Yes,Yes,Yes,No,No,No,No
3511-APPBJ,23,One year,Fiber optic,Yes,No,Yes,No,Yes,No,Yes,Yes
7967-HYCDE,8,Month-to-month,Fiber optic,Yes,No,No,No,No,No,No,No
2430-RRYUW,66,One year,DSL,Yes,No,Yes,Yes,No,No,No,No
3948-XHGNA,24,Month-to-month,DSL,Yes,No,Yes,No,No,No,No,No
3723-BFBGR,24,Month-to-month,DSL,Yes,Yes,No,Yes,No,No,No,No
0565-IYCGT,69,One year,DSL,Yes,Yes,Yes,Yes,Yes,Yes,No,Yes
5447-WZAFP,53,One year,Fiber optic,Yes,No,No,Yes,Yes,No,Yes,Yes
5110-CHOPY,60,Two year,DSL,No,No phone service,Yes,No,Yes,No,Yes,Yes
5445-UTODQ,7,Month-to-month,Fiber optic,Yes,No,No,No,No,No,Yes,No
4425-OWHWB,20,One year,No,Yes,No,No internet service,No internet service,No internet service,No internet service,No internet service,No internet service
7892-QVYKW,23,Month-to-month,Fiber optic,Yes,Yes,No,No,No,No,No,Yes
9675-ICXCT,72,Two year,DSL,Yes,No,Yes,No,Yes,Yes,Yes,Yes
1024-VRZHF,11,Month-to-month,Fiber optic,Yes,Yes,No,No,No,No,No,No
4703-MQYKT,21,Two year,No,Yes,No,No internet service,No internet service,No internet service,No internet service,No internet service,No internet service
9497-QCMMS,1,Month-to-month,Fiber optic,Yes,Yes,No,No,No,No,Yes,Yes
5692-ICXLW,31,Month-to-month,Fiber optic,Yes,Yes,No,Yes,No,No,Yes,No
0602-DDUML,57,Two year,DSL,Yes,No,No,Yes,Yes,Yes,Yes,No
2208-MPXIO,45,Two year,No,Yes,No,No internet service,No internet service,No internet service,No internet service,No internet service,No internet service
1960-UYCNN,10,Month-to-month,Fiber optic,Yes,Yes,No,Yes,Yes,No,No,Yes
0348-SDKOL,58,Month-to-month,Fiber optic,Yes,Yes,No,No,Yes,Yes,Yes,Yes
3190-FZATL,14,Month-to-month,No,Yes,No,No internet service,No internet service,No internet service,No internet service,No internet service,No internet service
7336-RLLRH,27,One year,DSL,Yes,Yes,Yes,No,No,Yes,Yes,Yes
4373-MAVJG,14,Month-to-month,Fiber optic,Yes,Yes,No,Yes,No,No,No,Yes
8901-HJXTF,12,Month-to-month,DSL,No,No phone service,No,Yes,No,No,No,No
7710-JSYOA,69,Two year,Fiber optic,Yes,Yes,No,Yes,No,Yes,No,Yes
5419-KLXBN,25,Month-to-month,Fiber optic,Yes,No,No,Yes,Yes,No,Yes,No
3424-NMNBO,58,One year,Fiber optic,Yes,Yes,Yes,Yes,Yes,No,Yes,Yes
9885-MFVSU,35,Two year,DSL,No,No phone service,Yes,No,No,Yes,Yes,No
4514-GFCFI,16,Month-to-month,Fiber optic,Yes,Yes,No,No,No,No,Yes,No
0607-MVMGC,45,One year,DSL,Yes,Yes,No,Yes,Yes,No,Yes,Yes
3365-SAIGS,17,Month-to-month,Fiber optic,Yes,No,No,Yes,No,No,Yes,No
9828-AOQLM,1,Month-to-month,DSL,Yes,No,No,No,No,No,No,No
8022-BECSI,22,One year,No,Yes,No,No internet service,No internet service,No internet service,No internet service,No internet service,No internet service
8000-REIQB,1,Month-to-month,Fiber optic,Yes,No,No,No,No,No,No,No
9993-LHIEB,67,Two year,DSL,Yes,No,Yes,No,Yes,Yes,No,Yes
0266-CLZKZ,67,Two year,Fiber optic,Yes,Yes,No,No,Yes,Yes,Yes,Yes
7615-ESMYF,2,Month-to-month,DSL,No,No phone service,No,No,No,No,Yes,Yes
3858-VOBET,23,Month-to-month,Fiber optic,Yes,Yes,No,No,No,No,No,No
7020-OZKXZ,9,Month-to-month,Fiber optic,Yes,No,No,No,Yes,No,No,No
3977-QCRSL,5,Month-to-month,No,Yes,No,No internet service,No internet service,No internet service,No internet service,No internet service,No internet service
0017-DINOC,54,Two year,DSL,No,No phone service,Yes,No,No,Yes,Yes,No
1447-PJGGA,57,Two year,Fiber optic,Yes,No,No,No,Yes,No,Yes,Yes
8565-CLBZW,24,Month-to-month,Fiber optic,Yes,Yes,No,No,Yes,No,Yes,No
9139-WQQDY,49,One year,Fiber optic,Yes,Yes,No,Yes,No,No,Yes,Yes
0224-HJAPT,5,Month-to-month,DSL,Yes,Yes,No,No,No,No,No,No
8086-OVPWV,2,Month-to-month,Fiber optic,Yes,No,No,No,No,No,No,Yes
9430-FRQOC,4,Month-to-month,Fiber optic,Yes,Yes,No,No,Yes,Yes,No,No
7639-OPLNG,70,Two year,DSL,Yes,Yes,Yes,Yes,Yes,Yes,Yes,No
3074-GQWYX,5,Month-to-month,Fiber optic,Yes,Yes,No,No,No,No,No,No
1492-QGCLU,53,Month-to-month,DSL,Yes,Yes,Yes,No,Yes,Yes,Yes,Yes
6845-RGTYS,47,Month-to-month,Fiber optic,Yes,Yes,Yes,Yes,Yes,No,Yes,No
7328-OWMOM,31,One year,No,Yes,No,No internet service,No internet service,No internet service,No internet service,No internet service,No internet service
4418-LZMSV,13,Month-to-month,DSL,Yes,No,No,Yes,Yes,Yes,No,No
5155-AZQPB,28,Month-to-month,DSL,Yes,Yes,No,No,No,No,No,No
8861-HGGKB,10,Month-to-month,Fiber optic,Yes,Yes,No,No,No,No,No,Yes
1087-GRUYI,38,Two year,No,Yes,No,No internet service,No internet service,No internet service,No internet service,No internet service,No internet service
7065-YUNRY,1,Month-to-month,DSL,Yes,No,No,No,No,No,No,No
7694-VLBWQ,67,One year,Fiber optic,Yes,Yes,No,Yes,Yes,No,Yes,Yes
2546-KZAAT,52,One year,DSL,Yes,No,Yes,Yes,No,No,Yes,Yes
0181-RITDD,62,Two year,Fiber optic,Yes,No,Yes,Yes,Yes,Yes,Yes,Yes
5989-PGKJB,16,Month-to-month,Fiber optic,Yes,No,No,Yes,No,No,No,Yes
4795-KTRTH,5,Month-to-month,Fiber optic,Yes,Yes,No,Yes,No,No,No,No
8272-ONJLV,12,One year,Fiber optic,Yes,No,No,No,Yes,No,Yes,Yes
1488-PBLJN,72,Two year,Fiber optic,Yes,Yes,Yes,Yes,Yes,Yes,Yes,Yes
0308-GIQJT,71,One year,Fiber optic,Yes,Yes,No,Yes,No,Yes,Yes,Yes
3778-FOAQW,24,One year,No,Yes,No,No internet service,No internet service,No internet service,No internet service,No internet service,No internet service
4452-ROHMO,15,Two year,No,Yes,No,No internet service,No internet service,No internet service,No internet service,No internet service,No internet service
6481-OGDOO,67,One year,Fiber optic,Yes,No,Yes,Yes,No,No,No,Yes
3090-LETTY,2,Month-to-month,DSL,Yes,Yes,Yes,Yes,No,No,No,No
5349-AZPEW,5,Month-to-month,DSL,No,No phone service,No,No,No,No,No,No
3753-TSEMP,15,Month-to-month,Fiber optic,Yes,No,No,No,No,No,Yes,Yes
8305-VHZBZ,1,Month-to-month,No,Yes,No,No internet service,No internet service,No internet service,No internet service,No internet service,No internet service
9720-JJJOR,41,One year,DSL,Yes,No,Yes,Yes,Yes,No,No,No
8100-HZZLJ,43,Month-to-month,DSL,Yes,No,Yes,Yes,No,No,No,Yes
8775-ERLNB,1,Month-to-month,Fiber optic,Yes,Yes,No,No,No,No,No,No
8309-IEYJD,1,Month-to-month,Fiber optic,Yes,No,No,No,No,No,No,No
9172-JITSM,26,Month-to-month,Fiber optic,Yes,No,No,No,No,No,Yes,Yes
6298-QDFNH,22,Month-to-month,Fiber optic,Yes,Yes,No,Yes,No,No,No,No
7398-HPYZQ,71,Two year,DSL,Yes,Yes,Yes,Yes,Yes,Yes,Yes,Yes
3546-GHEAE,7,Two year,No,Yes,No,No internet service,No internet service,No internet service,No internet service,No internet service,No internet service
7361-YPXFS,28,Month-to-month,DSL,Yes,Yes,No,Yes,Yes,Yes,No,No
6557-BZXLQ,16,Month-to-month,Fiber optic,Yes,No,No,No,No,No,No,No
2550-QHZGP,7,One year,No,Yes,No,No internet service,No internet service,No internet service,No internet service,No internet service,No internet service
7519-JTWQH,69,Two year,Fiber optic,Yes,Yes,No,Yes,Yes,Yes,Yes,Yes
2538-OIMXF,1,Month-to-month,DSL,No,No phone service,No,No,No,No,No,No
8543-MSDMF,3,Month-to-month,DSL,Yes,No,Yes,No,Yes,No,Yes,Yes
9961-JBNMK,21,Month-to-month,Fiber optic,Yes,No,No,No,Yes,No,Yes,Yes
1170-SASML,69,Month-to-month,Fiber optic,Yes,Yes,No,Yes,Yes,No,No,No
4872-JCVCA,71,Two year,DSL,No,No phone service,Yes,Yes,Yes,Yes,No,No
5346-BZCHP,69,Two year,No,Yes,No,No internet service,No internet service,No internet service,No internet service,No internet service,No internet service
2038-LLMLM,48,Month-to-month,Fiber optic,Yes,Yes,No,No,Yes,Yes,Yes,Yes
6173-ITPWD,47,Month-to-month,Fiber optic,Yes,Yes,No,Yes,Yes,No,No,No
9734-UYXQI,2,Month-to-month,DSL,Yes,Yes,No,No,No,No,No,No
1216-BGTSP,45,Month-to-month,Fiber optic,Yes,Yes,Yes,No,Yes,Yes,Yes,Yes
4138-NAXED,51,Month-to-month,Fiber optic,Yes,Yes,No,Yes,No,No,No,No
2189-UXTKY,22,Month-to-month,DSL,Yes,Yes,Yes,No,No,Yes,Yes,Yes
0744-BIKKF,72,Two year,DSL,Yes,Yes,Yes,Yes,Yes,Yes,Yes,Yes
7483-IQWIB,37,Month-to-month,Fiber optic,Yes,Yes,No,Yes,Yes,No,Yes,No
5248-KWLAR,71,Two year,DSL,Yes,Yes,Yes,Yes,Yes,Yes,Yes,Yes
4958-GZWIY,7,Month-to-month,DSL,Yes,No,No,No,Yes,No,No,No
7996-MHXLW,66,Two year,No,Yes,Yes,No internet service,No internet service,No internet service,No internet service,No internet service,No internet service
7833-PKIHD,51,One year,DSL,Yes,No,Yes,No,No,Yes,Yes,Yes
7061-OVMIM,30,One year,No,Yes,No,No internet service,No internet service,No internet service,No internet service,No internet service,No internet service
5153-RTHKF,34,Month-to-month,Fiber optic,Yes,Yes,No,No,No,No,Yes,No
1852-QSWCD,64,Two year,No,Yes,Yes,No internet service,No internet service,No internet service,No internet service,No internet service,No internet service
4832-VRBMR,65,One year,Fiber optic,Yes,Yes,No,Yes,Yes,No,Yes,Yes
9079-LWTFD,47,Month-to-month,Fiber optic,Yes,Yes,Yes,Yes,No,Yes,Yes,No
6356-ELRKD,1,Month-to-month,Fiber optic,Yes,No,Yes,No,No,No,Yes,Yes
8624-GIOUT,49,Month-to-month,DSL,Yes,Yes,Yes,Yes,No,No,No,No
3392-EHMNK,67,Two year,Fiber optic,Yes,Yes,No,Yes,No,Yes,Yes,No
5986-WWXDV,39,One year,No,Yes,No,No internet service,No internet service,No internet service,No internet service,No internet service,No internet service
3061-BCKYI,14,Month-to-month,No,Yes,No,No internet service,No internet service,No internet service,No internet service,No internet service,No internet service
6179-GJPSO,43,Month-to-month,Fiber optic,Yes,No,Yes,Yes,No,Yes,Yes,Yes
7901-TBKJX,56,Month-to-month,Fiber optic,Yes,Yes,No,No,Yes,No,Yes,Yes
7228-PAQPD,14,One year,DSL,Yes,No,No,No,No,Yes,No,Yes
3177-LASXD,1,Month-to-month,Fiber optic,Yes,No,No,No,No,No,No,No
7746-QYVCO,16,One year,DSL,Yes,No,Yes,Yes,No,No,No,No
5804-HYIEZ,70,Month-to-month,Fiber optic,Yes,Yes,Yes,Yes,No,No,Yes,Yes
9919-FZDED,72,Two year,DSL,Yes,Yes,Yes,Yes,Yes,No,Yes,Yes
5934-TSSAU,23,Month-to-month,Fiber optic,Yes,No,No,No,Yes,No,No,No
3486-KHMLI,21,Month-to-month,No,Yes,Yes,No internet service,No internet service,No internet service,No internet service,No internet service,No internet service
4897-QSUYC,1,Month-to-month,No,Yes,No,No internet service,No internet service,No internet service,No internet service,No internet service,No internet service
1084-UQCHV,1,Month-to-month,Fiber optic,Yes,No,No,No,No,No,No,No
8290-YWKHZ,32,Month-to-month,Fiber optic,Yes,Yes,No,No,No,No,Yes,Yes
2955-BJZHG,17,Month-to-month,Fiber optic,Yes,No,No,No,No,No,Yes,No
3806-DXQOM,4,Month-to-month,DSL,No,No phone service,Yes,Yes,No,No,No,No
6784-XYJAE,36,One year,DSL,Yes,Yes,No,No,Yes,No,No,No
3933-DQPWX,50,Two year,DSL,No,No phone service,No,Yes,Yes,Yes,No,No
6661-EIPZC,48,Month-to-month,DSL,No,No phone service,No,No,No,Yes,No,No
8957-THMOA,50,Two year,No,Yes,No,No internet service,No internet service,No internet service,No internet service,No internet service,No internet service
2251-PYLPB,72,Two year,DSL,Yes,Yes,Yes,Yes,Yes,Yes,No,Yes
5555-RNPGT,10,Month-to-month,No,Yes,Yes,No internet service,No internet service,No internet service,No internet service,No internet service,No internet service
1057-FOGLZ,18,Month-to-month,No,Yes,No,No internet service,No internet service,No internet service,No internet service,No internet service,No internet service
9300-RENDD,1,Month-to-month,Fiber optic,Yes,No,No,No,No,No,Yes,No
0761-AETCS,1,Month-to-month,No,Yes,No,No internet service,No internet service,No internet service,No internet service,No internet service,No internet service
8087-LGYHQ,9,Month-to-month,Fiber optic,Yes,No,No,No,Yes,No,Yes,Yes
4137-BTIKL,2,Month-to-month,Fiber optic,Yes,Yes,Yes,No,No,No,No,Yes
2190-BCXEC,40,Month-to-month,Fiber optic,Yes,Yes,No,No,No,Yes,No,No
6227-FBDXH,69,One year,Fiber optic,Yes,Yes,No,No,Yes,No,Yes,Yes
2153-MREFK,37,One year,Fiber optic,Yes,Yes,Yes,No,Yes,Yes,No,Yes
2911-WDXMV,18,Month-to-month,Fiber optic,Yes,Yes,No,No,Yes,No,No,No
7206-PQBBZ,11,Month-to-month,Fiber optic,Yes,No,No,No,No,No,No,No
3106-ULWFW,8,Month-to-month,Fiber optic,Yes,Yes,No,No,No,No,No,Yes
0925-VYDLG,3,Month-to-month,Fiber optic,Yes,Yes,No,No,No,No,No,No
4547-FZJWE,55,One year,DSL,Yes,No,Yes,No,No,No,No,Yes
7422-WNBTY,33,Month-to-month,Fiber optic,Yes,Yes,No,Yes,Yes,No,No,Yes
0842-IWYCP,46,Month-to-month,DSL,Yes,No,No,No,No,No,No,No
3521-HTQTV,34,Two year,No,Yes,Yes,No internet service,No internet service,No internet service,No internet service,No internet service,No internet service
3744-ZBHON,3,Month-to-month,No,Yes,No,No internet service,No internet service,No internet service,No internet service,No internet service,No internet service
3373-DIUUN,30,Two year,No,Yes,No,No internet service,No internet service,No internet service,No internet service,No internet service,No internet service
8383-SGHJU,33,One year,DSL,Yes,Yes,Yes,No,No,Yes,No,No
7607-QKKTJ,45,One year,Fiber optic,Yes,Yes,No,Yes,Yes,No,No,Yes
7707-PYBBH,40,Month-to-month,DSL,Yes,No,Yes,Yes,No,Yes,No,No
8984-HPEMB,71,Two year,Fiber optic,Yes,Yes,Yes,Yes,Yes,Yes,Yes,Yes
4349-GFQHK,1,Month-to-month,DSL,Yes,Yes,No,No,Yes,No,No,No
4139-DETXS,72,Two year,DSL,No,No phone service,Yes,Yes,Yes,Yes,Yes,Yes
9779-DPNEJ,22,Month-to-month,Fiber optic,Yes,No,No,No,No,No,No,Yes
9805-FILKB,46,One year,No,Yes,No,No internet service,No internet service,No internet service,No internet service,No internet service,No internet service
5793-YOLJN,55,Two year,No,Yes,No,No internet service,No internet service,No internet service,No internet service,No internet service,No internet service
0673-IGUQO,1,Month-to-month,No,Yes,No,No internet service,No internet service,No internet service,No internet service,No internet service,No internet service
4123-FCVCB,12,One year,DSL,Yes,Yes,No,No,No,Yes,Yes,Yes
8819-IMISP,31,Month-to-month,Fiber optic,Yes,Yes,No,Yes,No,No,No,No
7802-EFKNY,5,Month-to-month,DSL,No,No phone service,No,No,No,No,No,No
8311-UEUAB,67,Two year,DSL,Yes,Yes,Yes,No,No,No,Yes,Yes
5858-EAFCZ,1,Month-to-month,DSL,Yes,No,No,No,No,No,No,No
8035-BUYVG,40,One year,DSL,No,No phone service,Yes,Yes,Yes,No,No,No
1163-ONYEY,41,Month-to-month,DSL,Yes,Yes,Yes,Yes,Yes,No,Yes,No
9787-XVQIU,1,Month-to-month,Fiber optic,Yes,Yes,No,No,No,No,No,No
8945-MUQUF,51,One year,Fiber optic,Yes,Yes,Yes,Yes,No,No,Yes,No
5656-MJEFC,42,Two year,DSL,No,No phone service,Yes,No,Yes,Yes,Yes,No
6082-OQFBA,23,One year,No,Yes,No,No internet service,No internet service,No internet service,No internet service,No internet service,No internet service
8051-HJRLT,1,Month-to-month,Fiber optic,Yes,No,No,No,No,No,No,No
8974-OVACP,1,Month-to-month,No,Yes,No,No internet service,No internet service,No internet service,No internet service,No internet service,No internet service
4010-YLMVT,56,Month-to-month,Fiber optic,Yes,Yes,Yes,Yes,No,No,Yes,Yes
1379-FRVEB,15,Month-to-month,Fiber optic,Yes,Yes,No,Yes,No,No,Yes,No
8612-GXIDD,12,Two year,No,Yes,Yes,No internet service,No internet service,No internet service,No internet service,No internet service,No internet service
6288-CHQJB,54,Two year,DSL,Yes,No,Yes,No,Yes,Yes,No,Yes
8160-HOWOX,7,Month-to-month,DSL,Yes,No,No,No,No,No,Yes,Yes
3023-GFLBR,33,Month-to-month,Fiber optic,Yes,Yes,No,No,No,No,No,Yes
6648-INWPS,16,Month-to-month,No,Yes,No,No internet service,No internet service,No internet service,No internet service,No internet service,No internet service
4223-BKEOR,21,One year,DSL,Yes,No,Yes,No,Yes,No,No,Yes
4079-VTGLK,30,Two year,DSL,Yes,Yes,No,No,Yes,No,Yes,Yes
1763-WQFUK,3,Month-to-month,DSL,Yes,No,No,No,No,Yes,No,No
1391-UBDAR,11,Month-to-month,Fiber optic,Yes,No,No,No,Yes,No,No,No
8894-JVDCV,62,One year,Fiber optic,Yes,Yes,Yes,Yes,Yes,Yes,Yes,Yes
2023-VQFDL,18,Month-to-month,No,Yes,No,No internet service,No internet service,No internet service,No internet service,No internet service,No internet service
1345-GKDZZ,6,Month-to-month,No,Yes,No,No internet service,No internet service,No internet service,No internet service,No internet service,No internet service
2014-MKGMH,46,One year,Fiber optic,Yes,Yes,No,No,Yes,No,Yes,Yes
5628-FCGYG,21,Month-to-month,Fiber optic,Yes,Yes,No,No,No,No,No,Yes
2560-WBWXF,68,Two year,No,Yes,Yes,No internet service,No internet service,No internet service,No internet service,No internet service,No internet service
0248-IPDFW,1,Month-to-month,DSL,Yes,Yes,No,No,No,No,No,No
7978-DKUQH,25,Month-to-month,Fiber optic,Yes,No,No,No,Yes,No,No,No
4335-UPJSI,24,Two year,No,Yes,No,No internet service,No internet service,No internet service,No internet service,No internet service,No internet service
0524-IAVZO,30,Month-to-month,Fiber optic,Yes,Yes,No,No,No,No,No,Yes
2737-YNGYW,2,Month-to-month,Fiber optic,Yes,No,No,No,No,No,No,Yes
1784-EZDKJ,51,One year,Fiber optic,Yes,Yes,No,Yes,Yes,No,Yes,Yes
9297-FVVDH,57,Two year,DSL,Yes,Yes,Yes,No,Yes,Yes,Yes,Yes
8007-YYPWD,15,Two year,No,Yes,Yes,No internet service,No internet service,No internet service,No internet service,No internet service,No internet service
7101-HRBLJ,72,Two year,DSL,Yes,No,Yes,Yes,Yes,Yes,Yes,Yes
5159-YFPKQ,2,Month-to-month,Fiber optic,Yes,No,No,No,Yes,No,No,No
6635-CPNUN,28,Month-to-month,Fiber optic,Yes,Yes,No,Yes,Yes,No,Yes,No
4021-RQSNY,29,Month-to-month,Fiber optic,Yes,Yes,No,No,Yes,No,Yes,Yes
5453-YBTWV,70,Two year,Fiber optic,Yes,No,Yes,Yes,Yes,Yes,Yes,No
5039-LZRQT,13,One year,No,Yes,No,No internet service,No internet service,No internet service,No internet service,No internet service,No internet service
2931-VUVJN,59,One year,Fiber optic,Yes,Yes,Yes,Yes,Yes,Yes,No,No
9061-TIHDA,13,Month-to-month,Fiber optic,Yes,Yes,No,No,No,No,Yes,Yes
8699-ASUFO,7,Month-to-month,Fiber optic,Yes,Yes,No,No,No,No,No,No
6418-PIQSP,62,Two year,DSL,Yes,No,Yes,No,Yes,Yes,Yes,Yes
8220-OCUFY,21,One year,DSL,Yes,No,Yes,No,Yes,Yes,No,No
3995-WFCSM,2,Month-to-month,DSL,Yes,No,No,No,Yes,No,No,Yes
1895-QTKDO,1,Month-to-month,DSL,Yes,No,No,No,No,No,No,No
2038-OEQZH,4,Month-to-month,Fiber optic,Yes,No,No,No,Yes,No,No,Yes
1178-PZGAB,19,One year,No,Yes,No,No internet service,No internet service,No internet service,No internet service,No internet service,No internet service
7927-AUXBZ,30,Month-to-month,Fiber optic,Yes,No,No,No,No,Yes,Yes,No
2626-VEEWG,67,Two year,No,Yes,No,No internet service,No internet service,No internet service,No internet service,No internet service,No internet service
2878-RMWXY,72,Two year,Fiber optic,Yes,Yes,Yes,Yes,Yes,No,No,Yes
1657-DYMBM,53,Two year,No,Yes,No,No internet service,No internet service,No internet service,No internet service,No internet service,No internet service
7311-MQJCH,5,One year,No,Yes,No,No internet service,No internet service,No internet service,No internet service,No internet service,No internet service
7375-WMVMT,71,Two year,Fiber optic,Yes,No,No,Yes,Yes,Yes,No,Yes
1136-XGEQU,50,One year,DSL,Yes,Yes,No,Yes,Yes,Yes,Yes,Yes
2530-FMFXO,56,Two year,Fiber optic,Yes,Yes,No,No,Yes,Yes,Yes,Yes
6844-DZKRF,2,Month-to-month,DSL,Yes,No,No,No,No,Yes,No,No
4695-WJZUE,2,Month-to-month,Fiber optic,Yes,Yes,No,No,Yes,No,No,Yes
7619-ODSGN,24,Month-to-month,DSL,Yes,Yes,Yes,No,No,No,No,No
5970-GHJAW,46,Two year,No,Yes,No,No internet service,No internet service,No internet service,No internet service,No internet service,No internet service
8879-XUAHX,71,Two year,Fiber optic,Yes,Yes,Yes,Yes,Yes,Yes,Yes,Yes
3689-MOZGR,29,Month-to-month,DSL,No,No phone service,No,No,No,Yes,No,No
4195-PNGZS,69,Two year,No,Yes,Yes,No internet service,No internet service,No internet service,No internet service,No internet service,No internet service
5003-XZWWO,71,Two year,DSL,Yes,Yes,No,Yes,Yes,Yes,Yes,Yes
3988-RQIXO,1,Month-to-month,Fiber optic,Yes,No,No,No,No,No,Yes,Yes
7622-FWGEW,56,Two year,DSL,Yes,No,Yes,Yes,Yes,Yes,Yes,Yes
6922-NCEDI,56,One year,No,Yes,No,No internet service,No internet service,No internet service,No internet service,No internet service,No internet service
2514-GINMM,1,Month-to-month,Fiber optic,Yes,No,No,No,No,No,Yes,No
9891-NQDBD,28,One year,No,Yes,Yes,No internet service,No internet service,No internet service,No internet service,No internet service,No internet service
6131-IUNXN,19,Month-to-month,No,Yes,No,No internet service,No internet service,No internet service,No internet service,No internet service,No internet service
8548-AWOFC,66,Month-to-month,DSL,Yes,Yes,No,No,No,Yes,No,Yes
9798-DRYDS,17,One year,DSL,Yes,Yes,No,No,Yes,Yes,No,No
8532-UEFWH,52,Two year,No,Yes,Yes,No internet service,No internet service,No internet service,No internet service,No internet service,No internet service
6296-DDOOR,19,One year,DSL,Yes,No,No,Yes,No,No,Yes,No
7951-VRDVK,36,One year,DSL,Yes,No,Yes,Yes,Yes,Yes,Yes,Yes
5931-FLJJF,7,Month-to-month,Fiber optic,Yes,No,No,No,No,No,No,No
4815-YOSUK,72,One year,Fiber optic,Yes,Yes,Yes,Yes,Yes,Yes,No,Yes
2659-VXMWZ,67,One year,Fiber optic,Yes,Yes,Yes,Yes,Yes,No,Yes,Yes
0380-NEAVX,34,One year,Fiber optic,Yes,No,No,Yes,Yes,No,Yes,Yes
3207-OYBWH,57,Month-to-month,Fiber optic,Yes,Yes,No,Yes,Yes,No,No,Yes
4285-GYRQC,7,Month-to-month,Fiber optic,Yes,No,No,No,Yes,No,Yes,No
7216-EWTRS,1,Month-to-month,Fiber optic,Yes,Yes,No,No,Yes,No,Yes,Yes
4365-MSDYN,8,Month-to-month,No,Yes,No,No internet service,No internet service,No internet service,No internet service,No internet service,No internet service
7036-TYDEC,69,Two year,Fiber optic,Yes,Yes,No,No,Yes,Yes,Yes,Yes
5802-ADBRC,50,One year,Fiber optic,Yes,Yes,Yes,No,Yes,No,Yes,Yes
8076-FEZKJ,10,One year,No,Yes,No,No internet service,No internet service,No internet service,No internet service,No internet service,No internet service
5197-YPYBZ,12,Two year,No,Yes,Yes,No internet service,No internet service,No internet service,No internet service,No internet service,No internet service
8337-MSSXB,14,Month-to-month,Fiber optic,Yes,No,No,Yes,No,No,No,Yes
4312-GVYNH,70,Two year,DSL,No,No phone service,Yes,No,Yes,Yes,No,Yes
8495-LJDFO,64,Month-to-month,Fiber optic,Yes,Yes,Yes,No,Yes,Yes,Yes,Yes
0839-JTCUD,66,Two year,DSL,Yes,Yes,Yes,Yes,Yes,Yes,Yes,Yes
5494-WOZRZ,71,Two year,DSL,Yes,No,Yes,No,Yes,Yes,Yes,Yes
1302-UHBDD,20,Month-to-month,Fiber optic,Yes,No,No,No,No,No,Yes,Yes
2234-EOFPT,72,Two year,DSL,Yes,No,Yes,Yes,No,Yes,Yes,Yes
8619-IJNDK,71,Two year,DSL,Yes,No,Yes,Yes,Yes,Yes,No,No
8378-LKJAF,38,Month-to-month,Fiber optic,Yes,Yes,No,No,Yes,No,Yes,Yes
8182-BJDSI,28,Month-to-month,Fiber optic,Yes,Yes,No,Yes,No,No,No,Yes
2528-HFYZX,17,Month-to-month,Fiber optic,Yes,No,No,Yes,No,No,No,No
1153-GNOLC,33,One year,DSL,No,No phone service,No,Yes,No,No,Yes,No
3298-QEICA,23,Two year,DSL,No,No phone service,Yes,No,No,Yes,No,No
0788-DXBFY,58,One year,No,Yes,No,No internet service,No internet service,No internet service,No internet service,No internet service,No internet service
3597-YASZG,70,Two year,Fiber optic,Yes,Yes,No,Yes,No,Yes,Yes,Yes
3496-LFSZU,4,Month-to-month,Fiber optic,Yes,No,No,No,No,No,No,No
5242-UOWHD,45,Two year,No,Yes,No,No internet service,No internet service,No internet service,No internet service,No internet service,No internet service
2482-CZGBB,10,Month-to-month,Fiber optic,Yes,No,No,No,No,No,No,No
6479-SZPLM,36,Two year,No,Yes,No,No internet service,No internet service,No internet service,No internet service,No internet service,No internet service
8097-VBQTZ,54,Month-to-month,DSL,Yes,No,Yes,Yes,No,Yes,Yes,No
4500-HKANN,23,Two year,DSL,Yes,Yes,No,Yes,No,Yes,No,No
9917-KWRBE,41,One year,DSL,Yes,Yes,Yes,Yes,Yes,No,Yes,No
3420-ZDBMA,5,Month-to-month,Fiber optic,Yes,No,No,No,No,No,No,No
2212-LYASK,27,One year,DSL,No,No phone service,No,Yes,Yes,No,No,Yes
1393-IMKZG,1,Month-to-month,Fiber optic,Yes,No,No,No,No,Yes,Yes,Yes
8069-RHUXK,67,Two year,DSL,No,No phone service,Yes,No,No,Yes,No,No
3398-GCPMU,72,Two year,DSL,Yes,Yes,Yes,Yes,Yes,Yes,Yes,Yes
2908-WGAXL,56,Two year,No,Yes,Yes,No internet service,No internet service,No internet service,No internet service,No internet service,No internet service
3378-AJRAO,44,One year,No,Yes,Yes,No internet service,No internet service,No internet service,No internet service,No internet service,No internet service
1013-QCWAM,66,Month-to-month,Fiber optic,Yes,Yes,No,Yes,No,No,Yes,Yes
0866-QLSIR,34,One year,DSL,Yes,Yes,Yes,Yes,No,Yes,No,No
6050-FFXES,69,Two year,Fiber optic,Yes,Yes,No,No,Yes,Yes,Yes,Yes
7181-BQYBV,1,Month-to-month,Fiber optic,Yes,Yes,Yes,No,Yes,No,Yes,Yes
0362-RAOQO,40,Two year,No,Yes,No,No internet service,No internet service,No internet service,No internet service,No internet service,No internet service
9554-DFKIC,30,Month-to-month,DSL,Yes,Yes,Yes,No,No,No,No,No
5527-ACHSO,11,Month-to-month,DSL,Yes,No,No,No,No,Yes,Yes,Yes
0829-DDVLK,15,One year,No,Yes,No,No internet service,No internet service,No internet service,No internet service,No internet service,No internet service
1399-UBQIU,11,Month-to-month,DSL,Yes,No,No,No,Yes,No,Yes,Yes
1813-JLKWR,64,One year,No,Yes,No,No internet service,No internet service,No internet service,No internet service,No internet service,No internet service
0336-PIKEI,72,Two year,DSL,Yes,No,Yes,Yes,Yes,Yes,Yes,No
7322-OCWHC,72,Two year,Fiber optic,Yes,Yes,Yes,Yes,Yes,Yes,No,No
9537-VHDTA,1,Month-to-month,DSL,Yes,No,Yes,No,No,No,No,No
4957-TIALW,15,One year,DSL,Yes,No,Yes,Yes,Yes,Yes,No,No
2054-PJOCK,60,One year,DSL,Yes,Yes,No,No,Yes,Yes,Yes,Yes
9150-HEPMB,56,One year,DSL,Yes,No,Yes,No,Yes,No,No,No
9030-QGZNL,8,Two year,No,Yes,No,No internet service,No internet service,No internet service,No internet service,No internet service,No internet service
6204-IEUXJ,3,Month-to-month,Fiber optic,Yes,No,No,No,Yes,Yes,No,No
3126-WQMGH,49,Month-to-month,DSL,Yes,Yes,No,No,No,No,No,No
4529-CKBCL,2,Month-to-month,Fiber optic,Yes,No,No,No,No,No,Yes,No
2506-CLAKW,6,Month-to-month,Fiber optic,Yes,No,Yes,Yes,Yes,Yes,No,Yes
7176-WRTNX,70,Two year,Fiber optic,Yes,Yes,Yes,Yes,Yes,Yes,Yes,Yes
1583-IHQZE,12,Month-to-month,Fiber optic,Yes,Yes,No,Yes,Yes,Yes,Yes,Yes
5732-IKGQH,52,One year,Fiber optic,Yes,No,Yes,No,Yes,Yes,Yes,Yes
9239-GZHZE,72,Two year,Fiber optic,Yes,Yes,Yes,Yes,Yes,Yes,Yes,Yes
7205-BAIAD,40,Two year,No,Yes,No,No internet service,No internet service,No internet service,No internet service,No internet service,No internet service
0151-ONTOV,1,Month-to-month,Fiber optic,Yes,No,No,No,No,No,No,No
4140-MUHUG,3,Month-to-month,Fiber optic,Yes,No,No,No,Yes,No,Yes,No
0093-EXYQL,40,Month-to-month,Fiber optic,Yes,No,No,No,No,No,Yes,Yes
8064-RAVOH,1,Month-to-month,DSL,Yes,No,No,No,Yes,No,No,No
0219-QAERP,30,One year,No,Yes,No,No internet service,No internet service,No internet service,No internet service,No internet service,No internet service
0320-JDNQG,23,Month-to-month,Fiber optic,Yes,No,Yes,No,No,Yes,Yes,Yes
7180-PISOG,1,Month-to-month,Fiber optic,Yes,Yes,No,No,No,No,No,No
9168-INPSZ,44,Month-to-month,Fiber optic,Yes,Yes,No,No,Yes,Yes,Yes,Yes
3571-RFHAR,65,Month-to-month,Fiber optic,Yes,Yes,No,Yes,Yes,Yes,Yes,Yes
0015-UOCOJ,7,Month-to-month,DSL,Yes,No,Yes,No,No,No,No,No
5334-AFQJB,72,Two year,No,Yes,Yes,No internet service,No internet service,No internet service,No internet service,No internet service,No internet service
2754-SDJRD,8,Month-to-month,Fiber optic,Yes,Yes,No,No,No,Yes,Yes,Yes
9578-VRMNM,16,Month-to-month,DSL,Yes,Yes,No,No,Yes,No,No,Yes
1587-FKLZB,66,Month-to-month,Fiber optic,Yes,Yes,No,No,Yes,No,Yes,Yes
6140-QNRQQ,1,Month-to-month,Fiber optic,Yes,No,No,No,No,No,No,No
8963-JLGJT,3,Month-to-month,DSL,Yes,No,Yes,No,Yes,No,No,No
4307-KTUMW,53,Month-to-month,Fiber optic,Yes,Yes,Yes,No,Yes,No,No,Yes
1465-LNTLJ,8,Month-to-month,DSL,Yes,No,No,No,Yes,Yes,No,Yes
5440-FLBQG,69,Two year,Fiber optic,Yes,Yes,No,Yes,Yes,Yes,Yes,Yes
2135-DQWAQ,5,Month-to-month,Fiber optic,Yes,No,No,Yes,No,No,Yes,No
4056-QHXHZ,72,Two year,Fiber optic,Yes,Yes,Yes,No,Yes,Yes,Yes,Yes
7470-MCQTK,13,Month-to-month,DSL,No,No phone service,No,No,Yes,No,Yes,Yes
7488-MXJIV,4,Month-to-month,Fiber optic,Yes,Yes,No,No,No,No,Yes,No
7401-JIXNM,54,Two year,DSL,Yes,Yes,Yes,Yes,Yes,Yes,Yes,Yes
9339-FIIJL,72,Two year,DSL,Yes,Yes,No,Yes,Yes,Yes,Yes,Yes
2027-FECZV,12,Month-to-month,Fiber optic,Yes,Yes,No,Yes,Yes,No,Yes,Yes
2672-DZUOY,1,Month-to-month,DSL,No,No phone service,No,No,No,No,No,No
4706-DGAHW,1,Month-to-month,DSL,Yes,No,No,No,No,No,No,No
3870-MQAMG,54,One year,Fiber optic,Yes,Yes,No,Yes,Yes,Yes,Yes,Yes
6670-MFRPK,69,Two year,Fiber optic,Yes,Yes,No,No,Yes,No,No,No
6177-PEVRA,48,Two year,DSL,Yes,No,Yes,Yes,No,No,No,No
4800-CZMPC,48,One year,Fiber optic,Yes,Yes,Yes,Yes,No,No,Yes,Yes
4813-HQMGZ,8,Month-to-month,Fiber optic,Yes,Yes,No,No,No,Yes,No,Yes
7579-KKLOE,71,Two year,DSL,Yes,Yes,Yes,Yes,Yes,Yes,Yes,Yes
7377-DMMRI,2,Month-to-month,DSL,Yes,No,Yes,No,No,No,No,No
8402-EIVQS,67,One year,Fiber optic,Yes,No,Yes,Yes,No,No,Yes,Yes
4947-DSMXK,34,Month-to-month,Fiber optic,Yes,Yes,No,Yes,No,No,Yes,Yes
7245-NIIWQ,3,Month-to-month,Fiber optic,Yes,No,No,No,No,No,No,No
0002-ORFBO,9,One year,DSL,Yes,No,No,Yes,No,Yes,Yes,No
3324-OIRTO,71,One year,Fiber optic,Yes,No,Yes,Yes,Yes,No,Yes,Yes
5414-OFQCB,57,Two year,Fiber optic,Yes,Yes,No,No,No,Yes,Yes,No
4967-WPNCF,72,Two year,DSL,No,No phone service,Yes,Yes,Yes,Yes,Yes,Yes
8552-OBVRU,48,Month-to-month,Fiber optic,Yes,No,Yes,No,Yes,Yes,Yes,Yes
8499-BRXTD,18,One year,No,Yes,No,No internet service,No internet service,No internet service,No internet service,No internet service,No internet service
9154-QDGTH,43,One year,Fiber optic,Yes,Yes,No,No,Yes,Yes,Yes,Yes
8197-BFWVU,72,Two year,DSL,Yes,Yes,Yes,Yes,Yes,Yes,Yes,Yes
2577-GVSIL,35,One year,DSL,Yes,Yes,No,No,No,Yes,Yes,Yes
9367-OIUXP,4,Month-to-month,No,Yes,No,No internet service,No internet service,No internet service,No internet service,No internet service,No internet service
6770-UAYGJ,49,Two year,No,Yes,Yes,No internet service,No internet service,No internet service,No internet service,No internet service,No internet service
6463-HHXJR,71,Two year,Fiber optic,Yes,Yes,Yes,Yes,Yes,No,Yes,No
7928-VJYAB,11,Month-to-month,Fiber optic,Yes,No,No,No,No,No,Yes,Yes
1187-WILMM,63,Two year,DSL,Yes,Yes,Yes,Yes,Yes,Yes,Yes,Yes
9776-OJUZI,65,Month-to-month,Fiber optic,Yes,Yes,No,Yes,Yes,No,Yes,No
1306-RPWXZ,49,Two year,No,Yes,No,No internet service,No internet service,No internet service,No internet service,No internet service,No internet service
8949-JTMAY,29,Month-to-month,Fiber optic,Yes,Yes,No,No,Yes,No,Yes,Yes
2774-LVQUS,15,Month-to-month,Fiber optic,Yes,Yes,No,No,Yes,Yes,No,No
3097-PYWXL,4,Month-to-month,No,Yes,No,No internet service,No internet service,No internet service,No internet service,No internet service,No internet service
2266-SJNAT,72,One year,Fiber optic,Yes,Yes,No,Yes,Yes,Yes,Yes,Yes
0869-PAPRP,26,Month-to-month,Fiber optic,Yes,No,No,No,Yes,No,Yes,No
4238-JSSWH,35,Month-to-month,Fiber optic,Yes,Yes,No,No,Yes,No,Yes,Yes
2972-YDYUW,57,One year,Fiber optic,Yes,Yes,No,Yes,No,Yes,No,Yes
1104-FEJAM,28,Month-to-month,DSL,Yes,Yes,No,Yes,No,No,No,Yes
2809-ILCYT,25,One year,No,Yes,Yes,No internet service,No internet service,No internet service,No internet service,No internet service,No internet service
5499-ECUTN,47,One year,DSL,Yes,No,Yes,No,Yes,No,Yes,No
4981-FLTMF,57,Month-to-month,DSL,Yes,Yes,Yes,Yes,No,Yes,No,No
9121-PHQSR,16,Month-to-month,Fiber optic,Yes,Yes,No,No,No,No,Yes,No
3113-IWHLC,5,Month-to-month,DSL,Yes,No,Yes,No,Yes,No,No,No
3211-ILJTT,17,Month-to-month,Fiber optic,Yes,No,No,No,No,No,No,No
4612-THJBS,56,One year,Fiber optic,Yes,Yes,No,Yes,Yes,No,Yes,Yes
4277-BWBML,72,Two year,No,Yes,No,No internet service,No internet service,No internet service,No internet service,No internet service,No internet service
4094-NSEDU,21,Month-to-month,Fiber optic,Yes,Yes,No,No,No,No,Yes,Yes
0234-TEVTT,48,One year,DSL,No,No phone service,Yes,No,Yes,No,No,Yes
4304-TSPVK,68,Two year,Fiber optic,Yes,Yes,Yes,Yes,Yes,Yes,Yes,Yes
1552-AAGRX,30,Month-to-month,Fiber optic,Yes,Yes,Yes,No,No,Yes,Yes,Yes
2637-FKFSY,3,Month-to-month,DSL,Yes,No,No,No,No,No,No,No
9796-MVYXX,14,Two year,DSL,No,No phone service,Yes,No,Yes,Yes,No,No
7874-ECPQJ,4,Month-to-month,No,Yes,No,No internet service,No internet service,No internet service,No internet service,No internet service,No internet service
0020-INWCK,71,Two year,Fiber optic,Yes,Yes,No,Yes,Yes,No,No,Yes
7089-RKVSZ,8,One year,No,Yes,Yes,No internet service,No internet service,No internet service,No internet service,No internet service,No internet service
2683-JXWQQ,61,Month-to-month,DSL,No,No phone service,Yes,No,Yes,No,No,No
9548-ZMVTX,72,Two year,Fiber optic,Yes,Yes,No,Yes,Yes,Yes,No,No
8739-XNIKG,5,Month-to-month,Fiber optic,Yes,Yes,No,No,No,No,Yes,No
9755-JHNMN,49,Two year,DSL,Yes,No,Yes,Yes,Yes,Yes,No,No
3981-QSVQI,8,Month-to-month,No,Yes,No,No internet service,No internet service,No internet service,No internet service,No internet service,No internet service
2789-HQBOU,3,Month-to-month,Fiber optic,Yes,No,No,No,No,No,No,Yes
9424-CMPOG,9,Two year,No,Yes,No,No internet service,No internet service,No internet service,No internet service,No internet service,No internet service
5067-WJEUN,67,Two year,DSL,Yes,No,Yes,Yes,No,No,No,No
3450-WXOAT,46,Month-to-month,DSL,Yes,No,No,No,No,No,No,No
9251-WNSOD,67,One year,DSL,Yes,Yes,Yes,Yes,Yes,No,No,Yes
6974-DAFLI,55,One year,No,Yes,No,No internet service,No internet service,No internet service,No internet service,No internet service,No internet service
2616-UUTFK,33,Month-to-month,DSL,Yes,Yes,Yes,Yes,Yes,No,Yes,No
7064-JHXCE,62,Two year,No,Yes,No,No internet service,No internet service,No internet service,No internet service,No internet service,No internet service
5103-MHMHY,1,Month-to-month,DSL,Yes,No,No,No,No,No,No,No
7989-AWGEH,49,Month-to-month,DSL,No,No phone service,Yes,No,No,No,No,Yes
4373-VVHQL,1,Month-to-month,DSL,Yes,No,No,No,No,No,No,No
4559-UWIHT,14,Month-to-month,Fiber optic,Yes,Yes,No,Yes,Yes,No,No,No
7268-IGMFD,18,Month-to-month,Fiber optic,Yes,Yes,No,No,Yes,Yes,Yes,No
1846-XWOQN,1,Month-to-month,Fiber optic,Yes,No,No,No,No,No,No,No
0235-KGSLC,1,Month-to-month,Fiber optic,Yes,No,No,No,Yes,No,Yes,No
6650-BWFRT,72,Two year,Fiber optic,Yes,Yes,Yes,Yes,Yes,Yes,Yes,Yes
9570-KYEUA,64,Two year,Fiber optic,Yes,Yes,Yes,No,Yes,Yes,No,Yes
6993-YGFJV,69,Two year,Fiber optic,Yes,Yes,Yes,Yes,Yes,Yes,Yes,Yes
2712-SYWAY,1,Month-to-month,No,Yes,Yes,No internet service,No internet service,No internet service,No internet service,No internet service,No internet service
0730-BGQGF,71,Two year,DSL,Yes,Yes,Yes,Yes,Yes,Yes,Yes,Yes
5498-IBWPI,66,One year,DSL,Yes,No,No,No,No,Yes,No,No
9101-NTIXF,2,Month-to-month,No,Yes,No,No internet service,No internet service,No internet service,No internet service,No internet service,No internet service
0013-SMEOE,71,Two year,Fiber optic,Yes,No,Yes,Yes,Yes,Yes,Yes,Yes
9314-QDMDW,11,One year,DSL,Yes,No,No,Yes,No,No,Yes,No
9308-ANMVE,47,Month-to-month,DSL,Yes,No,Yes,Yes,No,No,No,No
2884-GBPFB,35,Month-to-month,Fiber optic,Yes,No,No,No,No,No,No,No
3757-NJYBX,32,Month-to-month,Fiber optic,Yes,Yes,No,Yes,Yes,No,Yes,Yes
3413-DHLPB,60,Month-to-month,Fiber optic,Yes,Yes,No,Yes,No,Yes,Yes,Yes
7649-PHJVR,11,One year,No,Yes,No,No internet service,No internet service,No internet service,No internet service,No internet service,No internet service
6114-TCFID,29,One year,DSL,No,No phone service,Yes,Yes,No,Yes,No,No
3787-TRIAL,21,Month-to-month,DSL,No,No phone service,No,No,No,No,No,No
2573-GYRUU,48,Month-to-month,Fiber optic,Yes,Yes,No,No,Yes,No,No,Yes
5156-UMKOW,3,Month-to-month,DSL,No,No phone service,No,Yes,No,No,No,No
1247-QBVSH,43,Month-to-month,DSL,Yes,No,No,Yes,No,No,No,No
6734-GMPVK,5,Month-to-month,Fiber optic,Yes,Yes,No,Yes,Yes,No,Yes,Yes
9822-OAOVB,1,Month-to-month,DSL,Yes,No,No,No,No,No,No,Yes
6161-ERDGD,71,One year,DSL,Yes,Yes,Yes,No,Yes,Yes,Yes,Yes
1226-JZNKR,8,One year,No,Yes,No,No internet service,No internet service,No internet service,No internet service,No internet service,No internet service
7318-EIVKO,8,Month-to-month,DSL,Yes,Yes,No,No,No,No,Yes,No
3771-PZOBW,20,Month-to-month,Fiber optic,Yes,Yes,No,No,Yes,No,Yes,No
5136-KCKGI,33,One year,Fiber optic,Yes,Yes,Yes,No,Yes,No,Yes,Yes
8231-BSWXX,71,One year,Fiber optic,Yes,Yes,No,Yes,No,No,No,No
6486-LHTMA,31,One year,Fiber optic,Yes,Yes,No,No,Yes,No,Yes,No
4083-BFNYK,38,One year,Fiber optic,Yes,Yes,Yes,Yes,No,No,No,Yes
3722-WPXTK,1,Month-to-month,Fiber optic,Yes,No,No,No,No,No,Yes,Yes
7389-KBFIT,2,Month-to-month,DSL,No,No phone service,No,Yes,No,No,No,No
7176-WIONM,12,Month-to-month,DSL,No,No phone service,No,No,Yes,No,Yes,Yes
5141-ZUVBH,9,Month-to-month,Fiber optic,Yes,No,Yes,No,Yes,Yes,No,Yes
1089-HDMKP,11,Month-to-month,DSL,Yes,No,No,Yes,No,Yes,No,No
7623-HKYRK,6,Month-to-month,No,Yes,No,No internet service,No internet service,No internet service,No internet service,No internet service,No internet service
0310-SUCIN,71,One year,DSL,Yes,No,Yes,Yes,Yes,Yes,Yes,Yes
5197-PYEPU,42,One year,Fiber optic,Yes,Yes,Yes,Yes,No,No,Yes,No
2929-ERCFZ,8,Month-to-month,Fiber optic,Yes,No,No,No,Yes,No,Yes,Yes
7548-SEPYI,5,Month-to-month,Fiber optic,Yes,No,No,Yes,No,No,Yes,Yes
8835-VSDSE,2,Month-to-month,Fiber optic,Yes,No,No,No,No,No,No,No
6619-RPLQZ,45,Two year,No,Yes,No,No internet service,No internet service,No internet service,No internet service,No internet service,No internet service
3275-RHRNE,28,One year,DSL,No,No phone service,No,Yes,Yes,Yes,Yes,Yes
3503-TYDAY,43,Month-to-month,Fiber optic,Yes,Yes,No,Yes,No,No,No,No
6901-GOGZG,60,Two year,DSL,Yes,Yes,Yes,No,Yes,Yes,Yes,Yes
1623-NLDOT,42,One year,DSL,No,No phone service,No,Yes,No,Yes,No,No
7021-XSNYE,7,Two year,DSL,No,No phone service,Yes,No,Yes,Yes,No,Yes
9621-OUPYD,25,One year,No,Yes,No,No internet service,No internet service,No internet service,No internet service,No internet service,No internet service
9898-KZQDZ,40,Month-to-month,Fiber optic,Yes,Yes,No,No,No,No,Yes,Yes
8982-NHAVY,27,One year,Fiber optic,Yes,Yes,No,No,Yes,No,Yes,Yes
4307-KWMXE,10,Month-to-month,DSL,No,No phone service,No,Yes,No,Yes,No,No
0141-YEAYS,27,Month-to-month,Fiber optic,Yes,Yes,No,Yes,Yes,No,No,No
2450-ZKEED,11,One year,DSL,Yes,No,No,No,Yes,Yes,No,No
3694-DELSO,4,Month-to-month,DSL,No,No phone service,Yes,No,No,No,Yes,No
3893-JRNFS,68,Month-to-month,DSL,No,No phone service,No,No,Yes,No,No,Yes
9603-OAIHC,1,Month-to-month,Fiber optic,Yes,No,No,No,No,No,No,No
1133-KXCGE,18,One year,No,Yes,No,No internet service,No internet service,No internet service,No internet service,No internet service,No internet service
5236-PERKL,57,Two year,Fiber optic,Yes,Yes,Yes,Yes,Yes,No,Yes,Yes
0142-GVYSN,26,Month-to-month,No,Yes,No,No internet service,No internet service,No internet service,No internet service,No internet service,No internet service
1049-FYSYG,17,Month-to-month,DSL,No,No phone service,No,Yes,Yes,No,No,No
7854-FOKSF,1,Month-to-month,DSL,No,No phone service,No,No,No,No,No,Yes
2519-FAKOD,38,Month-to-month,Fiber optic,Yes,Yes,No,No,Yes,No,Yes,Yes
8406-LNMHF,59,One year,Fiber optic,Yes,No,Yes,Yes,Yes,No,No,No
1821-BUCWY,30,Two year,DSL,Yes,No,Yes,No,Yes,No,No,No
8263-JQAIK,2,Month-to-month,DSL,No,No phone service,No,No,No,No,No,No
0023-UYUPN,50,One year,No,Yes,Yes,No internet service,No internet service,No internet service,No internet service,No internet service,No internet service
8314-DPQHL,9,One year,DSL,No,No phone service,Yes,No,Yes,Yes,No,Yes
1465-WCZVT,3,Month-to-month,No,Yes,No,No internet service,No internet service,No internet service,No internet service,No internet service,No internet service
9481-SFCQY,14,Month-to-month,DSL,Yes,No,No,No,Yes,No,Yes,No
6360-SVNWV,31,Month-to-month,Fiber optic,Yes,No,Yes,No,No,No,No,No
0567-GGCAC,7,Month-to-month,DSL,Yes,No,Yes,Yes,Yes,No,No,No
7089-IVVAZ,8,Month-to-month,Fiber optic,Yes,Yes,Yes,No,No,Yes,Yes,Yes
8884-MRNSU,17,One year,No,Yes,No,No internet service,No internet service,No internet service,No internet service,No internet service,No internet service
2171-UDMFD,32,Month-to-month,No,Yes,No,No internet service,No internet service,No internet service,No internet service,No internet service,No internet service
9050-IKDZA,2,Month-to-month,Fiber optic,Yes,No,No,No,No,No,Yes,No
2205-YMZZJ,7,Month-to-month,Fiber optic,Yes,Yes,No,No,No,No,Yes,No
9802-CAQUT,72,Two year,Fiber optic,Yes,Yes,Yes,Yes,Yes,No,Yes,Yes
1254-IZEYF,31,Month-to-month,Fiber optic,Yes,Yes,No,Yes,No,No,Yes,Yes
0187-WZNAB,27,Month-to-month,Fiber optic,Yes,No,Yes,No,No,No,No,No
9492-TOKRI,18,Month-to-month,Fiber optic,Yes,Yes,No,Yes,No,No,Yes,No
1475-VWVDO,7,Month-to-month,Fiber optic,Yes,No,No,No,Yes,No,No,No
9221-OTIVJ,14,Month-to-month,Fiber optic,Yes,Yes,No,Yes,Yes,No,Yes,Yes
1357-MVDOZ,11,Month-to-month,DSL,Yes,No,No,No,Yes,No,Yes,No
7602-MVRMB,72,Two year,Fiber optic,Yes,Yes,Yes,No,Yes,Yes,Yes,Yes
3325-FUYCG,28,One year,Fiber optic,Yes,Yes,Yes,Yes,No,No,Yes,Yes
5908-QMGOE,15,Month-to-month,Fiber optic,Yes,Yes,No,No,No,No,No,No
1197-BVMVG,4,Month-to-month,Fiber optic,Yes,Yes,No,No,No,No,No,No
5406-KGRMX,71,Two year,No,Yes,Yes,No internet service,No internet service,No internet service,No internet service,No internet service,No internet service
8481-YYXWG,5,Month-to-month,Fiber optic,Yes,No,No,Yes,No,Yes,No,Yes
5968-HYJRZ,47,Two year,No,Yes,Yes,No internet service,No internet service,No internet service,No internet service,No internet service,No internet service
5198-EFNBM,57,One year,Fiber optic,Yes,No,No,Yes,Yes,No,Yes,No
7516-GMHUV,50,Two year,Fiber optic,Yes,Yes,Yes,No,Yes,No,Yes,Yes
7140-ADSMJ,8,Month-to-month,No,Yes,No,No internet service,No internet service,No internet service,No internet service,No internet service,No internet service
2230-XTUWL,48,Two year,No,Yes,No,No internet service,No internet service,No internet service,No internet service,No internet service,No internet service
7706-YLMQA,70,One year,No,Yes,No,No internet service,No internet service,No internet service,No internet service,No internet service,No internet service
2585-KTFRE,1,Month-to-month,DSL,Yes,No,Yes,Yes,No,Yes,No,Yes
7994-UYIVZ,8,Month-to-month,Fiber optic,Yes,Yes,No,No,No,No,No,Yes
2609-IAICY,1,Month-to-month,Fiber optic,Yes,Yes,No,No,No,No,No,No
1740-CSDJP,1,Month-to-month,DSL,No,No phone service,No,No,No,No,No,Yes
7717-BICXI,60,Two year,No,Yes,No,No internet service,No internet service,No internet service,No internet service,No internet service,No internet service
6559-RAKOZ,49,One year,Fiber optic,Yes,Yes,No,No,No,Yes,Yes,Yes
2636-OHFMN,4,Month-to-month,DSL,No,No phone service,No,Yes,No,No,Yes,Yes
4716-MRVEN,29,One year,No,Yes,No,No internet service,No internet service,No internet service,No internet service,No internet service,No internet service
2143-LJULT,67,Two year,No,Yes,Yes,No internet service,No internet service,No internet service,No internet service,No internet service,No internet service
1323-OOEPC,53,Month-to-month,Fiber optic,Yes,Yes,No,Yes,No,No,Yes,Yes
3200-MNQTF,67,Two year,DSL,Yes,Yes,Yes,Yes,Yes,Yes,No,No
6164-HXUGH,6,Month-to-month,No,Yes,No,No internet service,No internet service,No internet service,No internet service,No internet service,No internet service
5630-IXDXV,47,Month-to-month,Fiber optic,Yes,Yes,No,Yes,Yes,No,Yes,Yes
0320-DWVTU,53,Two year,Fiber optic,Yes,No,Yes,Yes,Yes,Yes,No,Yes
9135-MGVPY,69,Two year,DSL,Yes,No,Yes,Yes,Yes,Yes,Yes,Yes
1212-GLHMD,3,Month-to-month,Fiber optic,Yes,No,Yes,No,No,No,No,Yes
7878-JGDKK,4,Month-to-month,DSL,Yes,No,No,No,No,No,No,No
1088-AUUZZ,56,Two year,DSL,Yes,Yes,Yes,Yes,No,Yes,No,Yes
0397-GZBBC,59,Month-to-month,Fiber optic,Yes,Yes,No,No,No,No,Yes,Yes
6614-YWYSC,61,Two year,No,Yes,Yes,No internet service,No internet service,No internet service,No internet service,No internet service,No internet service
9588-OZDMQ,2,Month-to-month,DSL,Yes,No,No,No,No,No,No,No
7641-EUYET,46,Month-to-month,Fiber optic,Yes,Yes,Yes,Yes,Yes,No,Yes,No
6476-EPYZR,12,Month-to-month,No,Yes,No,No internet service,No internet service,No internet service,No internet service,No internet service,No internet service
9921-ZVRHG,14,Month-to-month,Fiber optic,Yes,Yes,No,No,Yes,No,No,No
1174-FGIFN,28,One year,Fiber optic,Yes,Yes,No,No,No,Yes,No,Yes
6620-HVDUJ,24,Month-to-month,DSL,Yes,No,Yes,Yes,No,Yes,No,No
4701-MLJPN,31,Month-to-month,DSL,Yes,No,No,No,Yes,Yes,No,No
1032-MAELW,68,One year,DSL,Yes,Yes,Yes,Yes,Yes,Yes,No,Yes
7641-TQFHN,39,Two year,Fiber optic,Yes,Yes,No,No,No,Yes,Yes,Yes
1552-TKMXS,42,Month-to-month,No,Yes,No,No internet service,No internet service,No internet service,No internet service,No internet service,No internet service
9206-GVPEQ,13,Month-to-month,DSL,No,No phone service,Yes,No,No,Yes,Yes,Yes
8622-ZLFKO,6,Month-to-month,Fiber optic,Yes,Yes,No,Yes,No,No,No,Yes
1596-BBVTG,35,Month-to-month,Fiber optic,Yes,Yes,No,No,No,No,No,No
6188-UXBBR,38,One year,No,Yes,No,No internet service,No internet service,No internet service,No internet service,No internet service,No internet service
2333-KWEWW,18,Two year,No,Yes,No,No internet service,No internet service,No internet service,No internet service,No internet service,No internet service
5702-SKUOB,4,Month-to-month,No,Yes,No,No internet service,No internet service,No internet service,No internet service,No internet service,No internet service
1134-YWTYF,27,Month-to-month,DSL,Yes,No,No,Yes,No,Yes,No,No
6061-GWWAV,41,One year,DSL,Yes,No,Yes,Yes,Yes,No,Yes,No
0679-TDGAK,50,One year,DSL,Yes,No,Yes,No,No,Yes,Yes,Yes
6585-WCEWR,72,Two year,No,Yes,No,No internet service,No internet service,No internet service,No internet service,No internet service,No internet service
9067-YGSCA,70,One year,No,Yes,Yes,No internet service,No internet service,No internet service,No internet service,No internet service,No internet service
9067-SQTNS,44,One year,No,Yes,No,No internet service,No internet service,No internet service,No internet service,No internet service,No internet service
8433-WXGNA,2,Month-to-month,Fiber optic,Yes,No,Yes,No,No,No,No,No
1776-SPBWV,34,One year,No,Yes,No,No internet service,No internet service,No internet service,No internet service,No internet service,No internet service
8735-SDUFN,72,Two year,No,Yes,Yes,No internet service,No internet service,No internet service,No internet service,No internet service,No internet service
9668-PUGNU,71,Two year,No,Yes,Yes,No internet service,No internet service,No internet service,No internet service,No internet service,No internet service
9405-GPBBG,64,Two year,Fiber optic,Yes,Yes,No,Yes,Yes,Yes,Yes,Yes
1926-QUZNN,72,Two year,No,Yes,Yes,No internet service,No internet service,No internet service,No internet service,No internet service,No internet service
3707-GNWHM,1,Month-to-month,Fiber optic,Yes,Yes,No,No,No,No,No,No
7016-NVRIC,29,One year,Fiber optic,Yes,No,Yes,No,Yes,No,No,Yes
5829-NVSQN,23,One year,DSL,Yes,No,Yes,No,Yes,Yes,No,Yes
9565-AXSMR,52,Two year,No,Yes,No,No internet service,No internet service,No internet service,No internet service,No internet service,No internet service
8922-LIEGH,25,Month-to-month,Fiber optic,Yes,Yes,No,Yes,No,No,No,Yes
8869-LIHMK,64,Two year,Fiber optic,Yes,Yes,Yes,Yes,Yes,Yes,Yes,Yes
8245-UMPYT,16,Month-to-month,Fiber optic,Yes,Yes,No,No,No,No,Yes,Yes
5186-SAMNZ,1,Month-to-month,Fiber optic,Yes,No,No,No,No,No,No,No
0447-RXSGD,24,Month-to-month,Fiber optic,Yes,Yes,No,Yes,No,No,Yes,Yes
4927-WWOOZ,2,Month-to-month,Fiber optic,Yes,Yes,No,No,Yes,No,Yes,No
5788-YPOEG,34,Two year,DSL,Yes,No,Yes,Yes,Yes,Yes,Yes,Yes
5373-SFODM,36,Month-to-month,Fiber optic,Yes,Yes,No,No,No,No,No,Yes
0661-KBKPA,53,One year,DSL,Yes,Yes,No,No,Yes,Yes,Yes,Yes
9081-WWXKP,47,Two year,No,Yes,No,No internet service,No internet service,No internet service,No internet service,No internet service,No internet service
0784-ZQJZX,72,Two year,No,Yes,No,No internet service,No internet service,No internet service,No internet service,No internet service,No internet service
3133-PZNSR,72,Two year,Fiber optic,Yes,Yes,Yes,Yes,No,Yes,No,Yes
5766-ZJYBB,1,Month-to-month,No,Yes,No,No internet service,No internet service,No internet service,No internet service,No internet service,No internet service
8931-GJJIQ,9,Month-to-month,Fiber optic,Yes,Yes,No,No,No,No,No,Yes
4277-PVRAN,8,Month-to-month,Fiber optic,Yes,No,No,No,No,No,Yes,No
0022-TCJCI,45,One year,DSL,Yes,No,Yes,No,Yes,No,No,Yes
0722-SVSFK,7,Month-to-month,Fiber optic,Yes,No,No,No,Yes,Yes,Yes,Yes
3612-YVGSJ,71,Two year,No,Yes,Yes,No internet service,No internet service,No internet service,No internet service,No internet service,No internet service
9825-YCXWZ,41,One year,Fiber optic,Yes,No,No,No,Yes,Yes,Yes,Yes
5397-NSKQG,67,Two year,DSL,No,No phone service,Yes,No,No,No,Yes,Yes
8565-HBFNN,69,One year,Fiber optic,Yes,Yes,Yes,Yes,Yes,Yes,No,Yes
2000-DHJUY,70,Two year,DSL,Yes,Yes,Yes,Yes,Yes,Yes,Yes,Yes
0203-HHYIJ,25,One year,No,Yes,Yes,No internet service,No internet service,No internet service,No internet service,No internet service,No internet service
8670-ERCJH,72,Two year,Fiber optic,Yes,Yes,Yes,Yes,Yes,Yes,Yes,Yes
7758-UJWYS,34,Two year,DSL,No,No phone service,No,No,No,Yes,Yes,No
2050-ONYDQ,65,Two year,No,Yes,Yes,No internet service,No internet service,No internet service,No internet service,No internet service,No internet service
7055-JCGNI,70,Two year,Fiber optic,Yes,Yes,Yes,Yes,Yes,Yes,Yes,Yes
0739-UUAJR,72,Two year,DSL,No,No phone service,Yes,No,Yes,No,Yes,Yes
4826-DXMUP,35,One year,DSL,Yes,No,No,No,No,Yes,Yes,Yes
0952-KMEEH,13,Month-to-month,Fiber optic,Yes,Yes,Yes,No,No,No,Yes,Yes
7285-KLOTR,12,One year,DSL,Yes,Yes,Yes,No,Yes,No,Yes,Yes
0654-PQKDW,62,One year,DSL,Yes,No,Yes,No,Yes,Yes,Yes,No
7175-NTIXE,25,Month-to-month,DSL,Yes,No,Yes,No,No,Yes,Yes,Yes
7963-SHNDT,52,Two year,DSL,No,No phone service,Yes,Yes,No,Yes,No,No
9796-BPKIW,8,Month-to-month,Fiber optic,Yes,No,No,No,No,No,No,No
0188-GWFLE,2,Month-to-month,No,Yes,No,No internet service,No internet service,No internet service,No internet service,No internet service,No internet service
8129-GMVGI,56,Two year,No,Yes,No,No internet service,No internet service,No internet service,No internet service,No internet service,No internet service
2882-DDZPG,12,Month-to-month,No,Yes,No,No internet service,No internet service,No internet service,No internet service,No internet service,No internet service
3547-LQRIK,47,One year,No,Yes,Yes,No internet service,No internet service,No internet service,No internet service,No internet service,No internet service
9137-NOQKA,2,Month-to-month,No,Yes,No,No internet service,No internet service,No internet service,No internet service,No internet service,No internet service
5843-TTHGI,18,Month-to-month,DSL,Yes,No,No,No,Yes,No,No,No
1849-RJYIG,8,Month-to-month,DSL,Yes,No,Yes,No,No,No,Yes,No
8868-GAGIO,45,Month-to-month,Fiber optic,Yes,Yes,Yes,No,Yes,No,No,No
4061-UKJWL,3,Month-to-month,DSL,Yes,No,No,No,No,No,No,No
5380-XPJNZ,38,One year,No,Yes,No,No internet service,No internet service,No internet service,No internet service,No internet service,No internet service
8263-QMNTJ,72,Two year,Fiber optic,Yes,Yes,Yes,Yes,Yes,Yes,Yes,Yes
8178-EYZUO,46,Month-to-month,Fiber optic,Yes,Yes,Yes,Yes,No,No,No,Yes
3230-JCNZS,71,Two year,Fiber optic,Yes,Yes,Yes,Yes,Yes,No,Yes,No
0277-ORXQS,66,Two year,DSL,No,No phone service,No,No,No,Yes,Yes,Yes
5130-IEKQT,25,Month-to-month,Fiber optic,Yes,Yes,No,Yes,Yes,No,Yes,Yes
3230-WYKIR,18,One year,DSL,Yes,Yes,No,No,Yes,Yes,Yes,Yes
7996-BPXHY,13,Two year,No,Yes,Yes,No internet service,No internet service,No internet service,No internet service,No internet service,No internet service
3227-WLKLI,65,Two year,DSL,Yes,Yes,Yes,Yes,Yes,Yes,Yes,Yes
0407-BDJKB,60,Month-to-month,Fiber optic,Yes,Yes,No,Yes,Yes,No,Yes,No
2266-FUBDZ,15,Two year,No,Yes,No,No internet service,No internet service,No internet service,No internet service,No internet service,No internet service
8237-ULIXL,72,Two year,No,Yes,Yes,No internet service,No internet service,No internet service,No internet service,No internet service,No internet service
9600-UDOPK,30,Month-to-month,Fiber optic,Yes,Yes,No,No,No,No,Yes,Yes
8216-AZUUZ,42,Two year,Fiber optic,Yes,No,No,No,Yes,Yes,Yes,Yes
9153-BTBVV,71,Two year,No,Yes,Yes,No internet service,No internet service,No internet service,No internet service,No internet service,No internet service
4074-SJFFA,1,Month-to-month,DSL,Yes,No,No,No,No,No,No,Yes
3269-ATYWD,39,Month-to-month,Fiber optic,Yes,Yes,No,No,No,No,Yes,Yes
5186-PEIZU,35,Month-to-month,No,Yes,No,No internet service,No internet service,No internet service,No internet service,No internet service,No internet service
1074-AMIOH,53,Month-to-month,Fiber optic,Yes,No,No,Yes,Yes,Yes,Yes,Yes
4910-GMJOT,1,Month-to-month,Fiber optic,Yes,Yes,No,No,No,No,Yes,Yes
0354-WYROK,31,Month-to-month,Fiber optic,Yes,No,No,No,Yes,Yes,Yes,Yes
4361-FEBGN,48,Two year,No,Yes,No,No internet service,No internet service,No internet service,No internet service,No internet service,No internet service
7748-UMTRK,30,Month-to-month,Fiber optic,Yes,Yes,No,No,No,Yes,Yes,Yes
0380-ZCSBI,10,Month-to-month,No,Yes,No,No internet service,No internet service,No internet service,No internet service,No internet service,No internet service
7145-FEJWU,12,Month-to-month,Fiber optic,Yes,Yes,No,Yes,Yes,No,Yes,Yes
6463-MVYRY,57,Two year,DSL,Yes,No,Yes,No,Yes,Yes,Yes,No
3969-JQABI,58,Month-to-month,DSL,Yes,No,Yes,Yes,No,No,Yes,No
9624-EGDEQ,37,Two year,No,Yes,No,No internet service,No internet service,No internet service,No internet service,No internet service,No internet service
1051-EQPZR,44,Month-to-month,No,Yes,No,No internet service,No internet service,No internet service,No internet service,No internet service,No internet service
5849-ASHZJ,27,One year,No,Yes,No,No internet service,No internet service,No internet service,No internet service,No internet service,No internet service
5780-INQIK,8,Month-to-month,DSL,Yes,No,No,No,No,Yes,No,No
7576-OYWBN,3,Month-to-month,Fiber optic,Yes,Yes,No,No,No,No,No,No
4526-ZJJTM,25,Month-to-month,Fiber optic,Yes,No,No,Yes,Yes,No,No,Yes
8384-FZBJK,57,Month-to-month,Fiber optic,Yes,Yes,No,Yes,No,No,Yes,Yes
3750-RNQKR,12,Month-to-month,No,Yes,No,No internet service,No internet service,No internet service,No internet service,No internet service,No internet service
0962-CQPWQ,62,Two year,No,Yes,No,No internet service,No internet service,No internet service,No internet service,No internet service,No internet service
3096-YXENJ,65,Two year,Fiber optic,Yes,Yes,No,Yes,Yes,Yes,Yes,Yes
1265-BCFEO,71,Two year,DSL,Yes,Yes,No,No,Yes,Yes,Yes,Yes
5837-LXSDN,21,One year,DSL,Yes,No,No,Yes,No,No,Yes,No
5945-AZYHT,71,One year,Fiber optic,Yes,Yes,Yes,Yes,Yes,No,Yes,Yes
8325-QRPZR,7,Month-to-month,Fiber optic,Yes,No,No,No,Yes,No,No,No
6384-VMJHP,72,Two year,DSL,Yes,No,Yes,Yes,Yes,Yes,No,Yes
2262-SLNVK,1,Month-to-month,Fiber optic,Yes,No,No,No,No,No,No,No
7730-CLDSV,72,Two year,Fiber optic,Yes,Yes,No,Yes,Yes,Yes,No,Yes
1135-HIORI,64,One year,Fiber optic,Yes,Yes,No,Yes,Yes,Yes,Yes,Yes
0164-APGRB,72,Two year,Fiber optic,Yes,Yes,Yes,Yes,Yes,Yes,Yes,Yes
6481-ESCNL,29,Month-to-month,Fiber optic,Yes,Yes,No,No,Yes,No,Yes,Yes
1790-NESIO,13,Two year,No,Yes,No,No internet service,No internet service,No internet service,No internet service,No internet service,No internet service
1550-EENBN,31,Month-to-month,Fiber optic,Yes,Yes,Yes,Yes,No,No,Yes,Yes
5539-TMZLF,1,Month-to-month,Fiber optic,Yes,No,No,No,No,No,No,No
4323-SADQS,7,Month-to-month,DSL,No,No phone service,Yes,No,No,Yes,No,No
4446-BZKHU,61,Month-to-month,Fiber optic,Yes,Yes,No,Yes,Yes,No,Yes,Yes
5202-IVJNU,39,Month-to-month,DSL,No,No phone service,No,No,Yes,No,No,No
5976-JCJRH,10,Month-to-month,Fiber optic,Yes,No,No,No,No,No,No,No
8198-RKSZG,14,Month-to-month,DSL,Yes,Yes,No,Yes,No,Yes,Yes,Yes
0137-OCGAB,1,Month-to-month,Fiber optic,Yes,Yes,No,Yes,No,No,No,No
3351-NQLDI,67,One year,Fiber optic,Yes,Yes,Yes,No,No,Yes,No,Yes
9297-EONCV,72,Two year,DSL,Yes,Yes,Yes,Yes,Yes,Yes,Yes,Yes
7593-JNWRU,6,Month-to-month,DSL,Yes,No,No,No,No,No,No,No
4588-YBNIB,1,Month-to-month,No,Yes,No,No internet service,No internet service,No internet service,No internet service,No internet service,No internet service
1069-QJOEE,25,One year,No,Yes,No,No internet service,No internet service,No internet service,No internet service,No internet service,No internet service
3336-JORSO,33,Month-to-month,Fiber optic,Yes,Yes,No,Yes,Yes,Yes,Yes,Yes
7799-DSEWS,18,Month-to-month,DSL,Yes,No,Yes,No,Yes,Yes,Yes,No
8766-PAFNE,71,Two year,DSL,Yes,No,No,Yes,Yes,Yes,Yes,Yes
5315-CKEQK,28,One year,DSL,Yes,Yes,No,No,No,No,No,No
3130-ICDUP,2,Month-to-month,Fiber optic,Yes,Yes,Yes,No,No,No,No,No
0820-FNRNX,17,Month-to-month,DSL,Yes,Yes,No,Yes,Yes,Yes,No,No
0880-FVFWF,56,Month-to-month,Fiber optic,Yes,Yes,Yes,Yes,No,No,No,No
4611-ANLQC,60,One year,DSL,No,No phone service,Yes,Yes,Yes,No,No,Yes
4213-HKBJO,33,Two year,No,Yes,Yes,No internet service,No internet service,No internet service,No internet service,No internet service,No internet service
2792-LSHWX,1,Month-to-month,Fiber optic,Yes,No,Yes,Yes,No,Yes,No,No
5028-GZLDO,2,Month-to-month,Fiber optic,Yes,No,No,No,No,No,No,No
0014-BMAQU,63,Two year,Fiber optic,Yes,Yes,Yes,No,No,Yes,No,No
6861-XWTWQ,7,Month-to-month,Fiber optic,Yes,Yes,No,No,Yes,No,Yes,Yes
9018-PCIOK,55,Two year,DSL,Yes,No,No,Yes,Yes,No,No,Yes
4837-QUSFT,65,One year,Fiber optic,Yes,Yes,Yes,Yes,No,Yes,Yes,No
6877-TJMBR,1,Month-to-month,Fiber optic,Yes,No,No,No,No,Yes,Yes,No
9953-ZMKSM,63,Two year,No,Yes,Yes,No internet service,No internet service,No internet service,No internet service,No internet service,No internet service
0907-HQNTS,70,Two year,Fiber optic,Yes,Yes,Yes,Yes,Yes,Yes,Yes,Yes
7665-NKLAV,36,Two year,DSL,No,No phone service,Yes,No,Yes,Yes,No,No
6769-DCQLI,52,One year,Fiber optic,Yes,No,No,Yes,Yes,Yes,Yes,Yes
2433-KMEAS,22,Month-to-month,DSL,Yes,Yes,Yes,No,No,No,No,No
4391-LNRXK,22,Month-to-month,Fiber optic,Yes,No,No,Yes,Yes,Yes,No,Yes
8250-ZNGGW,5,Month-to-month,DSL,Yes,No,Yes,Yes,No,Yes,No,No
2195-ZRVAX,47,Month-to-month,Fiber optic,Yes,No,No,No,Yes,No,No,Yes
3550-SAHFP,33,Month-to-month,Fiber optic,Yes,Yes,No,No,No,No,No,Yes
2011-TRQYE,18,Month-to-month,DSL,No,No phone service,No,Yes,Yes,No,No,No
8562-GHPPI,1,Month-to-month,No,Yes,No,No internet service,No internet service,No internet service,No internet service,No internet service,No internet service
5893-PYOLZ,56,Two year,DSL,Yes,No,No,Yes,Yes,Yes,Yes,Yes
4986-MXSFP,2,Month-to-month,No,Yes,No,No internet service,No internet service,No internet service,No internet service,No internet service,No internet service
6131-FOYAS,35,Month-to-month,DSL,Yes,Yes,Yes,No,Yes,No,No,No
3027-YNWZU,64,Two year,No,Yes,Yes,No internet service,No internet service,No internet service,No internet service,No internet service,No internet service
5609-IMCGG,15,Month-to-month,Fiber optic,Yes,Yes,Yes,No,Yes,No,No,No
4873-ILOLJ,24,Month-to-month,Fiber optic,Yes,No,No,No,No,No,Yes,Yes
4727-MCYZG,1,Month-to-month,DSL,Yes,No,No,No,No,No,No,Yes
9481-WHGWY,70,Two year,DSL,Yes,No,Yes,No,No,Yes,Yes,Yes
2725-KXXWT,1,Month-to-month,Fiber optic,Yes,No,No,No,No,No,Yes,Yes
9565-DJPIB,4,Month-to-month,Fiber optic,Yes,Yes,No,Yes,No,No,Yes,No
4328-VUFWD,39,One year,DSL,Yes,No,No,No,No,Yes,No,Yes
3301-LSLWQ,29,Month-to-month,DSL,Yes,Yes,Yes,No,No,No,No,Yes
7473-ZBDSN,14,Two year,No,Yes,No,No internet service,No internet service,No internet service,No internet service,No internet service,No internet service
3166-PNEOF,61,Two year,DSL,Yes,Yes,Yes,No,Yes,Yes,Yes,Yes
5639-NTUPK,13,Month-to-month,DSL,Yes,No,Yes,No,No,No,No,No
8780-YRMTT,66,Two year,DSL,No,No phone service,Yes,Yes,Yes,Yes,No,No
8348-HFYIV,2,Month-to-month,DSL,No,No phone service,No,No,Yes,No,Yes,Yes
5140-FOMCQ,59,One year,Fiber optic,Yes,Yes,Yes,Yes,Yes,No,Yes,Yes
6242-SGYTS,62,One year,Fiber optic,Yes,Yes,Yes,Yes,No,No,Yes,No
8166-ORCHU,33,One year,Fiber optic,Yes,No,Yes,Yes,No,Yes,No,Yes
8414-OOEEL,66,Two year,DSL,Yes,No,No,Yes,Yes,Yes,Yes,Yes
8454-AATJP,72,Two year,Fiber optic,Yes,Yes,Yes,Yes,Yes,Yes,Yes,Yes
6849-WLEYG,1,Month-to-month,No,Yes,No,No internet service,No internet service,No internet service,No internet service,No internet service,No internet service
4659-NZRUF,19,Month-to-month,Fiber optic,Yes,Yes,Yes,Yes,No,No,No,Yes
4531-AUZNK,51,One year,Fiber optic,Yes,Yes,Yes,No,No,Yes,Yes,No
4191-XOVOM,63,Month-to-month,Fiber optic,Yes,Yes,No,Yes,No,Yes,Yes,Yes
2150-OEGBV,27,One year,No,Yes,No,No internet service,No internet service,No internet service,No internet service,No internet service,No internet service
8429-XIBUM,22,Month-to-month,Fiber optic,Yes,Yes,Yes,No,No,No,Yes,Yes
1855-CFULU,4,Month-to-month,No,Yes,No,No internet service,No internet service,No internet service,No internet service,No internet service,No internet service
4878-BUNFV,42,Two year,No,Yes,No,No internet service,No internet service,No internet service,No internet service,No internet service,No internet service
1872-EBWSC,29,One year,No,Yes,No,No internet service,No internet service,No internet service,No internet service,No internet service,No internet service
2608-BHKFN,4,Month-to-month,Fiber optic,Yes,No,No,No,No,No,No,No
7026-YMSBE,30,One year,No,Yes,No,No internet service,No internet service,No internet service,No internet service,No internet service,No internet service
7341-LXCAF,4,Month-to-month,Fiber optic,Yes,Yes,No,No,No,No,No,No
6997-UVGOX,71,Two year,DSL,Yes,No,Yes,Yes,Yes,Yes,Yes,Yes
9674-EHPPG,46,Two year,DSL,No,No phone service,Yes,No,Yes,Yes,No,No
9462-MJUAW,4,Month-to-month,DSL,Yes,Yes,No,No,No,No,No,No
8128-YVJRG,7,Month-to-month,Fiber optic,Yes,Yes,Yes,No,No,No,No,No
5440-VHLUL,69,One year,Fiber optic,Yes,Yes,No,Yes,No,Yes,Yes,Yes
5781-BKHOP,72,Two year,Fiber optic,Yes,Yes,Yes,Yes,Yes,No,Yes,No
4283-FUTGF,19,Month-to-month,Fiber optic,Yes,Yes,No,No,Yes,No,No,No
5213-TWWJU,28,Month-to-month,Fiber optic,Yes,No,No,No,Yes,Yes,No,Yes
1569-TTNYJ,5,Month-to-month,Fiber optic,Yes,Yes,No,Yes,No,No,No,No
8628-MFKAX,72,Two year,Fiber optic,Yes,Yes,Yes,Yes,Yes,Yes,Yes,Yes
2397-BRLOM,8,Month-to-month,Fiber optic,Yes,No,No,No,No,No,Yes,No
7629-WIXZF,7,One year,DSL,Yes,No,Yes,No,No,No,No,Yes
5445-GLVOT,22,Month-to-month,DSL,Yes,No,Yes,No,No,No,No,No
3976-HXHCE,72,Two year,No,Yes,No,No internet service,No internet service,No internet service,No internet service,No internet service,No internet service
2466-NEJOJ,8,Month-to-month,No,Yes,No,No internet service,No internet service,No internet service,No internet service,No internet service,No internet service
0254-KCJGT,52,One year,DSL,Yes,Yes,Yes,Yes,Yes,Yes,No,Yes
5472-CVMDX,68,Two year,DSL,No,No phone service,Yes,No,Yes,Yes,No,No
6461-SZMCV,71,Two year,DSL,Yes,Yes,Yes,Yes,Yes,Yes,Yes,Yes
8150-QUDFX,2,Month-to-month,No,Yes,No,No internet service,No internet service,No internet service,No internet service,No internet service,No internet service
9508-ILZDG,34,Month-to-month,Fiber optic,Yes,Yes,No,Yes,No,Yes,Yes,No
2346-DJQTB,35,Month-to-month,DSL,No,No phone service,No,No,No,No,No,No
1697-LYYYX,61,One year,No,Yes,No,No internet service,No internet service,No internet service,No internet service,No internet service,No internet service
1942-OQFRW,1,Month-to-month,DSL,Yes,No,No,No,No,No,No,No
4749-VFKVB,1,Month-to-month,DSL,Yes,Yes,No,No,No,No,No,No
9640-ZSLDC,53,One year,DSL,Yes,No,No,No,Yes,No,No,Yes
4231-LZUYM,72,Two year,No,Yes,Yes,No internet service,No internet service,No internet service,No internet service,No internet service,No internet service
7598-UAASY,2,Month-to-month,Fiber optic,Yes,No,No,No,Yes,No,No,No
7938-OUHIO,3,Month-to-month,Fiber optic,Yes,No,No,No,Yes,Yes,Yes,Yes
8510-AWCXC,13,Month-to-month,Fiber optic,Yes,Yes,Yes,No,No,No,Yes,Yes
6128-AQBMT,41,Month-to-month,DSL,No,No phone service,No,Yes,Yes,No,Yes,Yes
3594-BDSOA,24,One year,No,Yes,No,No internet service,No internet service,No internet service,No internet service,No internet service,No internet service
0431-APWVY,28,One year,Fiber optic,Yes,No,No,No,No,No,Yes,Yes
5133-VRSAB,8,Month-to-month,DSL,No,No phone service,Yes,No,No,No,No,No
5996-DAOQL,1,Month-to-month,No,Yes,No,No internet service,No internet service,No internet service,No internet service,No internet service,No internet service
6838-YAUVY,54,Two year,Fiber optic,Yes,Yes,No,No,Yes,Yes,No,Yes
0484-JPBRU,41,Month-to-month,No,Yes,Yes,No internet service,No internet service,No internet service,No internet service,No internet service,No internet service
7883-ROJOC,19,Month-to-month,DSL,Yes,No,No,No,No,No,No,No
0244-LGNFY,72,Two year,DSL,Yes,Yes,Yes,Yes,Yes,Yes,Yes,Yes
7274-CGTOD,62,Two year,DSL,No,No phone service,Yes,Yes,Yes,Yes,No,No
4295-YURET,56,Two year,DSL,Yes,No,Yes,No,No,Yes,Yes,Yes
3426-NIYYL,15,Month-to-month,DSL,Yes,Yes,No,No,No,No,No,No
8225-BTJAU,10,Month-to-month,Fiber optic,Yes,No,No,No,No,No,No,Yes
4635-EJYPD,32,Two year,No,Yes,No,No internet service,No internet service,No internet service,No internet service,No internet service,No internet service
1866-ZSLJM,21,Month-to-month,No,Yes,No,No internet service,No internet service,No internet service,No internet service,No internet service,No internet service
4636-TVXVG,62,One year,No,Yes,No,No internet service,No internet service,No internet service,No internet service,No internet service,No internet service
4236-UJPWO,2,Month-to-month,DSL,No,No phone service,No,No,No,No,No,No
9392-XBGTD,27,Two year,No,Yes,No,No internet service,No internet service,No internet service,No internet service,No internet service,No internet service
3387-VATUS,5,Month-to-month,Fiber optic,Yes,Yes,No,No,No,No,Yes,Yes
6402-SSEJG,25,One year,DSL,No,No phone service,Yes,Yes,Yes,No,Yes,Yes
1143-NMNQJ,2,Month-to-month,Fiber optic,Yes,Yes,No,No,No,No,No,Yes
1169-SAOCL,49,One year,Fiber optic,Yes,Yes,No,Yes,No,Yes,Yes,Yes
1110-KYLGQ,63,Month-to-month,Fiber optic,Yes,Yes,Yes,Yes,Yes,No,Yes,Yes
9929-PLVPA,4,Month-to-month,No,Yes,No,No internet service,No internet service,No internet service,No internet service,No internet service,No internet service
3518-PZXZQ,1,Month-to-month,DSL,Yes,No,No,No,No,No,Yes,No
2371-JUNGC,11,Month-to-month,No,Yes,No,No internet service,No internet service,No internet service,No internet service,No internet service,No internet service
7693-QPEFS,52,Month-to-month,Fiber optic,Yes,Yes,No,No,No,No,No,No
0924-BJCRC,60,Month-to-month,Fiber optic,Yes,Yes,No,Yes,No,No,No,Yes
5074-FBGHB,64,One year,Fiber optic,Yes,Yes,No,No,Yes,Yes,Yes,Yes
2351-BKRZW,43,Two year,DSL,Yes,No,Yes,No,Yes,No,Yes,Yes
4455-BFSPD,61,One year,Fiber optic,Yes,Yes,No,No,No,Yes,Yes,Yes
0415-MOSGF,1,Month-to-month,DSL,Yes,No,No,No,No,No,No,No
1724-BQUHA,5,Month-to-month,Fiber optic,Yes,No,No,No,No,No,Yes,Yes
3948-KXDUF,66,Two year,DSL,Yes,Yes,Yes,Yes,Yes,Yes,No,No
2323-ARSVR,67,Two year,Fiber optic,Yes,No,Yes,Yes,Yes,Yes,Yes,Yes
0815-MFZGM,42,Two year,Fiber optic,Yes,No,No,No,Yes,Yes,Yes,Yes
4826-XTSOH,1,Month-to-month,Fiber optic,Yes,Yes,No,No,No,No,Yes,No
5480-XTFFL,31,Two year,No,Yes,No,No internet service,No internet service,No internet service,No internet service,No internet service,No internet service
8295-FHIVV,7,Month-to-month,No,Yes,No,No internet service,No internet service,No internet service,No internet service,No internet service,No internet service
2495-INZWQ,4,Month-to-month,DSL,No,No phone service,No,No,No,No,Yes,Yes
9086-YJYXS,34,One year,DSL,Yes,Yes,No,No,Yes,No,Yes,Yes
1179-INLAT,3,One year,No,Yes,No,No internet service,No internet service,No internet service,No internet service,No internet service,No internet service
7909-FIOIY,19,Month-to-month,DSL,No,No phone service,No,No,No,No,No,No
4139-SUGLD,31,Month-to-month,DSL,No,No phone service,Yes,No,No,Yes,No,No
6857-VWJDT,1,Month-to-month,Fiber optic,Yes,Yes,No,No,No,No,Yes,Yes
6351-SCJKT,3,Month-to-month,DSL,No,No phone service,Yes,No,Yes,Yes,No,No
5468-BPMMO,46,Month-to-month,No,Yes,No,No internet service,No internet service,No internet service,No internet service,No internet service,No internet service
5624-BQSSA,1,Month-to-month,No,Yes,No,No internet service,No internet service,No internet service,No internet service,No internet service,No internet service
0197-PNKNK,69,One year,Fiber optic,Yes,Yes,Yes,No,Yes,No,No,No
2439-QKJUL,5,Month-to-month,No,Yes,No,No internet service,No internet service,No internet service,No internet service,No internet service,No internet service
1194-SPVSP,1,Month-to-month,No,Yes,No,No internet service,No internet service,No internet service,No internet service,No internet service,No internet service
9534-NSXEM,26,One year,No,Yes,No,No internet service,No internet service,No internet service,No internet service,No internet service,No internet service
2408-WITXK,10,Month-to-month,DSL,No,No phone service,No,No,No,No,No,Yes
8929-KSWIH,25,Two year,Fiber optic,Yes,No,No,No,Yes,Yes,Yes,Yes
2250-IVBWA,64,Month-to-month,Fiber optic,Yes,No,Yes,Yes,No,No,No,No
1810-MVMAI,30,Month-to-month,DSL,Yes,Yes,Yes,Yes,Yes,Yes,No,No
9506-UXUSK,13,Month-to-month,Fiber optic,Yes,No,No,No,No,No,No,No
1229-RCALF,64,One year,Fiber optic,Yes,Yes,Yes,Yes,Yes,Yes,Yes,Yes
3572-UOLYZ,46,Month-to-month,Fiber optic,Yes,Yes,No,No,Yes,Yes,No,No
1429-UYJSV,12,One year,No,Yes,No,No internet service,No internet service,No internet service,No internet service,No internet service,No internet service
5577-OTWWW,15,Month-to-month,No,Yes,No,No internet service,No internet service,No internet service,No internet service,No internet service,No internet service
6100-QQHEB,17,Month-to-month,Fiber optic,Yes,Yes,No,No,No,No,Yes,Yes
6366-XIVKZ,13,Month-to-month,DSL,Yes,No,Yes,No,Yes,No,No,Yes
3470-OBUET,67,Two year,DSL,Yes,Yes,Yes,Yes,No,Yes,Yes,No
2770-NSVDG,24,Month-to-month,DSL,No,No phone service,No,No,Yes,No,No,No
9375-MHRRS,6,Month-to-month,DSL,Yes,No,No,No,No,Yes,No,No
2634-HCZGT,53,One year,DSL,Yes,Yes,Yes,No,No,Yes,No,No
7503-QQRVF,16,Month-to-month,Fiber optic,Yes,No,No,Yes,No,No,No,No
4860-YZGZM,10,Month-to-month,No,Yes,No,No internet service,No internet service,No internet service,No internet service,No internet service,No internet service
6599-GZWCM,13,One year,Fiber optic,Yes,No,No,Yes,No,No,No,No
2691-NZETQ,9,Month-to-month,Fiber optic,Yes,Yes,No,No,No,No,Yes,No
4404-HIBDJ,25,One year,DSL,Yes,No,Yes,Yes,Yes,Yes,Yes,No
5533-NHFRF,7,Month-to-month,DSL,No,No phone service,No,Yes,No,Yes,No,Yes
7037-MTYVW,38,Two year,DSL,Yes,Yes,Yes,No,Yes,Yes,Yes,Yes
4760-THGOT,43,Month-to-month,Fiber optic,Yes,Yes,Yes,Yes,No,No,No,Yes
7295-JOMMD,4,Month-to-month,Fiber optic,Yes,No,No,No,Yes,Yes,Yes,Yes
4016-BJKTZ,25,Two year,Fiber optic,Yes,Yes,No,Yes,Yes,Yes,Yes,Yes
6584-VQMYT,27,One year,DSL,Yes,No,Yes,Yes,No,No,No,No
9838-BFCQT,72,Two year,No,Yes,Yes,No internet service,No internet service,No internet service,No internet service,No internet service,No internet service
2790-XUYMV,71,One year,Fiber optic,Yes,Yes,Yes,Yes,No,No,No,No
0581-MDMPW,24,Month-to-month,Fiber optic,Yes,Yes,No,No,Yes,No,Yes,No
5013-SBUIH,50,Two year,Fiber optic,Yes,Yes,Yes,Yes,No,Yes,Yes,Yes
1023-BQXZE,57,Two year,DSL,Yes,No,Yes,No,Yes,No,Yes,Yes
9163-GHAYE,15,Month-to-month,DSL,Yes,No,No,Yes,No,No,No,No
3904-UKFRE,4,Month-to-month,Fiber optic,Yes,Yes,Yes,No,No,No,No,No
5353-WILCI,28,Month-to-month,DSL,Yes,No,Yes,Yes,No,No,No,No
0709-TVGUR,9,Month-to-month,Fiber optic,Yes,Yes,No,No,No,No,No,No
0058-EVZWM,55,Month-to-month,Fiber optic,Yes,Yes,Yes,No,No,No,Yes,No
6023-YEBUP,3,Month-to-month,Fiber optic,Yes,Yes,No,No,Yes,No,Yes,Yes
7209-JCUDS,10,Month-to-month,Fiber optic,Yes,No,No,No,Yes,No,Yes,Yes
7009-PCARS,55,One year,No,Yes,No,No internet service,No internet service,No internet service,No internet service,No internet service,No internet service
0519-DRGTI,20,Month-to-month,No,Yes,No,No internet service,No internet service,No internet service,No internet service,No internet service,No internet service
1017-FBQMM,62,One year,Fiber optic,Yes,Yes,No,Yes,No,Yes,Yes,Yes
3001-CBHLQ,32,Month-to-month,Fiber optic,Yes,Yes,No,No,Yes,Yes,Yes,Yes
1985-MBRYP,43,Two year,No,Yes,No,No internet service,No internet service,No internet service,No internet service,No internet service,No internet service
6158-DWPZT,9,One year,DSL,No,No phone service,No,No,No,No,No,No
9372-TXXPS,60,Two year,DSL,Yes,No,Yes,Yes,No,Yes,No,No
3259-QMXUN,58,Two year,DSL,Yes,Yes,Yes,Yes,Yes,No,Yes,Yes
1015-JPFYW,7,One year,No,Yes,No,No internet service,No internet service,No internet service,No internet service,No internet service,No internet service
6645-MXQJT,2,Month-to-month,Fiber optic,Yes,No,Yes,No,No,No,Yes,Yes
4360-QRAVE,37,Month-to-month,DSL,No,No phone service,No,Yes,Yes,No,No,No
8433-WPJTV,65,One year,Fiber optic,Yes,Yes,No,No,Yes,Yes,Yes,Yes
5804-JMYIO,39,Two year,No,Yes,No,No internet service,No internet service,No internet service,No internet service,No internet service,No internet service
3763-GCZHZ,66,One year,Fiber optic,Yes,Yes,No,Yes,No,Yes,Yes,Yes
6484-LATFU,68,Two year,No,Yes,Yes,No internet service,No internet service,No internet service,No internet service,No internet service,No internet service
7599-NTMDP,62,Two year,DSL,No,No phone service,Yes,Yes,No,Yes,Yes,No
0772-GYEQQ,3,Month-to-month,Fiber optic,Yes,No,No,No,Yes,Yes,Yes,No
0536-ACXIP,72,Two year,Fiber optic,Yes,Yes,Yes,Yes,Yes,No,Yes,Yes
0936-NQLJU,41,Two year,No,Yes,No,No internet service,No internet service,No internet service,No internet service,No internet service,No internet service
4831-EOBFE,29,Month-to-month,Fiber optic,Yes,No,Yes,No,No,No,Yes,Yes
1575-KRZZE,4,Month-to-month,DSL,Yes,No,Yes,Yes,No,No,No,No
3251-YMVWZ,53,One year,No,Yes,Yes,No internet service,No internet service,No internet service,No internet service,No internet service,No internet service
4102-OQUPX,1,Month-to-month,Fiber optic,Yes,Yes,No,No,No,No,No,No
9170-GYZJC,41,Month-to-month,DSL,Yes,Yes,Yes,Yes,Yes,Yes,No,Yes
4884-LEVMQ,39,Two year,No,Yes,No,No internet service,No internet service,No internet service,No internet service,No internet service,No internet service
8857-CUPFQ,63,Two year,No,Yes,No,No internet service,No internet service,No internet service,No internet service,No internet service,No internet service
7610-TVOPG,15,Month-to-month,No,Yes,Yes,No internet service,No internet service,No internet service,No internet service,No internet service,No internet service
3638-DIMPH,13,One year,DSL,Yes,No,No,No,No,No,No,No
1845-ZLLIG,1,Month-to-month,DSL,Yes,No,No,Yes,No,No,No,No
8559-WNQZS,1,Two year,No,Yes,No,No internet service,No internet service,No internet service,No internet service,No internet service,No internet service
3999-QGRJH,8,Month-to-month,Fiber optic,Yes,No,No,No,No,No,No,No
1699-UOTXU,60,Two year,DSL,Yes,No,Yes,Yes,Yes,No,No,No
2454-RPBRZ,12,Month-to-month,Fiber optic,Yes,Yes,No,Yes,Yes,No,Yes,No
0635-WKOLD,40,One year,DSL,Yes,Yes,No,Yes,No,Yes,Yes,No
5993-JSUWV,66,Two year,DSL,Yes,No,Yes,Yes,Yes,No,No,No
4518-FZBSX,42,One year,No,Yes,No,No internet service,No internet service,No internet service,No internet service,No internet service,No internet service
5387-ASZNZ,66,One year,DSL,Yes,Yes,Yes,Yes,No,Yes,No,No
6988-CJEYV,49,Month-to-month,Fiber optic,Yes,Yes,No,Yes,No,No,Yes,Yes
2002-MZHWP,1,Month-to-month,No,Yes,No,No internet service,No internet service,No internet service,No internet service,No internet service,No internet service
3097-FQTVJ,41,Two year,No,Yes,No,No internet service,No internet service,No internet service,No internet service,No internet service,No internet service
5465-BUBFA,41,Two year,No,Yes,No,No internet service,No internet service,No internet service,No internet service,No internet service,No internet service
7299-GNVPL,23,Month-to-month,Fiber optic,Yes,No,Yes,Yes,No,Yes,No,No
9743-DQKQW,3,Month-to-month,DSL,No,No phone service,No,No,No,No,No,No
1215-VFYVK,4,Month-to-month,DSL,No,No phone service,Yes,No,Yes,Yes,No,Yes
9371-BITHB,52,Two year,No,Yes,No,No internet service,No internet service,No internet service,No internet service,No internet service,No internet service
2265-CYWIV,4,Month-to-month,Fiber optic,Yes,Yes,Yes,No,No,No,Yes,Yes
9093-FPDLG,11,Month-to-month,Fiber optic,Yes,No,No,Yes,Yes,Yes,No,Yes
0541-FITGH,2,Month-to-month,DSL,Yes,No,Yes,No,No,No,No,Yes
6985-HAYWX,26,Month-to-month,Fiber optic,Yes,Yes,No,Yes,No,No,No,No
7508-KBIMB,24,One year,DSL,Yes,No,Yes,No,Yes,No,No,No
6838-HVLXG,12,Month-to-month,No,Yes,No,No internet service,No internet service,No internet service,No internet service,No internet service,No internet service
2277-DJJDL,60,Month-to-month,Fiber optic,Yes,Yes,No,No,No,Yes,Yes,Yes
1897-OKVMW,64,Two year,DSL,Yes,Yes,Yes,Yes,Yes,Yes,Yes,Yes
5485-ITNPC,66,Two year,DSL,Yes,No,Yes,Yes,Yes,Yes,Yes,Yes
0233-FTHAV,60,One year,Fiber optic,Yes,Yes,No,No,Yes,No,No,No
4644-PIZRT,17,One year,DSL,Yes,Yes,Yes,No,Yes,No,Yes,No
8922-NPKBJ,42,Two year,No,Yes,No,No internet service,No internet service,No internet service,No internet service,No internet service,No internet service
2740-TVLFN,1,Month-to-month,DSL,Yes,Yes,No,No,No,No,No,No
7771-CFQRQ,47,Two year,DSL,Yes,No,No,Yes,No,Yes,No,Yes
9512-PHSMG,10,Month-to-month,No,Yes,No,No internet service,No internet service,No internet service,No internet service,No internet service,No internet service
6963-EZQEE,70,Two year,DSL,Yes,Yes,Yes,Yes,Yes,Yes,Yes,Yes
2452-KDRRH,67,Month-to-month,Fiber optic,Yes,Yes,No,No,Yes,No,Yes,Yes
2004-OCQXK,1,Month-to-month,Fiber optic,Yes,No,No,No,No,No,No,Yes
5027-QPKTE,7,Month-to-month,Fiber optic,Yes,No,No,No,No,No,No,No
4146-SVFUD,1,Month-to-month,DSL,Yes,No,No,No,No,No,No,No
1564-HJUVY,4,Month-to-month,DSL,Yes,No,No,Yes,No,Yes,Yes,No
3617-XLSGQ,66,Two year,Fiber optic,Yes,Yes,Yes,Yes,Yes,No,Yes,Yes
7517-LDMPS,12,Month-to-month,Fiber optic,Yes,No,No,Yes,No,No,No,Yes
7244-KXYZN,24,One year,No,Yes,No,No internet service,No internet service,No internet service,No internet service,No internet service,No internet service
5226-NOZFC,26,Month-to-month,Fiber optic,Yes,No,No,Yes,No,No,Yes,No
2672-HUYVI,6,Month-to-month,Fiber optic,Yes,No,No,No,No,No,Yes,Yes
1400-WIVLL,57,Two year,Fiber optic,Yes,Yes,No,No,Yes,Yes,Yes,Yes
7508-MYBOG,14,Month-to-month,Fiber optic,Yes,Yes,No,No,No,No,Yes,No
8148-NLEGT,42,Two year,No,Yes,Yes,No internet service,No internet service,No internet service,No internet service,No internet service,No internet service
0148-DCDOS,25,Month-to-month,Fiber optic,Yes,Yes,No,No,No,No,Yes,Yes
8347-GDTMP,64,Two year,No,Yes,No,No internet service,No internet service,No internet service,No internet service,No internet service,No internet service
9992-RRAMN,22,Month-to-month,Fiber optic,Yes,Yes,No,No,No,No,No,Yes
6746-WAUWT,19,One year,No,Yes,No,No internet service,No internet service,No internet service,No internet service,No internet service,No internet service
0310-MVLET,61,Month-to-month,Fiber optic,Yes,Yes,No,Yes,No,No,Yes,Yes
0428-IKYCP,22,Month-to-month,Fiber optic,Yes,No,No,No,Yes,No,Yes,No
4550-VBOFE,70,Month-to-month,Fiber optic,Yes,Yes,No,Yes,Yes,No,Yes,Yes
2187-PKZAY,12,Month-to-month,Fiber optic,Yes,No,No,No,No,No,No,Yes
4003-OCTMP,31,One year,DSL,Yes,No,Yes,No,No,Yes,No,Yes
6652-YFFJO,11,Month-to-month,DSL,Yes,No,No,No,No,No,Yes,Yes
7225-IILWY,68,Two year,No,Yes,Yes,No internet service,No internet service,No internet service,No internet service,No internet service,No internet service
5248-RPYWW,72,Two year,DSL,Yes,Yes,Yes,Yes,Yes,Yes,Yes,Yes
7923-IYJWY,67,Two year,Fiber optic,Yes,Yes,Yes,Yes,Yes,Yes,Yes,Yes
3170-GWYKC,60,Month-to-month,Fiber optic,Yes,No,Yes,No,Yes,Yes,Yes,Yes
5696-QURRL,1,Month-to-month,DSL,Yes,No,No,No,No,No,No,No
7409-KIUTL,1,Month-to-month,Fiber optic,Yes,No,No,No,No,No,No,No
9830-ECLEN,58,One year,DSL,No,No phone service,Yes,Yes,Yes,No,Yes,No
1732-VHUBQ,47,Month-to-month,Fiber optic,Yes,No,No,No,No,No,No,No
0495-RVCBF,1,Month-to-month,Fiber optic,Yes,No,No,No,No,No,No,Yes
2668-TZSPS,1,Month-to-month,No,Yes,No,No internet service,No internet service,No internet service,No internet service,No internet service,No internet service
7854-EDSSA,22,Month-to-month,DSL,Yes,Yes,Yes,Yes,No,No,No,No
8869-TORSS,48,One year,DSL,Yes,No,Yes,No,Yes,Yes,No,No
7446-SFAOA,37,One year,No,Yes,No,No internet service,No internet service,No internet service,No internet service,No internet service,No internet service
9522-ZSINC,13,One year,No,Yes,No,No internet service,No internet service,No internet service,No internet service,No internet service,No internet service
8234-GSZYK,43,Two year,No,Yes,Yes,No internet service,No internet service,No internet service,No internet service,No internet service,No internet service
6505-OZNPG,6,Two year,DSL,No,No phone service,Yes,Yes,Yes,Yes,Yes,Yes
6164-HAQTX,71,Two year,DSL,No,No phone service,Yes,Yes,Yes,Yes,Yes,No
0679-IDSTG,1,Month-to-month,Fiber optic,Yes,No,No,No,No,No,No,No
7765-LWVVH,72,Two year,Fiber optic,Yes,Yes,Yes,Yes,No,No,Yes,No
1658-TJVOA,6,Month-to-month,Fiber optic,Yes,No,Yes,No,No,No,No,No
0953-LGOVU,12,Month-to-month,DSL,No,No phone service,No,Yes,No,Yes,No,No
2115-BFTIW,25,Month-to-month,Fiber optic,Yes,No,No,No,No,No,No,No
4692-NNQRU,21,One year,Fiber optic,Yes,No,No,No,Yes,Yes,No,No
7742-MYPGI,6,Month-to-month,DSL,Yes,No,No,No,No,Yes,No,No
0611-DFXKO,20,Month-to-month,Fiber optic,Yes,No,No,No,No,No,Yes,Yes
7780-OTDSO,18,Month-to-month,Fiber optic,Yes,Yes,Yes,No,No,No,Yes,Yes
9619-GSATL,43,One year,DSL,Yes,No,No,Yes,No,Yes,No,No
5622-UEJFI,35,Two year,No,Yes,Yes,No internet service,No internet service,No internet service,No internet service,No internet service,No internet service
9747-DDZOS,1,Month-to-month,Fiber optic,Yes,No,No,No,Yes,No,No,No
0674-DGMAQ,32,Month-to-month,Fiber optic,Yes,Yes,No,Yes,Yes,No,No,Yes
6203-HBZPA,52,Two year,DSL,No,No phone service,Yes,Yes,Yes,Yes,Yes,Yes
0484-FFVBJ,32,One year,DSL,Yes,No,No,No,No,No,Yes,Yes
0301-FIDRB,72,Two year,DSL,No,No phone service,Yes,Yes,Yes,Yes,Yes,Yes
4139-JPIAM,51,Month-to-month,DSL,No,No phone service,Yes,No,No,Yes,No,Yes
2181-TIDSV,68,Two year,No,Yes,No,No internet service,No internet service,No internet service,No internet service,No internet service,No internet service
2761-XECQW,8,Month-to-month,DSL,No,No phone service,No,Yes,Yes,No,No,Yes
1936-CZAKF,49,Two year,DSL,No,No phone service,No,Yes,No,No,Yes,Yes
9453-PATOS,72,Two year,DSL,Yes,No,Yes,Yes,Yes,Yes,Yes,Yes
0564-JJHGS,9,Month-to-month,Fiber optic,Yes,Yes,No,No,No,No,Yes,Yes
3348-CFRNX,28,Month-to-month,Fiber optic,Yes,No,Yes,No,No,No,Yes,Yes
4402-FTBXC,54,Month-to-month,Fiber optic,Yes,No,Yes,No,Yes,No,Yes,No
1428-GTBJJ,11,Month-to-month,Fiber optic,Yes,No,No,Yes,No,No,No,No
2931-XIQBR,50,One year,Fiber optic,Yes,No,No,No,Yes,Yes,Yes,Yes
0106-UGRDO,69,Two year,Fiber optic,Yes,Yes,Yes,Yes,Yes,Yes,Yes,Yes
5542-TBBWB,1,Month-to-month,Fiber optic,Yes,No,No,No,No,No,No,No
1930-QPBVZ,68,Two year,Fiber optic,Yes,No,Yes,Yes,No,Yes,No,Yes
2606-PKWJB,40,One year,DSL,No,No phone service,Yes,Yes,No,Yes,No,No
5322-ZSMZY,31,Two year,No,Yes,Yes,No internet service,No internet service,No internet service,No internet service,No internet service,No internet service
8059-UDZFY,33,Month-to-month,Fiber optic,Yes,Yes,No,Yes,Yes,No,Yes,Yes
7740-BTPUX,55,Two year,Fiber optic,Yes,Yes,No,Yes,Yes,Yes,Yes,Yes
5220-AGAAX,68,Two year,No,Yes,Yes,No internet service,No internet service,No internet service,No internet service,No internet service,No internet service
0208-BPQEJ,12,Month-to-month,No,Yes,No,No internet service,No internet service,No internet service,No internet service,No internet service,No internet service
9435-JMLSX,71,Two year,DSL,Yes,No,Yes,Yes,Yes,Yes,Yes,Yes
3352-ALMCK,40,Month-to-month,Fiber optic,Yes,Yes,No,Yes,Yes,No,Yes,Yes
5312-IRCFR,64,One year,Fiber optic,Yes,Yes,No,Yes,Yes,No,No,Yes
5294-IMHHT,53,One year,Fiber optic,Yes,Yes,No,Yes,No,Yes,No,Yes
8802-UNOJF,12,Month-to-month,Fiber optic,Yes,No,No,Yes,Yes,Yes,No,No
6313-GIDIT,53,Month-to-month,DSL,No,No phone service,No,Yes,Yes,No,Yes,Yes
6176-YJWAS,72,Two year,Fiber optic,Yes,Yes,Yes,Yes,Yes,No,Yes,No
5310-NOOVA,46,Two year,No,Yes,No,No internet service,No internet service,No internet service,No internet service,No internet service,No internet service
4526-EXKKN,40,Two year,No,Yes,Yes,No internet service,No internet service,No internet service,No internet service,No internet service,No internet service
5311-IHLEI,12,Month-to-month,DSL,No,No phone service,Yes,Yes,No,Yes,Yes,No
3987-KQDDU,9,Month-to-month,Fiber optic,Yes,No,Yes,No,No,No,No,No
3404-JNXAX,51,Month-to-month,Fiber optic,Yes,Yes,No,No,No,Yes,No,No
5131-PONJI,49,Month-to-month,Fiber optic,Yes,No,No,Yes,Yes,No,Yes,No
2845-AFFTX,41,Month-to-month,Fiber optic,Yes,Yes,No,No,Yes,No,Yes,Yes
3489-VSFRD,56,One year,DSL,Yes,No,Yes,No,Yes,Yes,No,No
3345-JHUEO,4,Month-to-month,No,Yes,No,No internet service,No internet service,No internet service,No internet service,No internet service,No internet service
5815-HGGHV,20,One year,DSL,Yes,No,Yes,No,No,Yes,No,Yes
5260-UMPWX,26,Month-to-month,No,Yes,No,No internet service,No internet service,No internet service,No internet service,No internet service,No internet service
2249-YPRNG,20,Month-to-month,Fiber optic,Yes,Yes,No,Yes,Yes,No,Yes,Yes
7410-YTJIK,7,Month-to-month,Fiber optic,Yes,Yes,No,No,No,No,No,No
4626-GYCZP,7,Month-to-month,Fiber optic,Yes,Yes,No,No,No,No,Yes,Yes
5649-RXQTV,51,Month-to-month,Fiber optic,Yes,No,No,Yes,Yes,No,Yes,Yes
2674-MIAHT,4,Month-to-month,Fiber optic,Yes,Yes,No,Yes,No,No,No,No
2576-HXMPA,1,Month-to-month,No,Yes,No,No internet service,No internet service,No internet service,No internet service,No internet service,No internet service
7587-AOVVU,27,Month-to-month,Fiber optic,Yes,Yes,Yes,Yes,No,Yes,Yes,No
5590-BYNII,22,Month-to-month,Fiber optic,Yes,Yes,Yes,No,No,No,Yes,Yes
6898-MDLZW,12,Month-to-month,DSL,Yes,No,No,Yes,No,Yes,No,No
3237-AJGEH,3,Month-to-month,DSL,No,No phone service,No,No,No,Yes,No,No
4707-YNOQA,34,One year,No,Yes,Yes,No internet service,No internet service,No internet service,No internet service,No internet service,No internet service
9357-UJRUN,24,One year,DSL,Yes,Yes,Yes,No,No,Yes,No,No
1591-NFNLQ,51,Month-to-month,Fiber optic,Yes,Yes,No,No,Yes,No,No,No
8648-PFRMP,14,Month-to-month,DSL,No,No phone service,No,No,No,No,Yes,Yes
7663-CUXZB,59,Two year,Fiber optic,Yes,Yes,Yes,Yes,Yes,Yes,Yes,Yes
0258-NOKBL,3,Month-to-month,Fiber optic,Yes,No,No,Yes,Yes,No,No,Yes
1163-VIPRI,65,Two year,Fiber optic,Yes,Yes,Yes,No,Yes,Yes,Yes,Yes
2815-CPTUL,5,Month-to-month,Fiber optic,Yes,No,No,No,No,No,No,No
9348-ROUAI,59,Two year,DSL,Yes,Yes,Yes,Yes,Yes,Yes,Yes,Yes
9443-JUBUO,72,Two year,DSL,No,No phone service,Yes,Yes,Yes,Yes,Yes,Yes
0596-BQCEQ,62,Month-to-month,Fiber optic,Yes,No,No,Yes,Yes,No,Yes,Yes
1481-ZUWZA,28,Month-to-month,Fiber optic,Yes,Yes,Yes,Yes,No,No,No,Yes
3043-TYBNO,3,Month-to-month,DSL,Yes,No,No,No,No,Yes,No,Yes
4830-FAXFM,19,Month-to-month,No,Yes,Yes,No internet service,No internet service,No internet service,No internet service,No internet service,No internet service
5906-BFOZT,1,Month-to-month,No,Yes,No,No internet service,No internet service,No internet service,No internet service,No internet service,No internet service
2960-NKRSO,24,Month-to-month,Fiber optic,Yes,No,No,Yes,Yes,Yes,No,No
8996-ZROXE,57,One year,DSL,Yes,No,No,No,Yes,Yes,No,No
5598-IKHQQ,72,Two year,No,Yes,Yes,No internet service,No internet service,No internet service,No internet service,No internet service,No internet service
0397-ZXWQF,67,Two year,No,Yes,No,No internet service,No internet service,No internet service,No internet service,No internet service,No internet service
5266-PFRQK,52,One year,No,Yes,No,No internet service,No internet service,No internet service,No internet service,No internet service,No internet service
4674-HGNUA,71,Two year,DSL,Yes,Yes,Yes,Yes,Yes,Yes,Yes,Yes
6765-MBQNU,26,One year,No,Yes,Yes,No internet service,No internet service,No internet service,No internet service,No internet service,No internet service
9786-IJYDL,35,Two year,Fiber optic,Yes,Yes,Yes,Yes,Yes,Yes,Yes,Yes
1303-SRDOK,55,Two year,Fiber optic,Yes,No,No,No,No,No,No,No
3769-MHZNV,33,Two year,No,Yes,No,No internet service,No internet service,No internet service,No internet service,No internet service,No internet service
6295-OSINB,72,Two year,Fiber optic,Yes,Yes,Yes,Yes,Yes,No,Yes,Yes
3308-MHOOC,1,Month-to-month,No,Yes,No,No internet service,No internet service,No internet service,No internet service,No internet service,No internet service
2309-OSFEU,10,Month-to-month,DSL,No,No phone service,No,No,No,No,No,Yes
2207-QPJED,37,Month-to-month,Fiber optic,Yes,No,No,No,Yes,Yes,Yes,No
4177-JPDFU,12,Month-to-month,DSL,No,No phone service,No,Yes,No,Yes,No,No
2239-CFOUJ,1,One year,No,Yes,No,No internet service,No internet service,No internet service,No internet service,No internet service,No internet service
8046-DNVTL,62,Two year,DSL,No,No phone service,Yes,Yes,No,Yes,No,No
2209-XADXF,1,Month-to-month,DSL,No,No phone service,No,No,No,No,No,No
6620-JDYNW,18,Month-to-month,DSL,Yes,Yes,Yes,No,Yes,No,No,No
1891-FZYSA,69,Month-to-month,Fiber optic,Yes,Yes,No,Yes,No,No,Yes,No
4770-UEZOX,2,Month-to-month,Fiber optic,Yes,No,No,Yes,No,No,No,No
1038-RQOST,19,Month-to-month,No,Yes,No,No internet service,No internet service,No internet service,No internet service,No internet service,No internet service
7613-LLQFO,12,Month-to-month,Fiber optic,Yes,Yes,No,No,No,No,Yes,No
4568-TTZRT,9,Month-to-month,No,Yes,No,No internet service,No internet service,No internet service,No internet service,No internet service,No internet service
9513-DXHDA,27,One year,DSL,Yes,No,Yes,No,Yes,Yes,Yes,Yes
2640-PMGFL,27,Month-to-month,Fiber optic,Yes,Yes,No,No,No,Yes,No,No
3801-HMYNL,1,Month-to-month,Fiber optic,Yes,No,No,No,No,No,Yes,Yes
0516-QREYC,24,Month-to-month,No,Yes,No,No internet service,No internet service,No internet service,No internet service,No internet service,No internet service
9685-WKZGT,14,Month-to-month,Fiber optic,Yes,Yes,No,No,No,No,No,No
6022-UGGSO,32,Month-to-month,Fiber optic,Yes,No,No,Yes,No,No,No,No
8084-OIVBS,11,One year,No,Yes,No,No internet service,No internet service,No internet service,No internet service,No internet service,No internet service
8896-BQTTI,1,Month-to-month,No,Yes,Yes,No internet service,No internet service,No internet service,No internet service,No internet service,No internet service
3865-QBWSJ,38,Month-to-month,Fiber optic,Yes,Yes,Yes,No,No,No,No,No
3352-RICWQ,9,Two year,No,Yes,No,No internet service,No internet service,No internet service,No internet service,No internet service,No internet service
2160-GPFXD,54,Two year,DSL,Yes,Yes,Yes,Yes,No,Yes,No,No
2065-MMKGR,29,One year,DSL,Yes,Yes,No,No,No,No,Yes,Yes
5857-TYBCJ,44,Month-to-month,Fiber optic,Yes,Yes,No,No,Yes,No,Yes,No
1498-NHTLT,59,Two year,DSL,Yes,No,Yes,Yes,Yes,Yes,Yes,Yes
4484-CGXFK,3,Month-to-month,DSL,Yes,No,No,No,No,No,No,Yes
1402-PTHGN,18,One year,DSL,Yes,No,Yes,Yes,No,Yes,No,No
4176-RELJR,67,Two year,No,Yes,Yes,No internet service,No internet service,No internet service,No internet service,No internet service,No internet service
6214-EDAKZ,22,Month-to-month,DSL,Yes,No,No,Yes,No,Yes,No,No
5199-FPUSP,33,One year,DSL,No,No phone service,Yes,No,No,Yes,No,No
6377-KSLXC,5,Month-to-month,No,Yes,No,No internet service,No internet service,No internet service,No internet service,No internet service,No internet service
1796-JANOW,2,Month-to-month,No,Yes,No,No internet service,No internet service,No internet service,No internet service,No internet service,No internet service
0238-WHBIQ,72,Two year,DSL,Yes,Yes,Yes,Yes,Yes,Yes,Yes,Yes
8735-NBLWT,9,Month-to-month,No,Yes,No,No internet service,No internet service,No internet service,No internet service,No internet service,No internet service
6651-RLGGM,67,Two year,No,Yes,Yes,No internet service,No internet service,No internet service,No internet service,No internet service,No internet service
6127-ISGTU,16,Month-to-month,Fiber optic,Yes,Yes,No,No,No,No,Yes,No
1614-JBEBI,8,Month-to-month,No,Yes,No,No internet service,No internet service,No internet service,No internet service,No internet service,No internet service
8740-XLHDR,5,Month-to-month,DSL,No,No phone service,Yes,Yes,Yes,Yes,No,No
1208-DNHLN,23,One year,DSL,Yes,Yes,No,No,No,No,No,No
1761-AEZZR,1,Month-to-month,Fiber optic,Yes,No,No,No,No,No,Yes,No
3923-CSIHK,50,Month-to-month,Fiber optic,Yes,No,No,No,No,No,No,No
5696-EXCYS,17,Two year,No,Yes,No,No internet service,No internet service,No internet service,No internet service,No internet service,No internet service
5795-KTGUD,68,Two year,Fiber optic,Yes,Yes,Yes,Yes,Yes,No,Yes,Yes
7120-RFMVS,1,Month-to-month,Fiber optic,Yes,Yes,No,No,No,No,Yes,No
7924-GJZFI,25,Month-to-month,Fiber optic,Yes,No,No,No,No,No,No,No
4702-HDRKD,67,One year,DSL,No,No phone service,Yes,No,Yes,Yes,Yes,No
8512-WIWYV,32,One year,No,Yes,No,No internet service,No internet service,No internet service,No internet service,No internet service,No internet service
5897-ZYEKH,67,One year,Fiber optic,Yes,Yes,Yes,Yes,No,No,Yes,Yes
5456-ITGIC,72,Two year,DSL,No,No phone service,Yes,Yes,Yes,Yes,Yes,Yes
7317-GGVPB,71,Two year,Fiber optic,Yes,Yes,No,Yes,Yes,Yes,Yes,Yes
1406-PUQVY,1,Month-to-month,DSL,Yes,No,No,Yes,No,No,No,No
1322-AGOQM,46,Month-to-month,DSL,No,No phone service,No,Yes,No,No,No,No
3677-IYRBF,2,Month-to-month,DSL,No,No phone service,No,No,Yes,No,No,No
5692-FPTAH,1,Month-to-month,DSL,Yes,No,No,No,No,No,No,No
9114-AAFQH,48,One year,DSL,Yes,No,No,Yes,Yes,No,No,Yes
8715-KKTFG,61,One year,Fiber optic,Yes,Yes,No,No,Yes,Yes,Yes,Yes
1550-LOAHA,32,Month-to-month,Fiber optic,Yes,No,No,Yes,No,No,No,Yes
1728-BQDMA,2,Month-to-month,DSL,Yes,No,No,No,No,No,No,No
0268-QKIWO,3,Month-to-month,No,Yes,No,No internet service,No internet service,No internet service,No internet service,No internet service,No internet service
0876-WDUUZ,5,Month-to-month,Fiber optic,Yes,No,No,No,No,Yes,No,Yes
5117-ZSMHQ,71,Two year,DSL,Yes,Yes,Yes,Yes,Yes,Yes,Yes,Yes
5151-HQRDG,37,Month-to-month,DSL,Yes,Yes,Yes,No,No,No,No,No
0960-HUWBM,65,Two year,Fiber optic,Yes,Yes,No,No,Yes,Yes,Yes,Yes
6465-GSRCL,67,One year,Fiber optic,Yes,Yes,No,Yes,No,Yes,Yes,Yes
0617-FHSGK,49,Month-to-month,Fiber optic,Yes,Yes,No,No,No,No,No,No
0263-FJTQO,50,Two year,DSL,Yes,Yes,Yes,No,No,Yes,Yes,No
7319-ZNRTR,25,One year,No,Yes,No,No internet service,No internet service,No internet service,No internet service,No internet service,No internet service
2858-MOFSQ,17,One year,DSL,Yes,Yes,No,No,Yes,No,No,No
7503-EPSZW,64,Two year,No,Yes,Yes,No internet service,No internet service,No internet service,No internet service,No internet service,No internet service
7089-XXAYG,25,One year,DSL,No,No phone service,No,No,Yes,No,Yes,No
8118-LSUEL,23,Month-to-month,Fiber optic,Yes,Yes,No,Yes,Yes,No,Yes,Yes
8070-AAWZP,24,Month-to-month,DSL,No,No phone service,No,No,Yes,Yes,No,No
1666-JXLKU,37,Month-to-month,Fiber optic,Yes,Yes,No,No,Yes,No,Yes,Yes
7855-DIWPO,21,Month-to-month,Fiber optic,Yes,No,No,No,No,No,No,No
5133-POWUA,1,Month-to-month,DSL,Yes,No,No,No,No,No,No,No
5652-MSDEY,10,Month-to-month,Fiber optic,Yes,Yes,No,No,No,No,No,No
7005-CCBKV,6,Month-to-month,Fiber optic,Yes,No,No,Yes,No,No,No,Yes
1810-BOHSY,51,One year,Fiber optic,Yes,Yes,Yes,Yes,No,No,No,Yes
1784-BXEFA,10,Month-to-month,No,Yes,No,No internet service,No internet service,No internet service,No internet service,No internet service,No internet service
7351-MHQVU,6,Month-to-month,DSL,No,No phone service,Yes,Yes,No,Yes,No,Yes
9224-VTYID,47,Two year,DSL,Yes,Yes,Yes,Yes,Yes,Yes,Yes,Yes
9500-IWPXQ,61,One year,DSL,Yes,Yes,Yes,Yes,Yes,Yes,No,Yes
5762-TJXGK,52,Two year,DSL,No,No phone service,Yes,Yes,Yes,No,Yes,Yes
4504-YOULA,35,Month-to-month,DSL,Yes,Yes,Yes,Yes,No,No,No,No
5569-IDSEY,71,One year,Fiber optic,Yes,Yes,No,Yes,Yes,No,Yes,Yes
4250-FDVOU,6,Month-to-month,DSL,Yes,No,Yes,Yes,No,No,No,No
7284-ZZLOH,45,Two year,DSL,Yes,No,Yes,No,Yes,No,No,No
5277-ZLOOR,2,Month-to-month,Fiber optic,Yes,Yes,No,No,No,No,Yes,No
2141-RRYGO,4,Month-to-month,DSL,Yes,No,No,Yes,No,No,Yes,Yes
1777-JYQPJ,2,Month-to-month,DSL,No,No phone service,No,No,No,No,No,No
6376-GAHQE,4,Month-to-month,Fiber optic,Yes,No,No,No,No,No,Yes,No
3401-URHDA,51,One year,DSL,Yes,Yes,Yes,No,No,Yes,No,No
1599-EAHXY,60,One year,No,Yes,Yes,No internet service,No internet service,No internet service,No internet service,No internet service,No internet service
8631-XVRZL,9,One year,No,Yes,No,No internet service,No internet service,No internet service,No internet service,No internet service,No internet service
5052-PNLOS,3,Month-to-month,Fiber optic,Yes,Yes,No,Yes,Yes,No,Yes,Yes
3853-LYGAM,17,Month-to-month,Fiber optic,Yes,Yes,No,No,Yes,Yes,No,Yes
6979-ZNSFF,8,Month-to-month,Fiber optic,Yes,Yes,No,No,No,No,Yes,No
5751-USDBL,46,Two year,DSL,Yes,No,Yes,No,Yes,Yes,Yes,Yes
5680-LQOGP,68,Two year,DSL,Yes,No,Yes,Yes,Yes,Yes,Yes,Yes
2386-LAHRK,1,Month-to-month,DSL,Yes,No,No,No,No,No,Yes,No
8189-DUKMV,4,One year,No,Yes,No,No internet service,No internet service,No internet service,No internet service,No internet service,No internet service
6032-IGALN,1,Month-to-month,DSL,No,No phone service,No,No,No,No,No,No
9931-DCEZH,28,One year,DSL,Yes,No,No,Yes,No,Yes,No,No
1898-JSNDC,39,One year,DSL,Yes,No,No,Yes,No,No,Yes,No
0315-LVCRK,11,Month-to-month,Fiber optic,Yes,No,No,No,Yes,No,No,Yes
3911-RSNHI,71,Two year,DSL,No,No phone service,No,Yes,Yes,Yes,Yes,Yes
2410-CIYFZ,2,Month-to-month,No,Yes,No,No internet service,No internet service,No internet service,No internet service,No internet service,No internet service
4248-HCETZ,30,Month-to-month,Fiber optic,Yes,No,No,Yes,Yes,No,No,No
5505-OVWQW,17,One year,No,Yes,No,No internet service,No internet service,No internet service,No internet service,No internet service,No internet service
7271-AJDTL,55,Month-to-month,Fiber optic,Yes,Yes,No,Yes,Yes,No,Yes,No
1867-TJHTS,58,Month-to-month,Fiber optic,Yes,Yes,Yes,No,No,No,No,No
0516-WJVXC,5,Month-to-month,DSL,Yes,No,Yes,No,No,Yes,No,No
9174-FKWZE,1,Month-to-month,No,Yes,No,No internet service,No internet service,No internet service,No internet service,No internet service,No internet service
6860-YRJZP,9,Month-to-month,Fiber optic,Yes,Yes,No,No,No,No,No,No
4429-WYGFR,26,Month-to-month,DSL,Yes,No,No,No,No,Yes,No,No
2817-LVCPP,50,Two year,No,Yes,No,No internet service,No internet service,No internet service,No internet service,No internet service,No internet service
5038-ETMLM,72,Two year,Fiber optic,Yes,Yes,Yes,Yes,Yes,Yes,Yes,Yes
5056-FIMPT,43,One year,Fiber optic,Yes,No,Yes,Yes,No,Yes,Yes,Yes
4521-WFJAI,56,Two year,No,Yes,Yes,No internet service,No internet service,No internet service,No internet service,No internet service,No internet service
6569-KTMDU,1,Month-to-month,No,Yes,No,No internet service,No internet service,No internet service,No internet service,No internet service,No internet service
8809-RIHDD,72,Two year,Fiber optic,Yes,Yes,No,Yes,Yes,No,Yes,Yes
8809-XKHMD,72,Two year,Fiber optic,Yes,Yes,Yes,Yes,No,Yes,No,Yes
0396-YCHWO,36,Month-to-month,Fiber optic,Yes,Yes,No,No,No,No,Yes,Yes
0867-LDTTC,5,Month-to-month,DSL,Yes,No,No,No,Yes,Yes,Yes,Yes
4822-NGOCH,13,Month-to-month,Fiber optic,Yes,Yes,No,Yes,Yes,No,No,No
9391-DXGGG,44,One year,Fiber optic,Yes,No,No,Yes,Yes,No,No,Yes
9844-FELAJ,70,One year,Fiber optic,Yes,Yes,No,Yes,Yes,Yes,Yes,Yes
2122-SZZZD,44,One year,No,Yes,No,No internet service,No internet service,No internet service,No internet service,No internet service,No internet service
5307-DZCVC,32,Month-to-month,Fiber optic,Yes,Yes,No,No,No,No,Yes,No
3148-AOIQT,69,Two year,No,Yes,Yes,No internet service,No internet service,No internet service,No internet service,No internet service,No internet service
8679-JOEVF,16,Month-to-month,DSL,Yes,No,No,No,No,Yes,Yes,No
8395-ETZKQ,68,One year,No,Yes,No,No internet service,No internet service,No internet service,No internet service,No internet service,No internet service
6692-YQHXC,16,Month-to-month,Fiber optic,Yes,No,No,No,No,No,No,No
3889-VWBID,68,Two year,DSL,Yes,No,Yes,Yes,No,Yes,Yes,Yes
5222-JCXZT,4,Month-to-month,No,Yes,No,No internet service,No internet service,No internet service,No internet service,No internet service,No internet service
9754-CLVZW,26,Month-to-month,DSL,No,No phone service,Yes,Yes,No,Yes,No,No
1432-FPAXX,29,Month-to-month,DSL,No,No phone service,No,Yes,No,No,No,No
2739-CCZMB,5,Month-to-month,No,Yes,No,No internet service,No internet service,No internet service,No internet service,No internet service,No internet service
7080-TNUWP,70,One year,Fiber optic,Yes,Yes,No,Yes,Yes,No,Yes,No
0496-AHOOK,24,One year,DSL,Yes,No,Yes,No,No,Yes,Yes,Yes
8336-TAVKX,72,Two year,DSL,Yes,Yes,Yes,Yes,Yes,Yes,No,Yes
2468-SJFLM,1,Month-to-month,Fiber optic,Yes,No,No,No,No,Yes,No,No
3181-VTHOE,70,One year,DSL,No,No phone service,No,Yes,Yes,Yes,No,Yes
7168-HDQHG,36,Month-to-month,No,Yes,No,No internet service,No internet service,No internet service,No internet service,No internet service,No internet service
4803-AXVYP,38,Month-to-month,Fiber optic,Yes,Yes,No,No,No,Yes,Yes,Yes
3884-HCSWG,17,Month-to-month,Fiber optic,Yes,No,No,No,No,No,No,No
4567-AKPIA,41,One year,Fiber optic,Yes,Yes,No,Yes,Yes,Yes,Yes,Yes
5077-DXTCG,1,Month-to-month,DSL,Yes,No,No,No,No,No,No,No
1142-WACZW,2,Month-to-month,DSL,No,No phone service,No,No,No,Yes,No,No
7901-HXJVA,14,Month-to-month,Fiber optic,Yes,No,No,No,Yes,No,No,No
5649-ANRML,2,Month-to-month,Fiber optic,Yes,No,No,Yes,Yes,Yes,No,Yes
4892-VLANZ,1,Month-to-month,No,Yes,No,No internet service,No internet service,No internet service,No internet service,No internet service,No internet service
5924-IFQTT,13,Month-to-month,DSL,Yes,Yes,No,Yes,Yes,Yes,Yes,No
7968-QUXNS,6,Month-to-month,No,Yes,No,No internet service,No internet service,No internet service,No internet service,No internet service,No internet service
2919-HBCJO,4,Month-to-month,Fiber optic,Yes,No,No,Yes,No,No,No,No
4236-XPXAV,5,Month-to-month,Fiber optic,Yes,No,No,Yes,No,Yes,Yes,Yes
8903-WMRNW,15,Month-to-month,Fiber optic,Yes,No,Yes,No,Yes,No,Yes,Yes
2452-SNHFZ,47,Month-to-month,Fiber optic,Yes,No,Yes,No,No,No,No,No
3629-WEAAM,8,Month-to-month,DSL,Yes,No,No,No,Yes,Yes,No,Yes
6029-CSMJE,17,Month-to-month,DSL,No,No phone service,No,No,No,No,No,No
7993-NQLJE,15,Month-to-month,Fiber optic,Yes,No,Yes,No,No,No,No,No
9909-DFRJA,26,One year,Fiber optic,Yes,No,Yes,No,Yes,Yes,No,Yes
9099-FTUHS,23,Month-to-month,DSL,Yes,Yes,Yes,No,No,No,No,No
0581-BXBUB,4,Month-to-month,Fiber optic,Yes,No,No,Yes,No,No,No,No
4962-CHQPW,29,One year,No,Yes,No,No internet service,No internet service,No internet service,No internet service,No internet service,No internet service
9467-ROOLM,25,Month-to-month,No,Yes,No,No internet service,No internet service,No internet service,No internet service,No internet service,No internet service
3030-YZADT,9,Month-to-month,DSL,Yes,No,No,No,No,No,No,No
7410-KTVFV,18,Month-to-month,DSL,Yes,No,No,No,Yes,No,No,No
5150-ITWWB,3,Month-to-month,Fiber optic,Yes,Yes,No,No,No,No,Yes,Yes
2253-KPMNB,69,Two year,DSL,No,No phone service,Yes,Yes,Yes,Yes,No,No
1345-ZUKID,14,One year,No,Yes,No,No internet service,No internet service,No internet service,No internet service,No internet service,No internet service
6429-SHBCB,19,Month-to-month,DSL,Yes,Yes,No,No,No,No,Yes,Yes
9281-OFDMF,39,Month-to-month,Fiber optic,Yes,Yes,No,Yes,No,No,No,Yes
2603-HVKCG,31,Month-to-month,Fiber optic,Yes,No,No,Yes,Yes,No,Yes,Yes
1834-WULEG,24,One year,No,Yes,No,No internet service,No internet service,No internet service,No internet service,No internet service,No internet service
9097-ZUBYC,14,Month-to-month,DSL,Yes,No,No,No,No,Yes,No,No
5148-ORICT,64,Two year,DSL,Yes,No,Yes,Yes,Yes,Yes,No,Yes
4893-GYUJU,50,One year,No,Yes,No,No internet service,No internet service,No internet service,No internet service,No internet service,No internet service
4578-PHJYZ,52,One year,DSL,Yes,No,No,Yes,Yes,Yes,Yes,No
7272-QDCKA,28,One year,Fiber optic,Yes,Yes,No,Yes,No,No,Yes,Yes
8908-SLFCJ,21,Two year,No,Yes,No,No internet service,No internet service,No internet service,No internet service,No internet service,No internet service
8393-DLHGA,25,Month-to-month,Fiber optic,Yes,No,No,Yes,No,No,Yes,Yes
9766-HGEDE,17,One year,No,Yes,No,No internet service,No internet service,No internet service,No internet service,No internet service,No internet service
6968-MHOMU,58,One year,DSL,No,No phone service,No,No,No,No,Yes,Yes
7395-IGJOS,17,Month-to-month,Fiber optic,Yes,No,No,No,No,No,No,Yes
5044-XDPYX,51,Two year,No,Yes,Yes,No internet service,No internet service,No internet service,No internet service,No internet service,No internet service
1814-WFGVS,72,Two year,DSL,No,No phone service,Yes,No,Yes,Yes,Yes,No
2834-SPCJV,52,Month-to-month,Fiber optic,Yes,No,Yes,No,No,No,Yes,No
3721-WKIIL,27,Two year,No,Yes,No,No internet service,No internet service,No internet service,No internet service,No internet service,No internet service
6734-CKRSM,3,Month-to-month,No,Yes,No,No internet service,No internet service,No internet service,No internet service,No internet service,No internet service
1265-ZFOSD,64,Two year,DSL,Yes,Yes,Yes,Yes,Yes,Yes,No,Yes
6568-POCUI,45,Two year,Fiber optic,Yes,No,No,No,No,Yes,Yes,Yes
7890-VYYWG,3,Month-to-month,DSL,No,No phone service,No,No,No,No,Yes,No
5197-LQXXH,71,Two year,DSL,Yes,Yes,No,Yes,Yes,Yes,Yes,Yes
9907-SWKKF,1,Month-to-month,DSL,No,No phone service,No,No,No,No,No,No
3457-PQBYH,58,Two year,No,Yes,No,No internet service,No internet service,No internet service,No internet service,No internet service,No internet service
7682-AZNDK,34,Month-to-month,Fiber optic,Yes,No,No,Yes,Yes,No,Yes,No
0587-DMGBH,8,Month-to-month,DSL,Yes,No,Yes,No,No,No,No,No
5384-ZTTWP,15,Month-to-month,No,Yes,No,No internet service,No internet service,No internet service,No internet service,No internet service,No internet service
3745-HRPHI,66,Two year,DSL,No,No phone service,No,No,Yes,Yes,Yes,Yes
7636-OWBPG,12,Month-to-month,DSL,No,No phone service,No,Yes,No,No,No,No
1231-YNDEK,58,Two year,No,Yes,No,No internet service,No internet service,No internet service,No internet service,No internet service,No internet service
1407-DIGZV,3,Two year,No,Yes,No,No internet service,No internet service,No internet service,No internet service,No internet service,No internet service
6397-JNZZG,43,Month-to-month,DSL,No,No phone service,No,Yes,Yes,No,Yes,Yes
0570-BFQHT,9,Month-to-month,Fiber optic,Yes,No,No,Yes,Yes,No,No,No
4393-OBCRR,3,One year,No,Yes,No,No internet service,No internet service,No internet service,No internet service,No internet service,No internet service
3523-QRQLL,22,One year,DSL,Yes,No,No,Yes,No,No,Yes,Yes
8564-LDKFL,40,One year,Fiber optic,Yes,Yes,No,Yes,Yes,No,Yes,Yes
3696-DFHHB,68,Two year,No,Yes,Yes,No internet service,No internet service,No internet service,No internet service,No internet service,No internet service
0895-DQHEW,54,Month-to-month,Fiber optic,Yes,Yes,No,Yes,Yes,No,Yes,Yes
4717-GHADL,50,Two year,DSL,Yes,Yes,No,Yes,No,Yes,Yes,Yes
5501-TVMGM,1,Month-to-month,DSL,Yes,No,No,No,No,No,No,Yes
5879-HMFFH,72,Two year,DSL,Yes,Yes,Yes,Yes,Yes,Yes,Yes,Yes
6772-WFQRD,40,One year,No,Yes,No,No internet service,No internet service,No internet service,No internet service,No internet service,No internet service
3810-DVDQQ,72,Two year,Fiber optic,Yes,Yes,Yes,Yes,Yes,Yes,Yes,Yes
6972-SNKKW,6,Month-to-month,No,Yes,No,No internet service,No internet service,No internet service,No internet service,No internet service,No internet service
3694-GLTJM,5,Month-to-month,No,Yes,No,No internet service,No internet service,No internet service,No internet service,No internet service,No internet service
8550-XSXUQ,48,One year,DSL,Yes,Yes,No,Yes,Yes,No,No,Yes
8149-RSOUN,1,Month-to-month,Fiber optic,Yes,Yes,No,No,No,No,Yes,Yes
9055-MOJJJ,64,One year,DSL,Yes,No,Yes,No,No,Yes,Yes,No
4359-INNWN,17,One year,No,Yes,No,No internet service,No internet service,No internet service,No internet service,No internet service,No internet service
0585-EGDDA,40,Month-to-month,Fiber optic,Yes,No,No,Yes,Yes,No,No,No
4032-RMHCI,41,One year,DSL,No,No phone service,Yes,No,Yes,No,No,No
0549-CYCQN,51,One year,Fiber optic,Yes,Yes,No,Yes,No,No,No,No
3481-JHUZH,41,Month-to-month,Fiber optic,Yes,Yes,No,Yes,No,No,No,No
7250-EQKIY,1,Month-to-month,DSL,Yes,No,No,No,Yes,No,No,No
3594-IVHJZ,2,Month-to-month,No,Yes,No,No internet service,No internet service,No internet service,No internet service,No internet service,No internet service
6869-FGJJC,68,One year,Fiber optic,Yes,No,No,Yes,Yes,No,No,No
3896-ZVNET,24,Two year,No,Yes,Yes,No internet service,No internet service,No internet service,No internet service,No internet service,No internet service
8205-VSLRB,70,Two year,DSL,Yes,Yes,Yes,No,Yes,Yes,No,Yes
5960-MVTUK,3,Month-to-month,DSL,No,No phone service,No,No,No,Yes,No,No
6817-WTYHE,2,Month-to-month,DSL,Yes,No,No,No,No,No,No,No
3082-VQXNH,3,Month-to-month,DSL,No,No phone service,No,Yes,No,No,No,No
4013-UBXWQ,7,Month-to-month,DSL,Yes,Yes,No,No,No,Yes,Yes,Yes
4931-TRZWN,13,Month-to-month,DSL,Yes,No,Yes,No,No,No,Yes,Yes
0750-EKNGL,7,Month-to-month,No,Yes,No,No internet service,No internet service,No internet service,No internet service,No internet service,No internet service
7669-LCRSD,12,Month-to-month,DSL,Yes,No,No,No,No,No,Yes,No
3567-PQTSO,53,One year,Fiber optic,Yes,Yes,No,Yes,Yes,No,Yes,Yes
5519-NPHVG,12,Month-to-month,Fiber optic,Yes,Yes,No,No,No,No,Yes,Yes
8043-PNYSD,63,Two year,No,Yes,No,No internet service,No internet service,No internet service,No internet service,No internet service,No internet service
9938-EKRGF,15,Month-to-month,DSL,Yes,No,Yes,Yes,Yes,Yes,Yes,Yes
2703-AMTUL,36,One year,DSL,Yes,No,Yes,Yes,No,No,No,No
0928-JMXNP,4,Month-to-month,DSL,No,No phone service,No,No,Yes,No,No,No
8173-RXAYP,24,Two year,No,Yes,No,No internet service,No internet service,No internet service,No internet service,No internet service,No internet service
4825-XJGDM,61,One year,DSL,No,No phone service,Yes,Yes,Yes,Yes,No,No
5402-HTOTQ,16,Month-to-month,DSL,Yes,Yes,No,Yes,No,No,No,No
6734-JDTTV,65,Two year,No,Yes,No,No internet service,No internet service,No internet service,No internet service,No internet service,No internet service
7850-THJMU,26,Two year,No,Yes,No,No internet service,No internet service,No internet service,No internet service,No internet service,No internet service
3890-RTCMS,16,Month-to-month,DSL,Yes,No,No,No,No,Yes,No,No
8849-GYOKR,54,One year,Fiber optic,Yes,Yes,Yes,Yes,No,No,Yes,Yes
3148-BLQJT,1,Month-to-month,No,Yes,No,No internet service,No internet service,No internet service,No internet service,No internet service,No internet service
3717-FDJFU,5,Two year,No,Yes,No,No internet service,No internet service,No internet service,No internet service,No internet service,No internet service
3665-JATSN,19,Month-to-month,DSL,No,No phone service,No,Yes,No,No,No,Yes
7966-YOTQW,10,Month-to-month,DSL,Yes,Yes,Yes,No,No,No,No,No
0461-CVKMU,23,Month-to-month,Fiber optic,Yes,No,No,Yes,Yes,Yes,No,No
8806-EAGWC,3,Month-to-month,DSL,Yes,No,No,No,No,No,Yes,No
8853-TZDGH,72,Two year,Fiber optic,Yes,Yes,No,Yes,Yes,Yes,Yes,Yes
7779-LGOVN,10,Month-to-month,Fiber optic,Yes,Yes,No,No,No,No,No,Yes
4324-BZCKL,10,Month-to-month,DSL,Yes,No,No,Yes,Yes,No,No,No
6924-TDGMT,11,One year,No,Yes,No,No internet service,No internet service,No internet service,No internet service,No internet service,No internet service
9710-ZUSHQ,37,Month-to-month,Fiber optic,Yes,Yes,Yes,Yes,No,No,Yes,Yes
1536-YHDOE,17,One year,DSL,Yes,Yes,Yes,No,No,Yes,No,No
8123-QBNAZ,36,Month-to-month,Fiber optic,Yes,Yes,Yes,No,Yes,No,Yes,Yes
3629-ZNKXA,17,Month-to-month,Fiber optic,Yes,No,No,Yes,Yes,No,Yes,Yes
4827-LTQRJ,66,One year,Fiber optic,Yes,Yes,Yes,Yes,No,Yes,Yes,Yes
7711-YIJWC,61,One year,DSL,Yes,No,Yes,Yes,Yes,Yes,Yes,Yes
5482-VXSXJ,22,Month-to-month,Fiber optic,Yes,No,No,Yes,No,No,Yes,Yes
7365-BVCJH,1,Month-to-month,DSL,No,No phone service,No,No,No,No,No,No
9620-ENEJV,6,Month-to-month,Fiber optic,Yes,No,No,No,No,No,No,No
4183-WCSEP,31,Month-to-month,Fiber optic,Yes,No,No,Yes,No,Yes,No,No
2378-YIZKA,68,Two year,DSL,Yes,No,Yes,Yes,Yes,Yes,Yes,Yes
5498-TXHLF,34,Month-to-month,Fiber optic,Yes,Yes,No,No,Yes,No,Yes,No
0689-DSXGL,52,Month-to-month,Fiber optic,Yes,No,No,Yes,Yes,Yes,No,No
6818-DJXAA,10,Month-to-month,Fiber optic,Yes,No,No,No,Yes,Yes,Yes,No
9722-UJOJR,29,Month-to-month,Fiber optic,Yes,No,No,No,No,No,No,No
0464-WJTKO,72,Two year,No,Yes,No,No internet service,No internet service,No internet service,No internet service,No internet service,No internet service
8902-ZEOVF,47,One year,No,Yes,No,No internet service,No internet service,No internet service,No internet service,No internet service,No internet service
6778-EICRF,24,One year,DSL,Yes,Yes,Yes,No,No,No,Yes,Yes
2662-NNTDK,65,One year,No,Yes,Yes,No internet service,No internet service,No internet service,No internet service,No internet service,No internet service
4132-KALRO,4,Month-to-month,Fiber optic,Yes,Yes,No,No,No,Yes,Yes,Yes
3902-FOIGH,12,Month-to-month,Fiber optic,Yes,Yes,No,Yes,No,No,Yes,Yes
6772-KSATR,1,Month-to-month,Fiber optic,Yes,Yes,Yes,No,No,No,No,No
7112-OPOTK,33,Month-to-month,Fiber optic,Yes,No,No,No,No,No,No,No
2874-YXVVA,34,Month-to-month,Fiber optic,Yes,No,No,Yes,Yes,Yes,Yes,Yes
1245-HARPS,14,Two year,No,Yes,No,No internet service,No internet service,No internet service,No internet service,No internet service,No internet service
4210-QFJMF,4,Month-to-month,Fiber optic,Yes,No,No,No,No,No,No,Yes
4323-ELYYB,13,One year,No,Yes,No,No internet service,No internet service,No internet service,No internet service,No internet service,No internet service
4293-ETKAP,65,Two year,DSL,Yes,Yes,No,Yes,No,Yes,Yes,Yes
6064-PUPMC,23,One year,DSL,Yes,No,Yes,No,No,Yes,No,No
6504-VBLFL,55,Two year,DSL,Yes,No,Yes,Yes,Yes,No,No,No
6322-PJJDJ,49,Two year,Fiber optic,Yes,No,No,Yes,No,No,Yes,Yes
0330-BGYZE,60,One year,Fiber optic,Yes,Yes,No,Yes,Yes,No,Yes,Yes
1085-LDWAM,69,One year,No,Yes,No,No internet service,No internet service,No internet service,No internet service,No internet service,No internet service
7586-ZATGZ,40,Month-to-month,Fiber optic,Yes,Yes,No,No,No,No,Yes,No
7197-VOJMM,67,Two year,DSL,Yes,No,Yes,Yes,No,Yes,No,Yes
3318-OSATS,35,Month-to-month,Fiber optic,Yes,Yes,No,No,No,No,Yes,Yes
5828-AVIPD,19,One year,Fiber optic,Yes,Yes,No,No,No,Yes,Yes,Yes
1843-TLSGD,13,Two year,No,Yes,No,No internet service,No internet service,No internet service,No internet service,No internet service,No internet service
9626-VFRGG,41,Month-to-month,Fiber optic,Yes,Yes,No,Yes,No,No,Yes,No
7075-BNDVQ,4,Month-to-month,DSL,No,No phone service,Yes,No,Yes,No,No,No
9143-CANJF,24,Month-to-month,DSL,Yes,No,Yes,No,No,Yes,No,No
7284-BUYEC,5,Month-to-month,DSL,No,No phone service,No,Yes,No,No,Yes,Yes
2041-JIJCI,5,Month-to-month,DSL,Yes,Yes,No,Yes,No,No,No,Yes
1086-LXKFY,1,Month-to-month,Fiber optic,Yes,No,No,No,No,No,No,No
4900-MSOMT,72,Two year,DSL,Yes,Yes,Yes,Yes,Yes,Yes,Yes,No
2229-VWQJH,24,Month-to-month,DSL,Yes,No,No,No,Yes,No,No,No
9194-GFVOI,42,Two year,DSL,Yes,Yes,Yes,No,Yes,Yes,Yes,Yes
1336-EZFZY,4,Month-to-month,No,Yes,No,No internet service,No internet service,No internet service,No internet service,No internet service,No internet service
4282-MSACW,68,One year,Fiber optic,Yes,Yes,Yes,Yes,Yes,Yes,Yes,Yes
1403-LKLIK,33,One year,No,Yes,No,No internet service,No internet service,No internet service,No internet service,No internet service,No internet service
2636-ALXXZ,1,Month-to-month,Fiber optic,Yes,No,No,No,No,No,No,No
7774-OJSXI,31,One year,Fiber optic,Yes,Yes,No,Yes,Yes,No,Yes,Yes
7786-WBJYI,4,Month-to-month,Fiber optic,Yes,Yes,No,Yes,No,No,No,No
0136-IFMYD,69,Two year,Fiber optic,Yes,Yes,No,Yes,Yes,Yes,Yes,Yes
5144-TVGLP,38,Month-to-month,Fiber optic,Yes,Yes,No,No,No,No,Yes,Yes
9643-AVVWI,3,Month-to-month,Fiber optic,Yes,No,No,Yes,No,Yes,No,No
0253-ZTEOB,48,Two year,DSL,Yes,Yes,No,Yes,No,Yes,Yes,Yes
2706-QZIHY,15,Two year,No,Yes,Yes,No internet service,No internet service,No internet service,No internet service,No internet service,No internet service
6061-PQHMK,25,One year,No,Yes,No,No internet service,No internet service,No internet service,No internet service,No internet service,No internet service
9885-CSMWE,1,Month-to-month,Fiber optic,Yes,No,No,No,No,No,Yes,No
6137-MFAJN,48,Month-to-month,DSL,No,No phone service,Yes,Yes,No,No,Yes,No
9122-UMROB,1,Month-to-month,No,Yes,No,No internet service,No internet service,No internet service,No internet service,No internet service,No internet service
4232-JGKIY,1,Month-to-month,No,Yes,No,No internet service,No internet service,No internet service,No internet service,No internet service,No internet service
2402-TAIRZ,37,One year,Fiber optic,Yes,No,No,Yes,Yes,No,No,No
9659-ZTWSM,66,One year,Fiber optic,Yes,Yes,No,Yes,Yes,Yes,Yes,Yes
9139-TWBAS,26,One year,DSL,No,No phone service,Yes,Yes,Yes,No,Yes,No
6685-GBWJZ,63,One year,DSL,Yes,No,Yes,Yes,No,Yes,Yes,No
5016-ETTFF,10,Month-to-month,DSL,No,No phone service,No,No,Yes,No,No,No
3866-MDTUB,2,Month-to-month,DSL,Yes,No,Yes,No,No,No,Yes,Yes
2195-VVRJF,18,Month-to-month,DSL,Yes,No,Yes,No,No,No,No,Yes
3913-RDSJZ,64,Two year,No,Yes,Yes,No internet service,No internet service,No internet service,No internet service,No internet service,No internet service
8058-JMEQO,9,Month-to-month,Fiber optic,Yes,Yes,No,No,No,No,No,Yes
4203-QGNZA,28,Month-to-month,No,Yes,No,No internet service,No internet service,No internet service,No internet service,No internet service,No internet service
5043-TRZWM,1,Month-to-month,Fiber optic,Yes,No,No,No,Yes,No,No,No
0697-ZMSWS,4,Month-to-month,Fiber optic,Yes,Yes,No,No,No,No,No,Yes
7657-DYEPJ,38,One year,DSL,Yes,No,No,Yes,Yes,Yes,Yes,No
9494-BDNNC,66,One year,Fiber optic,Yes,Yes,No,Yes,Yes,No,No,Yes
1640-PLFMP,1,Month-to-month,Fiber optic,Yes,No,No,No,No,No,No,No
5366-OBVMR,18,Month-to-month,DSL,Yes,No,No,No,No,Yes,No,No
8276-MQBYC,51,Month-to-month,Fiber optic,Yes,Yes,No,No,Yes,No,Yes,Yes
7644-OMVMY,0,Two year,No,Yes,No,No internet service,No internet service,No internet service,No internet service,No internet service,No internet service
7593-XFKDI,1,Month-to-month,DSL,Yes,No,No,No,No,No,No,No
4573-JKNAE,12,Two year,No,Yes,No,No internet service,No internet service,No internet service,No internet service,No internet service,No internet service
0337-CNPZE,41,Month-to-month,Fiber optic,Yes,Yes,No,Yes,Yes,No,Yes,Yes
9817-APLHW,12,Month-to-month,No,Yes,Yes,No internet service,No internet service,No internet service,No internet service,No internet service,No internet service
8380-MQINP,55,Two year,No,Yes,No,No internet service,No internet service,No internet service,No internet service,No internet service,No internet service
0840-DFEZH,7,Month-to-month,Fiber optic,Yes,Yes,No,No,No,No,No,No
1513-XNPPH,12,Month-to-month,Fiber optic,Yes,No,No,No,Yes,Yes,No,Yes
8690-ZVLCL,68,Two year,DSL,Yes,Yes,Yes,Yes,Yes,Yes,Yes,Yes
6015-VVHHE,5,Month-to-month,Fiber optic,Yes,Yes,No,No,No,No,Yes,No
1125-SNVCK,49,Month-to-month,DSL,Yes,No,No,No,No,No,No,No
0384-LPITE,40,One year,DSL,No,No phone service,Yes,Yes,Yes,No,Yes,Yes
4616-EWBNJ,16,One year,No,Yes,No,No internet service,No internet service,No internet service,No internet service,No internet service,No internet service
6347-DCUIK,10,Month-to-month,Fiber optic,Yes,Yes,No,No,No,No,No,No
1335-HQMKX,72,One year,Fiber optic,Yes,Yes,No,Yes,Yes,No,Yes,Yes
2545-EBUPK,2,Month-to-month,Fiber optic,Yes,Yes,No,No,No,No,No,Yes
6923-AQONU,23,Two year,No,Yes,No,No internet service,No internet service,No internet service,No internet service,No internet service,No internet service
2172-EJXVF,71,One year,Fiber optic,Yes,Yes,No,Yes,Yes,No,Yes,Yes
0897-FEGMU,11,Month-to-month,Fiber optic,Yes,Yes,No,No,Yes,No,Yes,Yes
7663-RGWBC,1,Month-to-month,DSL,Yes,No,No,No,No,No,No,No
1120-BMWUB,16,Month-to-month,DSL,Yes,No,No,Yes,No,Yes,No,No
9124-LHCJQ,1,Month-to-month,Fiber optic,Yes,Yes,No,No,No,No,No,Yes
4536-PLEQY,12,Month-to-month,Fiber optic,Yes,No,No,Yes,No,No,No,Yes
7029-IJEJK,54,One year,DSL,No,No phone service,Yes,No,No,Yes,No,Yes
8871-JLMHM,68,Two year,Fiber optic,Yes,Yes,No,Yes,Yes,Yes,No,No
2235-ZGKPT,4,Month-to-month,DSL,Yes,Yes,No,No,No,No,No,No
3891-PUQOD,1,Month-to-month,DSL,Yes,No,No,No,Yes,No,No,Yes
5447-VYTKW,27,Month-to-month,DSL,Yes,No,Yes,No,No,Yes,No,No
3623-FQBOX,21,Month-to-month,No,Yes,No,No internet service,No internet service,No internet service,No internet service,No internet service,No internet service
0689-NKYLF,13,Month-to-month,Fiber optic,Yes,No,No,No,Yes,No,Yes,No
8659-HDIYE,64,Month-to-month,DSL,Yes,Yes,No,Yes,Yes,Yes,No,Yes
3658-KIBGF,1,Month-to-month,DSL,Yes,No,Yes,Yes,No,No,No,No
3474-BAFSJ,57,Two year,DSL,No,No phone service,No,Yes,Yes,Yes,Yes,Yes
5519-YLDGW,21,Month-to-month,Fiber optic,Yes,Yes,Yes,No,Yes,No,Yes,Yes
3865-ZFZIB,19,Two year,No,Yes,No,No internet service,No internet service,No internet service,No internet service,No internet service,No internet service
1855-AGAWH,31,One year,Fiber optic,Yes,No,No,No,Yes,No,Yes,Yes
7109-CQYUZ,52,Two year,DSL,Yes,Yes,Yes,Yes,Yes,Yes,Yes,Yes
1370-GGAWX,46,One year,Fiber optic,Yes,Yes,No,Yes,Yes,No,No,Yes
4680-KUTAJ,11,Month-to-month,DSL,Yes,Yes,Yes,No,No,No,No,No
5307-UVGNB,53,Month-to-month,DSL,No,No phone service,Yes,Yes,Yes,No,No,Yes
4946-EDSEW,11,Month-to-month,No,Yes,No,No internet service,No internet service,No internet service,No internet service,No internet service,No internet service
2883-ILGWO,57,Month-to-month,Fiber optic,Yes,Yes,No,Yes,No,Yes,Yes,Yes
2516-VQRRV,2,Month-to-month,Fiber optic,Yes,Yes,No,No,No,No,No,No
7580-UGXNC,2,Month-to-month,DSL,Yes,No,Yes,Yes,No,No,No,No
3642-BYHDO,71,Two year,No,Yes,No,No internet service,No internet service,No internet service,No internet service,No internet service,No internet service
9629-NHXFW,1,Month-to-month,No,Yes,No,No internet service,No internet service,No internet service,No internet service,No internet service,No internet service
2696-RZVZW,68,Two year,No,Yes,Yes,No internet service,No internet service,No internet service,No internet service,No internet service,No internet service
5766-FTRTS,72,Two year,DSL,Yes,No,Yes,Yes,Yes,Yes,Yes,Yes
0396-HUJBP,2,Month-to-month,No,Yes,No,No internet service,No internet service,No internet service,No internet service,No internet service,No internet service
5178-LMXOP,1,Month-to-month,Fiber optic,Yes,Yes,No,No,No,No,Yes,Yes
8879-ZKJOF,41,One year,DSL,Yes,No,Yes,No,Yes,Yes,Yes,Yes
6285-FTQBF,72,Two year,No,Yes,Yes,No internet service,No internet service,No internet service,No internet service,No internet service,No internet service
8185-UPYBR,6,Month-to-month,Fiber optic,Yes,Yes,No,No,No,No,No,No
4585-HETAI,4,Month-to-month,Fiber optic,Yes,No,No,No,Yes,No,No,No
7526-BEZQB,12,Month-to-month,Fiber optic,Yes,Yes,No,No,No,No,Yes,Yes
1474-JUWSM,58,One year,DSL,Yes,Yes,Yes,No,No,Yes,No,Yes
3530-CRZSB,7,Month-to-month,No,Yes,No,No internet service,No internet service,No internet service,No internet service,No internet service,No internet service
8498-XXGWA,65,Month-to-month,DSL,Yes,No,Yes,No,Yes,No,No,No
9617-INGJY,1,Month-to-month,Fiber optic,Yes,No,No,No,No,No,No,No
0621-TSSMU,56,One year,No,Yes,No,No internet service,No internet service,No internet service,No internet service,No internet service,No internet service
7234-KMNRQ,4,Month-to-month,No,Yes,No,No internet service,No internet service,No internet service,No internet service,No internet service,No internet service
7636-PEPNS,58,One year,DSL,Yes,No,No,No,No,No,No,No
4683-WYDOU,62,Two year,Fiber optic,Yes,Yes,No,No,Yes,Yes,Yes,Yes
9052-DHNKM,26,One year,DSL,Yes,Yes,Yes,Yes,No,No,No,No
6794-HKIAJ,62,Month-to-month,Fiber optic,Yes,Yes,Yes,Yes,Yes,No,No,No
5578-NKCXI,58,One year,Fiber optic,Yes,No,Yes,Yes,No,No,Yes,Yes
1642-HMARX,68,Two year,DSL,Yes,Yes,Yes,Yes,Yes,Yes,Yes,Yes
3096-WPXBT,61,One year,Fiber optic,Yes,Yes,Yes,Yes,Yes,No,No,Yes
8434-PNQZX,42,Two year,DSL,Yes,Yes,No,No,Yes,Yes,Yes,Yes
5950-AAAGJ,18,Month-to-month,Fiber optic,Yes,Yes,No,No,No,No,Yes,No
4299-OPXEJ,56,Two year,No,Yes,No,No internet service,No internet service,No internet service,No internet service,No internet service,No internet service
4951-UKAAQ,4,Month-to-month,Fiber optic,Yes,Yes,No,Yes,No,No,No,Yes
9618-LFJRU,4,Month-to-month,No,Yes,No,No internet service,No internet service,No internet service,No internet service,No internet service,No internet service
6693-DJWTY,35,One year,DSL,Yes,No,Yes,Yes,No,No,No,No
0744-GKNGE,64,Month-to-month,Fiber optic,Yes,Yes,Yes,No,No,Yes,No,No
6447-EGDIV,31,One year,No,Yes,No,No internet service,No internet service,No internet service,No internet service,No internet service,No internet service
1167-OYZJF,67,Two year,No,Yes,No,No internet service,No internet service,No internet service,No internet service,No internet service,No internet service
2108-YKQTY,4,Month-to-month,DSL,Yes,No,No,Yes,No,No,No,No
4806-DXQCE,70,Two year,Fiber optic,Yes,Yes,Yes,Yes,Yes,Yes,Yes,Yes
4918-QLLIW,3,Month-to-month,DSL,Yes,No,No,No,No,No,Yes,No
7056-IMHCC,53,Month-to-month,Fiber optic,Yes,Yes,No,Yes,No,No,Yes,Yes
4854-SSLTN,2,Two year,DSL,Yes,No,Yes,Yes,No,Yes,No,No
5294-DMSFH,29,Month-to-month,Fiber optic,Yes,No,No,No,No,No,Yes,Yes
4837-PZTIC,47,Two year,DSL,No,No phone service,Yes,No,Yes,Yes,No,No
1625-JAIIY,68,One year,Fiber optic,Yes,Yes,No,No,No,No,Yes,No
0603-OLQDC,12,Month-to-month,DSL,Yes,No,Yes,No,No,No,Yes,Yes
3272-VUHPV,8,Month-to-month,DSL,Yes,No,No,Yes,No,Yes,No,No
4176-FXYBO,54,Month-to-month,Fiber optic,Yes,Yes,Yes,Yes,Yes,No,Yes,Yes
1063-DHQJF,69,Two year,Fiber optic,Yes,No,No,Yes,No,Yes,Yes,No
8663-UPDGF,26,Month-to-month,DSL,Yes,Yes,Yes,Yes,No,No,Yes,No
6719-FGEDO,72,Two year,Fiber optic,Yes,Yes,Yes,Yes,Yes,Yes,No,No
1837-YQUCE,70,Two year,DSL,No,No phone service,Yes,No,Yes,Yes,Yes,Yes
2947-DOMLJ,1,Month-to-month,DSL,Yes,No,Yes,No,No,No,No,No
4112-LUEIZ,10,Month-to-month,Fiber optic,Yes,No,No,No,No,No,Yes,Yes
0369-ZGOVK,28,One year,Fiber optic,Yes,No,No,No,No,No,No,No
4510-HIMLV,1,Month-to-month,Fiber optic,Yes,No,No,No,No,No,No,No
9919-KNPOO,21,Month-to-month,Fiber optic,Yes,Yes,No,No,No,No,Yes,Yes
8749-JMNKX,51,Month-to-month,Fiber optic,Yes,Yes,Yes,No,Yes,No,Yes,No
7872-BAAZR,53,One year,No,Yes,No,No internet service,No internet service,No internet service,No internet service,No internet service,No internet service
9391-LMANN,53,One year,Fiber optic,Yes,No,Yes,Yes,Yes,No,No,Yes
2430-USGXP,24,Month-to-month,Fiber optic,Yes,Yes,No,No,Yes,No,Yes,Yes
8174-TBVCF,70,Two year,DSL,Yes,Yes,Yes,Yes,Yes,Yes,Yes,Yes
1698-XFZCI,61,One year,Fiber optic,Yes,Yes,Yes,Yes,Yes,No,Yes,Yes
1877-HKBQX,11,One year,DSL,Yes,No,Yes,No,No,Yes,No,No
4450-DLLMH,2,Month-to-month,Fiber optic,Yes,No,No,No,No,No,No,No
0428-AXXLJ,25,One year,No,Yes,No,No internet service,No internet service,No internet service,No internet service,No internet service,No internet service
2746-DIJLO,41,One year,DSL,Yes,Yes,No,Yes,No,No,No,No
5955-ERIHD,18,Month-to-month,Fiber optic,Yes,Yes,No,No,No,No,Yes,Yes
0917-EZOLA,72,Two year,Fiber optic,Yes,Yes,No,Yes,Yes,No,Yes,Yes
3508-VLHCZ,71,Two year,DSL,Yes,Yes,Yes,Yes,Yes,Yes,Yes,Yes
4086-ATNFV,34,One year,DSL,Yes,No,Yes,Yes,Yes,No,No,No
0468-YRPXN,29,Month-to-month,Fiber optic,Yes,No,No,No,Yes,Yes,Yes,Yes
5996-NRVXR,40,One year,Fiber optic,Yes,No,Yes,Yes,Yes,Yes,Yes,No
3739-YBWAB,36,One year,DSL,No,No phone service,Yes,No,Yes,No,No,No
7047-FWEYA,46,One year,Fiber optic,Yes,Yes,No,Yes,No,Yes,Yes,Yes
2000-MPKCA,58,One year,Fiber optic,Yes,Yes,Yes,Yes,Yes,No,Yes,Yes
9762-YAQAA,39,One year,Fiber optic,Yes,Yes,No,Yes,No,No,No,No
5949-EBSQK,4,Month-to-month,DSL,Yes,No,No,No,No,Yes,No,Yes
5473-KHBPS,52,One year,Fiber optic,Yes,Yes,No,Yes,Yes,No,Yes,No
0100-DUVFC,70,One year,Fiber optic,Yes,Yes,No,Yes,Yes,No,Yes,Yes
5397-TUPSH,65,One year,Fiber optic,Yes,No,No,No,No,No,No,No
8950-MTZNV,1,Month-to-month,DSL,Yes,No,No,No,No,No,No,No
0326-VDYXE,70,One year,Fiber optic,Yes,Yes,No,No,Yes,No,Yes,Yes
6773-LQTVT,29,Month-to-month,DSL,No,No phone service,No,Yes,Yes,No,No,No
7274-RTAPZ,1,Month-to-month,Fiber optic,Yes,No,No,No,No,No,Yes,Yes
0436-TWFFZ,67,Two year,DSL,Yes,Yes,Yes,No,Yes,Yes,Yes,Yes
8566-YPRGL,1,Month-to-month,No,Yes,No,No internet service,No internet service,No internet service,No internet service,No internet service,No internet service
0311-UNPFF,26,Month-to-month,Fiber optic,Yes,No,No,No,No,No,Yes,Yes
6609-MXJHJ,30,Two year,No,Yes,Yes,No internet service,No internet service,No internet service,No internet service,No internet service,No internet service
2669-OIDSD,48,Month-to-month,Fiber optic,Yes,No,No,No,Yes,Yes,Yes,Yes
8400-WZICQ,55,Month-to-month,DSL,Yes,No,Yes,Yes,No,No,No,No
3834-XUIFC,7,Month-to-month,Fiber optic,Yes,Yes,No,No,No,No,No,Yes
9576-SYUHJ,37,Month-to-month,Fiber optic,Yes,Yes,Yes,No,No,No,Yes,No
0410-IPFTY,31,Month-to-month,Fiber optic,Yes,No,No,Yes,No,No,No,Yes
2831-EBWRN,4,Month-to-month,DSL,Yes,No,No,No,No,No,No,No
9430-NKQLY,72,Two year,No,Yes,Yes,No internet service,No internet service,No internet service,No internet service,No internet service,No internet service
8414-MYSHR,5,Month-to-month,Fiber optic,Yes,No,No,No,No,No,Yes,Yes
0247-SLUJI,1,Month-to-month,No,Yes,No,No internet service,No internet service,No internet service,No internet service,No internet service,No internet service
9402-ORRAH,15,Month-to-month,Fiber optic,Yes,No,No,No,No,No,Yes,Yes
6483-OATDN,8,Month-to-month,DSL,Yes,No,Yes,No,No,No,No,No
1293-HHSHJ,35,One year,No,Yes,No,No internet service,No internet service,No internet service,No internet service,No internet service,No internet service
4840-ORQXB,56,Month-to-month,Fiber optic,Yes,Yes,No,Yes,Yes,No,Yes,Yes
7599-FKVXZ,42,Month-to-month,Fiber optic,Yes,Yes,No,No,Yes,Yes,Yes,Yes
3982-DQLUS,65,Month-to-month,Fiber optic,Yes,Yes,Yes,Yes,No,No,No,No
8610-ZIKJJ,2,One year,No,Yes,No,No internet service,No internet service,No internet service,No internet service,No internet service,No internet service
3756-VNWDH,65,One year,Fiber optic,Yes,Yes,Yes,No,No,No,Yes,Yes
7801-KICAO,18,Month-to-month,Fiber optic,Yes,Yes,No,No,No,No,No,No
7673-LPRNY,23,One year,DSL,Yes,Yes,Yes,No,Yes,No,Yes,Yes
8229-TNIQA,4,Month-to-month,DSL,Yes,No,No,No,No,No,No,No
6060-QBMGV,70,Two year,No,Yes,No,No internet service,No internet service,No internet service,No internet service,No internet service,No internet service
7339-POGZN,4,Month-to-month,DSL,Yes,Yes,No,No,No,No,No,No
2828-SLQPF,19,Month-to-month,DSL,Yes,No,No,No,No,No,No,No
4465-VDKIQ,18,Month-to-month,Fiber optic,Yes,No,No,Yes,Yes,No,No,No
2921-XWDJH,38,Month-to-month,Fiber optic,Yes,No,Yes,No,No,No,No,Yes
6221-AVQYL,2,Month-to-month,Fiber optic,Yes,Yes,No,No,No,No,No,No
2558-BUOZZ,47,One year,Fiber optic,Yes,Yes,Yes,Yes,No,No,Yes,No
9257-AZMTZ,52,Two year,No,Yes,No,No internet service,No internet service,No internet service,No internet service,No internet service,No internet service
0003-MKNFE,9,Month-to-month,DSL,Yes,Yes,No,No,No,No,No,Yes
0975-UYDTX,26,One year,DSL,Yes,Yes,Yes,Yes,Yes,Yes,Yes,Yes
7743-EXURX,8,Month-to-month,DSL,Yes,No,No,No,Yes,No,No,No
4682-BLBUC,44,One year,DSL,Yes,No,No,Yes,Yes,Yes,Yes,No
0975-VOOVL,3,Month-to-month,DSL,No,No phone service,No,Yes,No,No,No,No
5968-VXZLG,2,Month-to-month,DSL,Yes,No,No,No,No,No,No,No
5569-KGJHX,9,Month-to-month,Fiber optic,Yes,Yes,No,No,No,No,Yes,No
4988-IQIGL,1,Month-to-month,Fiber optic,Yes,Yes,No,No,No,No,No,No
5201-FRKKS,25,Month-to-month,Fiber optic,Yes,No,Yes,No,No,No,No,No
9799-CAYJJ,2,Month-to-month,Fiber optic,Yes,No,No,No,No,No,No,No
7730-IUTDZ,43,Month-to-month,Fiber optic,Yes,No,Yes,No,No,No,No,No
0426-TIRNE,1,Month-to-month,No,Yes,No,No internet service,No internet service,No internet service,No internet service,No internet service,No internet service
5443-SCMKX,58,One year,Fiber optic,Yes,Yes,No,Yes,Yes,No,No,Yes
8295-KMENE,59,Two year,DSL,Yes,Yes,Yes,No,Yes,Yes,Yes,No
6738-ISCBM,44,One year,DSL,No,No phone service,Yes,No,Yes,No,Yes,Yes
9821-BESNZ,66,One year,Fiber optic,Yes,Yes,No,Yes,No,Yes,Yes,Yes
3678-MNGZX,68,Two year,No,Yes,No,No internet service,No internet service,No internet service,No internet service,No internet service,No internet service
1335-NTIUC,9,Month-to-month,DSL,No,No phone service,No,No,No,No,No,No
2916-BQZLN,19,Month-to-month,Fiber optic,Yes,Yes,Yes,No,Yes,No,No,No
4558-CGYCZ,4,Month-to-month,No,Yes,No,No internet service,No internet service,No internet service,No internet service,No internet service,No internet service
2368-GAKKQ,70,Two year,Fiber optic,Yes,Yes,Yes,Yes,Yes,Yes,Yes,Yes
8710-YGLWG,1,Month-to-month,DSL,Yes,No,No,No,No,No,No,No
3199-XGZCY,8,Month-to-month,Fiber optic,Yes,Yes,No,No,No,No,No,No
3785-KTYSH,53,Two year,No,Yes,Yes,No internet service,No internet service,No internet service,No internet service,No internet service,No internet service
6814-ZPWFQ,51,One year,No,Yes,Yes,No internet service,No internet service,No internet service,No internet service,No internet service,No internet service
4063-EIKNQ,11,Month-to-month,No,Yes,No,No internet service,No internet service,No internet service,No internet service,No internet service,No internet service
6993-YCOBK,60,Two year,Fiber optic,Yes,Yes,Yes,No,Yes,Yes,Yes,Yes
5206-HPJKM,17,Month-to-month,DSL,Yes,No,Yes,Yes,No,No,No,No
7587-RZNME,3,Month-to-month,DSL,Yes,No,No,No,No,No,No,No
0748-RDGGM,70,One year,Fiber optic,Yes,No,Yes,Yes,Yes,Yes,Yes,Yes
8393-JMVMB,1,Month-to-month,No,Yes,No,No internet service,No internet service,No internet service,No internet service,No internet service,No internet service
5019-GQVCR,43,Month-to-month,Fiber optic,Yes,Yes,No,No,No,No,Yes,No
6036-TTFYU,16,Month-to-month,No,Yes,No,No internet service,No internet service,No internet service,No internet service,No internet service,No internet service
2550-AEVRU,57,One year,DSL,Yes,No,Yes,Yes,No,No,No,No
0969-RGKCU,37,One year,No,Yes,No,No internet service,No internet service,No internet service,No internet service,No internet service,No internet service
0378-CJKPV,72,Two year,Fiber optic,Yes,Yes,Yes,Yes,Yes,Yes,Yes,Yes
4706-AXVKM,11,Month-to-month,Fiber optic,Yes,Yes,No,No,No,No,No,Yes
5889-JTMUL,50,Month-to-month,Fiber optic,Yes,Yes,No,Yes,Yes,No,Yes,No
9026-RNUJS,5,Month-to-month,DSL,Yes,No,No,No,Yes,No,No,No
3746-EUBYR,1,Month-to-month,Fiber optic,Yes,Yes,No,No,No,No,No,No
2332-EFBJY,16,Month-to-month,No,Yes,No,No internet service,No internet service,No internet service,No internet service,No internet service,No internet service
2880-FPNAE,2,Month-to-month,Fiber optic,Yes,No,No,No,Yes,No,No,No
1703-MGIAB,17,Month-to-month,DSL,Yes,Yes,No,No,Yes,Yes,Yes,No
4311-QTTAI,16,One year,No,Yes,No,No internet service,No internet service,No internet service,No internet service,No internet service,No internet service
9474-PHLYD,15,Month-to-month,DSL,Yes,No,No,No,Yes,No,No,Yes
4318-RAJVY,10,One year,No,Yes,No,No internet service,No internet service,No internet service,No internet service,No internet service,No internet service
2165-VOEGB,46,One year,Fiber optic,Yes,No,Yes,Yes,No,Yes,Yes,Yes
3612-YUNGG,64,Two year,Fiber optic,Yes,Yes,No,Yes,Yes,Yes,Yes,Yes
2254-DLXRI,1,Month-to-month,Fiber optic,Yes,Yes,No,Yes,No,No,No,No
5062-CJJKH,25,One year,DSL,Yes,No,No,Yes,Yes,No,No,No
9028-LIHRP,71,Two year,Fiber optic,Yes,No,Yes,Yes,Yes,Yes,Yes,No
2219-MVUSO,8,Month-to-month,DSL,Yes,No,No,No,No,No,No,No
1053-MXTTK,72,Two year,Fiber optic,Yes,No,Yes,Yes,Yes,Yes,Yes,Yes
1530-ZTDOZ,49,Month-to-month,DSL,No,No phone service,Yes,No,No,No,Yes,No
1301-LOPVR,29,One year,DSL,No,No phone service,Yes,Yes,Yes,Yes,No,Yes
0853-TWRVK,72,Two year,Fiber optic,Yes,Yes,Yes,Yes,Yes,Yes,No,Yes
8914-RBTSB,31,Month-to-month,Fiber optic,Yes,Yes,No,Yes,Yes,No,Yes,No
6212-ATMLK,50,Month-to-month,Fiber optic,Yes,Yes,No,No,No,No,Yes,Yes
8200-LGKSR,71,Two year,DSL,Yes,Yes,Yes,No,Yes,Yes,Yes,Yes
1568-BEKZM,70,Two year,DSL,Yes,Yes,Yes,Yes,Yes,Yes,Yes,Yes
0670-ANMUU,71,One year,Fiber optic,Yes,Yes,Yes,No,No,Yes,No,Yes
6897-RWMUB,61,Two year,DSL,Yes,No,Yes,Yes,Yes,Yes,No,No
0963-ZBDRN,32,Month-to-month,Fiber optic,Yes,No,No,No,No,Yes,Yes,Yes
7594-RQHXR,1,Month-to-month,Fiber optic,Yes,No,No,No,No,No,No,Yes
6999-CHVCF,68,Two year,Fiber optic,Yes,Yes,Yes,Yes,Yes,No,No,Yes
6134-KWTBV,62,Two year,No,Yes,Yes,No internet service,No internet service,No internet service,No internet service,No internet service,No internet service
1077-HUUJM,7,Month-to-month,Fiber optic,Yes,No,No,No,No,No,No,No
6331-EWIEB,20,Month-to-month,Fiber optic,Yes,Yes,No,No,No,No,Yes,No
0895-LNKRC,6,One year,No,Yes,No,No internet service,No internet service,No internet service,No internet service,No internet service,No internet service
2045-BMBTJ,33,Month-to-month,DSL,No,No phone service,Yes,Yes,Yes,No,Yes,Yes
8417-GSODA,28,One year,Fiber optic,Yes,Yes,No,No,No,No,Yes,Yes
5171-EPLKN,27,Two year,No,Yes,No,No internet service,No internet service,No internet service,No internet service,No internet service,No internet service
4452-QIIEB,7,Month-to-month,DSL,Yes,No,No,No,No,No,No,No
5998-VVEJY,26,Month-to-month,Fiber optic,Yes,Yes,No,No,No,Yes,No,No
1624-NALOJ,5,Month-to-month,Fiber optic,Yes,Yes,No,Yes,No,No,No,Yes
6741-EGCBI,30,Month-to-month,Fiber optic,Yes,Yes,Yes,No,No,No,No,Yes
7820-ZYGNY,63,One year,Fiber optic,Yes,Yes,No,Yes,No,No,No,Yes
4317-VTEOA,1,Month-to-month,DSL,Yes,No,No,Yes,No,No,No,No
9677-AVKED,53,One year,DSL,Yes,Yes,No,Yes,Yes,Yes,Yes,Yes
1670-SVOWZ,14,Month-to-month,Fiber optic,Yes,No,No,Yes,No,Yes,No,Yes
2227-JRSJX,21,Month-to-month,Fiber optic,Yes,No,No,Yes,No,Yes,Yes,Yes
9847-HNVGP,17,One year,No,Yes,No,No internet service,No internet service,No internet service,No internet service,No internet service,No internet service
6696-YDAYZ,16,Two year,No,Yes,No,No internet service,No internet service,No internet service,No internet service,No internet service,No internet service
8980-WQFWL,35,Month-to-month,DSL,Yes,No,No,No,Yes,No,No,Yes
1730-ZMAME,32,Month-to-month,Fiber optic,Yes,No,No,No,No,No,No,Yes
6506-EYCNH,28,Month-to-month,No,Yes,No,No internet service,No internet service,No internet service,No internet service,No internet service,No internet service
4634-JLRJT,1,Month-to-month,No,Yes,No,No internet service,No internet service,No internet service,No internet service,No internet service,No internet service
9501-UKKNL,59,Month-to-month,DSL,No,No phone service,No,No,No,Yes,Yes,Yes
2560-QTSBS,72,One year,No,Yes,Yes,No internet service,No internet service,No internet service,No internet service,No internet service,No internet service
7541-YLXCL,36,One year,DSL,Yes,No,No,Yes,No,Yes,No,Yes
4795-WRNVT,40,Month-to-month,DSL,Yes,No,Yes,Yes,No,No,Yes,No
6080-TCMYC,40,Month-to-month,Fiber optic,Yes,Yes,No,No,Yes,No,No,No
0260-ZDLGK,9,Month-to-month,DSL,Yes,No,No,No,Yes,Yes,Yes,Yes
7860-UXCRM,63,Two year,DSL,Yes,No,Yes,Yes,Yes,Yes,Yes,No
6357-JJPQT,3,Month-to-month,Fiber optic,Yes,No,No,No,No,No,Yes,No
2292-XQWSV,40,One year,DSL,No,No phone service,No,Yes,Yes,Yes,Yes,Yes
9552-TGUZV,8,Month-to-month,Fiber optic,Yes,No,Yes,No,No,No,No,No
5913-INRQV,34,One year,Fiber optic,Yes,No,Yes,No,No,Yes,Yes,No
8722-NGNBH,5,Month-to-month,DSL,No,No phone service,Yes,No,Yes,Yes,No,No
6210-KBBPI,9,Month-to-month,Fiber optic,Yes,Yes,No,Yes,No,No,Yes,Yes
9643-YBLUR,9,Month-to-month,DSL,Yes,Yes,No,Yes,Yes,No,No,Yes
8734-FNWVH,31,Month-to-month,DSL,Yes,Yes,No,No,No,No,No,Yes
9447-YPTBX,50,One year,No,Yes,No,No internet service,No internet service,No internet service,No internet service,No internet service,No internet service
0133-BMFZO,2,Month-to-month,Fiber optic,Yes,No,Yes,Yes,No,Yes,No,No
6128-CZOMY,1,Month-to-month,DSL,Yes,No,No,No,No,No,No,No
9540-JYROE,8,Month-to-month,Fiber optic,Yes,No,No,No,No,No,No,No
9026-LHEVG,9,Month-to-month,DSL,No,No phone service,No,Yes,No,No,No,Yes
2260-USTRB,2,Month-to-month,Fiber optic,Yes,No,No,No,No,No,No,No
3656-TKRVZ,3,Month-to-month,DSL,Yes,No,Yes,Yes,No,No,No,No
7011-CVEUC,25,Month-to-month,Fiber optic,Yes,No,No,No,No,Yes,Yes,Yes
6185-TASNN,1,Month-to-month,DSL,Yes,No,No,No,No,No,No,No
7925-PNRGI,45,Month-to-month,DSL,Yes,Yes,Yes,Yes,Yes,Yes,Yes,No
8623-TMRBY,51,Month-to-month,Fiber optic,Yes,Yes,No,Yes,Yes,No,No,No
1552-CZCLL,55,Month-to-month,No,Yes,No,No internet service,No internet service,No internet service,No internet service,No internet service,No internet service
3038-PQIUY,38,Month-to-month,DSL,Yes,Yes,Yes,Yes,Yes,No,No,No
1501-SGHBW,2,Month-to-month,DSL,Yes,No,No,No,No,No,No,No
9313-CDOGY,38,Month-to-month,No,Yes,No,No internet service,No internet service,No internet service,No internet service,No internet service,No internet service
8148-BPLZQ,34,Month-to-month,DSL,Yes,No,No,Yes,No,No,No,No
2623-DRYAM,70,One year,Fiber optic,Yes,Yes,No,No,Yes,No,Yes,Yes
9987-LUTYD,13,One year,DSL,Yes,No,Yes,No,No,Yes,No,No
3208-YPIOE,39,Month-to-month,Fiber optic,Yes,Yes,No,No,No,No,No,No
4488-KQFDT,61,One year,Fiber optic,Yes,Yes,No,Yes,Yes,No,Yes,Yes
2612-RANWT,12,Month-to-month,Fiber optic,Yes,Yes,No,No,Yes,No,Yes,Yes
5693-PIPCS,41,Two year,Fiber optic,Yes,No,No,Yes,No,Yes,Yes,Yes
0491-KAPQG,21,Month-to-month,Fiber optic,Yes,Yes,No,No,No,No,No,No
1925-LFCZZ,55,One year,DSL,No,No phone service,No,No,Yes,No,Yes,Yes
8039-EQPIM,69,Two year,DSL,No,No phone service,Yes,No,Yes,Yes,Yes,Yes
6900-PXRMS,26,Month-to-month,Fiber optic,Yes,Yes,No,Yes,Yes,No,Yes,Yes
8707-RMEZH,69,One year,Fiber optic,Yes,No,Yes,Yes,No,No,No,Yes
3346-BRMIS,18,Month-to-month,DSL,No,No phone service,No,No,Yes,No,Yes,Yes
3209-ZPKFI,47,Month-to-month,DSL,Yes,Yes,No,Yes,No,No,No,No
6479-VDGRK,72,Two year,DSL,Yes,No,Yes,Yes,Yes,Yes,Yes,Yes
9373-WSLOY,33,Month-to-month,DSL,No,No phone service,No,Yes,Yes,Yes,Yes,No
2933-FILNV,2,Month-to-month,DSL,No,No phone service,No,No,No,No,No,No
3569-JFODW,72,Two year,DSL,Yes,Yes,Yes,Yes,Yes,Yes,Yes,Yes
9819-FBNSV,37,Month-to-month,Fiber optic,Yes,No,No,No,No,No,No,No
9544-PYPSJ,62,Month-to-month,Fiber optic,Yes,Yes,No,Yes,Yes,No,No,Yes
1591-XWLGB,71,Two year,No,Yes,No,No internet service,No internet service,No internet service,No internet service,No internet service,No internet service
0396-UKGAI,23,Month-to-month,DSL,Yes,No,No,Yes,No,Yes,No,No
3243-ZHOHY,16,One year,No,Yes,No,No internet service,No internet service,No internet service,No internet service,No internet service,No internet service
5186-EJEGL,9,Month-to-month,DSL,Yes,No,Yes,No,Yes,Yes,Yes,No
7527-QNRUS,17,Two year,No,Yes,Yes,No internet service,No internet service,No internet service,No internet service,No internet service,No internet service
9986-BONCE,4,Month-to-month,No,Yes,No,No internet service,No internet service,No internet service,No internet service,No internet service,No internet service
2722-JMONI,1,Month-to-month,DSL,Yes,No,Yes,No,No,No,No,No
2203-GHNWN,24,Month-to-month,Fiber optic,Yes,Yes,No,No,Yes,No,No,No
3878-AVSOQ,1,Month-to-month,Fiber optic,Yes,No,No,No,No,No,No,No
3258-SYSWS,72,Two year,Fiber optic,Yes,Yes,Yes,Yes,Yes,Yes,Yes,Yes
5296-PSYVW,72,Two year,No,Yes,Yes,No internet service,No internet service,No internet service,No internet service,No internet service,No internet service
6319-QSUSR,11,Month-to-month,No,Yes,No,No internet service,No internet service,No internet service,No internet service,No internet service,No internet service
4083-EUGRJ,9,Month-to-month,No,Yes,No,No internet service,No internet service,No internet service,No internet service,No internet service,No internet service
7579-OOPEC,2,Month-to-month,DSL,Yes,No,No,Yes,No,No,No,No
0512-FLFDW,60,One year,Fiber optic,Yes,Yes,No,No,Yes,No,Yes,Yes
1771-OADNZ,29,Month-to-month,Fiber optic,Yes,Yes,No,Yes,Yes,No,No,Yes
0487-CRLZF,49,Two year,DSL,Yes,No,No,No,Yes,Yes,Yes,Yes
2107-FBPTK,30,Month-to-month,Fiber optic,Yes,Yes,No,Yes,Yes,No,Yes,Yes
9451-WLYRI,53,One year,No,Yes,No,No internet service,No internet service,No internet service,No internet service,No internet service,No internet service
8219-VYBVI,39,Two year,No,Yes,Yes,No internet service,No internet service,No internet service,No internet service,No internet service,No internet service
1991-VOPLL,9,Month-to-month,No,Yes,No,No internet service,No internet service,No internet service,No internet service,No internet service,No internet service
9738-QLWTP,39,One year,Fiber optic,Yes,No,No,No,Yes,Yes,No,No
1016-DJTSV,8,Month-to-month,Fiber optic,Yes,No,No,No,No,No,No,No
9419-IPPBE,51,One year,Fiber optic,Yes,Yes,No,No,Yes,No,No,Yes
0174-QRVVY,71,Two year,No,Yes,Yes,No internet service,No internet service,No internet service,No internet service,No internet service,No internet service
5699-BNCAS,71,Two year,No,Yes,Yes,No internet service,No internet service,No internet service,No internet service,No internet service,No internet service
2900-PHPLN,70,Two year,No,Yes,No,No internet service,No internet service,No internet service,No internet service,No internet service,No internet service
0612-RTZZA,1,Month-to-month,DSL,No,No phone service,No,No,No,No,No,No
8106-GWQOK,38,Two year,DSL,No,No phone service,Yes,Yes,No,Yes,Yes,Yes
8751-EDEKA,28,Month-to-month,Fiber optic,Yes,No,No,Yes,Yes,No,No,Yes
6878-GGDWG,32,Month-to-month,No,Yes,No,No internet service,No internet service,No internet service,No internet service,No internet service,No internet service
4039-PIMHX,49,Two year,DSL,Yes,No,No,Yes,No,No,No,No
8450-LUGUK,37,Two year,No,Yes,Yes,No internet service,No internet service,No internet service,No internet service,No internet service,No internet service
3604-WLABM,10,Month-to-month,DSL,Yes,No,No,No,Yes,Yes,No,No
0795-GMVQO,67,One year,Fiber optic,Yes,Yes,Yes,Yes,Yes,No,Yes,Yes
2259-OUUSZ,7,One year,DSL,No,No phone service,No,No,Yes,Yes,No,No
1142-IHLOO,51,One year,Fiber optic,Yes,No,No,No,No,No,Yes,Yes
6410-LEFEN,9,Month-to-month,DSL,Yes,No,No,No,No,No,No,No
4633-MKHYU,9,Month-to-month,Fiber optic,Yes,No,No,No,No,No,Yes,Yes
6257-RJOHI,4,Month-to-month,DSL,Yes,No,No,No,No,Yes,No,No
1545-JFUML,71,Two year,Fiber optic,Yes,Yes,Yes,Yes,Yes,No,Yes,No
3194-ORPIK,50,Month-to-month,Fiber optic,Yes,Yes,No,No,No,No,Yes,No
7826-VVKWT,24,Two year,Fiber optic,Yes,No,No,No,Yes,No,Yes,Yes
1353-GHZOS,22,One year,DSL,Yes,No,Yes,No,No,No,Yes,No
2587-EKXTS,44,Month-to-month,Fiber optic,Yes,Yes,Yes,Yes,Yes,No,Yes,Yes
5442-BXVND,33,Month-to-month,No,Yes,Yes,No internet service,No internet service,No internet service,No internet service,No internet service,No internet service
8816-VXNZD,1,Month-to-month,Fiber optic,Yes,Yes,No,No,No,No,No,No
9378-FXTIZ,54,One year,DSL,Yes,Yes,No,No,No,No,Yes,Yes
1723-HKXJQ,42,Month-to-month,Fiber optic,Yes,Yes,No,Yes,No,No,Yes,Yes
7825-GKXMW,1,Month-to-month,DSL,Yes,No,No,No,No,No,No,No
9753-OYLBX,1,Month-to-month,No,Yes,No,No internet service,No internet service,No internet service,No internet service,No internet service,No internet service
2364-UFROM,30,One year,DSL,Yes,No,Yes,Yes,No,Yes,Yes,No
6656-JWRQX,1,Month-to-month,DSL,No,No phone service,No,No,No,Yes,No,No
6473-ULUHT,16,Month-to-month,DSL,Yes,Yes,Yes,Yes,No,Yes,Yes,Yes
1240-KNSEZ,1,Month-to-month,No,Yes,No,No internet service,No internet service,No internet service,No internet service,No internet service,No internet service
0836-SEYLU,9,Month-to-month,DSL,No,No phone service,No,No,No,Yes,Yes,No
4433-JCGCG,46,Month-to-month,Fiber optic,Yes,Yes,No,No,Yes,No,Yes,Yes
3716-BDVDB,1,Month-to-month,Fiber optic,Yes,No,No,No,No,No,No,No
7688-AWMDX,71,Two year,DSL,Yes,No,Yes,No,No,Yes,No,No
2842-BCQGE,43,Month-to-month,Fiber optic,Yes,Yes,No,No,No,No,No,No
7244-QWYHG,50,One year,DSL,No,No phone service,Yes,No,No,Yes,Yes,No
5899-MQZZL,13,Month-to-month,Fiber optic,Yes,Yes,No,No,No,No,No,No
6849-OYAMU,19,One year,Fiber optic,Yes,No,No,Yes,No,Yes,Yes,Yes
5312-UXESG,41,Month-to-month,Fiber optic,Yes,Yes,No,No,Yes,No,Yes,Yes
9488-HGMJH,1,Month-to-month,Fiber optic,Yes,No,No,No,No,No,No,No
6038-GCYEC,24,Month-to-month,DSL,No,No phone service,No,Yes,Yes,No,Yes,Yes
2150-WLKUW,40,One year,DSL,Yes,Yes,No,Yes,No,No,Yes,No
7159-FVYPK,3,Month-to-month,DSL,Yes,Yes,No,Yes,Yes,No,Yes,No
7032-LMBHI,37,One year,DSL,Yes,Yes,Yes,No,No,No,Yes,No
1150-WFARN,67,Two year,Fiber optic,Yes,Yes,Yes,No,Yes,Yes,Yes,Yes
6088-BXMRG,32,Month-to-month,Fiber optic,Yes,Yes,No,Yes,No,No,Yes,Yes
3144-AUDBS,6,Month-to-month,DSL,Yes,No,No,No,No,Yes,No,No
4821-SJHJV,32,Month-to-month,Fiber optic,Yes,Yes,Yes,No,No,No,Yes,No
7346-MEDWM,59,Month-to-month,Fiber optic,Yes,Yes,No,Yes,Yes,No,No,No
1137-DGOWI,30,One year,DSL,Yes,No,No,Yes,Yes,Yes,No,Yes
5616-PRTNT,20,Month-to-month,No,Yes,No,No internet service,No internet service,No internet service,No internet service,No internet service,No internet service
3812-LRZIR,27,Two year,No,Yes,Yes,No internet service,No internet service,No internet service,No internet service,No internet service,No internet service
4818-QIUFN,20,Month-to-month,Fiber optic,Yes,Yes,Yes,No,No,No,No,No
9483-GCPWE,9,One year,No,Yes,No,No internet service,No internet service,No internet service,No internet service,No internet service,No internet service
4227-OJHAL,68,One year,DSL,Yes,Yes,Yes,Yes,Yes,No,Yes,No
9220-CXRSC,69,Two year,DSL,Yes,Yes,Yes,No,No,Yes,No,No
4993-JCRGJ,26,Month-to-month,Fiber optic,Yes,Yes,No,No,Yes,Yes,No,No
9537-JALFH,69,Two year,No,Yes,No,No internet service,No internet service,No internet service,No internet service,No internet service,No internet service
6698-OXETB,11,Two year,No,Yes,No,No internet service,No internet service,No internet service,No internet service,No internet service,No internet service
2103-ZRXFN,1,Month-to-month,DSL,Yes,Yes,No,No,No,No,No,No
3724-BSCVH,10,One year,No,Yes,No,No internet service,No internet service,No internet service,No internet service,No internet service,No internet service
4877-TSOFF,55,One year,DSL,Yes,Yes,Yes,Yes,No,Yes,No,Yes
9209-NWPGU,44,One year,DSL,Yes,No,Yes,No,No,Yes,Yes,No
6961-VCPMC,46,Month-to-month,Fiber optic,Yes,No,No,No,No,No,No,Yes
7306-YDSOI,69,Two year,DSL,Yes,No,Yes,Yes,Yes,No,No,No
5288-AHOUP,11,Month-to-month,Fiber optic,Yes,No,No,No,No,No,No,Yes
6688-UZPWD,11,Month-to-month,Fiber optic,Yes,Yes,No,Yes,No,No,Yes,Yes
0655-YDGFJ,29,Month-to-month,DSL,Yes,No,No,No,Yes,No,No,No
8468-EHYJA,57,Month-to-month,Fiber optic,Yes,Yes,Yes,No,No,No,Yes,Yes
6823-SIDFQ,28,One year,No,Yes,No,No internet service,No internet service,No internet service,No internet service,No internet service,No internet service
1097-FSPVW,42,Month-to-month,DSL,Yes,No,Yes,No,Yes,No,No,No
2839-RFSQE,2,Month-to-month,No,Yes,No,No internet service,No internet service,No internet service,No internet service,No internet service,No internet service
8328-SKJNO,23,One year,DSL,No,No phone service,Yes,Yes,No,Yes,No,No
7010-ZMVBF,18,Month-to-month,No,Yes,No,No internet service,No internet service,No internet service,No internet service,No internet service,No internet service
5201-CBWYG,62,One year,No,Yes,Yes,No internet service,No internet service,No internet service,No internet service,No internet service,No internet service
0968-GSIKN,1,Month-to-month,Fiber optic,Yes,No,No,No,No,No,No,No
1965-DDBWU,16,Month-to-month,Fiber optic,Yes,Yes,No,No,No,Yes,No,Yes
9057-SIHCH,3,Month-to-month,Fiber optic,Yes,Yes,No,No,No,No,Yes,Yes
6352-GIGGQ,67,One year,DSL,Yes,Yes,Yes,Yes,Yes,Yes,Yes,Yes
3635-QQRQD,62,Two year,No,Yes,No,No internet service,No internet service,No internet service,No internet service,No internet service,No internet service
6771-XWBDM,57,Month-to-month,Fiber optic,Yes,Yes,No,Yes,Yes,No,Yes,Yes
2897-DOVND,2,Month-to-month,Fiber optic,Yes,No,No,No,No,No,No,No
3082-YVEKW,23,Two year,DSL,Yes,Yes,Yes,No,Yes,Yes,Yes,No
0191-EQUUH,25,Two year,DSL,No,No phone service,Yes,No,No,Yes,No,No
7134-HBPBS,72,Two year,Fiber optic,Yes,Yes,No,Yes,Yes,Yes,Yes,Yes
3489-HHPFY,2,Month-to-month,Fiber optic,Yes,Yes,No,No,No,No,Yes,No
2926-JEJJC,8,One year,No,Yes,No,No internet service,No internet service,No internet service,No internet service,No internet service,No internet service
8601-QACRS,5,Month-to-month,DSL,Yes,Yes,No,No,No,No,No,No
4950-BDEUX,35,Month-to-month,DSL,No,No phone service,No,No,Yes,No,Yes,Yes
5789-LDFXO,24,One year,No,Yes,Yes,No internet service,No internet service,No internet service,No internet service,No internet service,No internet service
0508-OOLTO,2,Month-to-month,Fiber optic,Yes,No,No,No,No,No,No,No
2984-TBYKU,72,Two year,Fiber optic,Yes,Yes,Yes,Yes,Yes,Yes,No,Yes
9822-WMWVG,41,Month-to-month,Fiber optic,Yes,Yes,Yes,Yes,Yes,Yes,Yes,No
2391-SOORI,4,Month-to-month,DSL,Yes,No,Yes,No,No,No,No,No
9040-KZVWO,26,One year,Fiber optic,Yes,No,No,Yes,No,No,No,No
2645-QTLMB,7,Month-to-month,Fiber optic,Yes,No,No,Yes,No,No,Yes,Yes
4806-HIPDW,1,Month-to-month,Fiber optic,Yes,No,No,No,No,No,No,No
1548-ARAGG,4,Month-to-month,DSL,Yes,Yes,No,Yes,No,Yes,No,No
6339-RZCBJ,48,Two year,DSL,Yes,No,No,Yes,Yes,Yes,Yes,Yes
4424-TKOPW,2,Month-to-month,Fiber optic,Yes,Yes,No,No,No,No,Yes,Yes
4415-WNGVR,12,One year,DSL,Yes,No,Yes,No,Yes,Yes,Yes,Yes
2522-AHJXR,60,Month-to-month,Fiber optic,Yes,Yes,Yes,No,Yes,Yes,Yes,Yes
0412-UCCNP,55,Two year,DSL,Yes,No,Yes,No,Yes,Yes,No,No
1816-FLZDK,1,Month-to-month,DSL,No,No phone service,No,No,No,Yes,No,No
7096-UCLNH,1,Month-to-month,No,Yes,No,No internet service,No internet service,No internet service,No internet service,No internet service,No internet service
8443-ZRDBZ,4,Month-to-month,Fiber optic,Yes,Yes,No,No,No,No,No,No
9136-ALYBR,1,Month-to-month,DSL,No,No phone service,No,No,No,No,No,No
4615-PIVVU,42,Two year,DSL,Yes,No,No,No,Yes,Yes,No,Yes
8885-QSQBX,1,Month-to-month,DSL,Yes,No,Yes,No,No,No,No,No
7479-NITWS,7,Month-to-month,Fiber optic,Yes,Yes,No,No,Yes,No,Yes,No
8617-ENBDS,3,Month-to-month,Fiber optic,Yes,No,No,No,Yes,No,No,No
9385-NXKDA,72,Two year,DSL,Yes,Yes,Yes,Yes,Yes,No,Yes,Yes
0430-IHCDJ,15,Month-to-month,DSL,Yes,Yes,No,No,No,No,No,No
2959-MJHIC,4,Month-to-month,Fiber optic,Yes,No,No,No,No,No,Yes,No
6674-KVJHG,11,One year,No,Yes,Yes,No internet service,No internet service,No internet service,No internet service,No internet service,No internet service
1814-DKOLC,5,Month-to-month,No,Yes,Yes,No internet service,No internet service,No internet service,No internet service,No internet service,No internet service
4201-JMNGR,1,Month-to-month,DSL,Yes,No,Yes,No,Yes,No,No,No
9351-HXDMR,72,Two year,Fiber optic,Yes,Yes,Yes,No,Yes,Yes,Yes,Yes
3537-HPKQT,55,Month-to-month,Fiber optic,Yes,Yes,No,Yes,No,No,No,No
2129-ALKBS,40,Month-to-month,No,Yes,Yes,No internet service,No internet service,No internet service,No internet service,No internet service,No internet service
5821-MMEIL,57,Two year,No,Yes,No,No internet service,No internet service,No internet service,No internet service,No internet service,No internet service
5960-WPXQM,1,Month-to-month,Fiber optic,Yes,No,No,No,No,No,Yes,No
0684-AOSIH,1,Month-to-month,Fiber optic,Yes,No,Yes,No,No,No,Yes,Yes
8260-NGFNY,1,Month-to-month,DSL,No,No phone service,No,No,No,No,No,No
1309-XGFSN,52,One year,DSL,Yes,Yes,No,Yes,Yes,No,Yes,Yes
1866-RZZQS,41,Month-to-month,Fiber optic,Yes,Yes,No,No,Yes,No,Yes,Yes
6968-URWQU,43,One year,DSL,Yes,No,No,No,No,No,Yes,No
4742-TXUEX,47,Two year,No,Yes,No,No internet service,No internet service,No internet service,No internet service,No internet service,No internet service
9631-XEYKE,3,Month-to-month,DSL,Yes,Yes,No,No,No,No,No,No
8631-NBHFZ,66,Two year,DSL,Yes,Yes,Yes,Yes,Yes,Yes,Yes,No
1335-MXCSE,55,Two year,DSL,Yes,No,No,No,Yes,Yes,No,No
8873-TMKGR,29,One year,No,Yes,No,No internet service,No internet service,No internet service,No internet service,No internet service,No internet service
8800-JOOCF,12,Month-to-month,Fiber optic,Yes,Yes,No,No,No,No,Yes,No
1469-LBJQJ,66,Month-to-month,Fiber optic,Yes,Yes,No,Yes,Yes,No,Yes,Yes
4958-XCBDQ,35,Month-to-month,Fiber optic,Yes,Yes,No,No,Yes,No,Yes,Yes
8337-UPOAQ,10,Month-to-month,Fiber optic,Yes,Yes,No,No,Yes,No,No,Yes
0064-YIJGF,27,Month-to-month,Fiber optic,Yes,Yes,No,No,No,No,No,No
2386-OWURY,58,Month-to-month,Fiber optic,Yes,No,No,No,No,Yes,Yes,Yes
1725-IQNIY,54,Two year,Fiber optic,Yes,No,Yes,Yes,Yes,Yes,Yes,Yes
0310-VQXAM,9,Month-to-month,No,Yes,No,No internet service,No internet service,No internet service,No internet service,No internet service,No internet service
6598-RFFVI,2,One year,No,Yes,No,No internet service,No internet service,No internet service,No internet service,No internet service,No internet service
3453-RTHJQ,6,Month-to-month,Fiber optic,Yes,No,No,No,No,No,No,No
6712-OAWRH,26,Month-to-month,Fiber optic,Yes,No,No,No,No,No,Yes,Yes
6278-FEPBZ,9,Month-to-month,No,Yes,No,No internet service,No internet service,No internet service,No internet service,No internet service,No internet service
4280-DLSHD,8,Month-to-month,DSL,Yes,No,No,Yes,Yes,No,No,No
1508-DFXCU,12,Month-to-month,Fiber optic,Yes,No,No,No,No,No,Yes,No
8614-VGMMV,15,Month-to-month,DSL,Yes,Yes,No,No,No,No,No,No
7868-BGSZA,43,One year,DSL,Yes,Yes,Yes,No,Yes,No,Yes,Yes
2800-QQUSO,42,Month-to-month,Fiber optic,Yes,Yes,No,No,No,Yes,Yes,Yes
2930-UOTMB,31,Month-to-month,DSL,Yes,Yes,Yes,No,Yes,Yes,No,No
7973-DZRKH,66,Two year,Fiber optic,Yes,Yes,Yes,No,Yes,Yes,No,No
5914-DVBWJ,18,Month-to-month,Fiber optic,Yes,Yes,No,Yes,No,Yes,No,No
7698-YFGEZ,1,Month-to-month,No,Yes,No,No internet service,No internet service,No internet service,No internet service,No internet service,No internet service
2533-QVMSK,61,Two year,Fiber optic,Yes,Yes,No,Yes,No,Yes,Yes,No
9773-PEQBZ,10,Month-to-month,Fiber optic,Yes,Yes,No,Yes,No,No,No,No
8644-XLFBW,1,Month-to-month,Fiber optic,Yes,No,No,No,No,No,No,No
0650-BWOZN,18,Month-to-month,Fiber optic,Yes,No,No,Yes,No,No,No,No
8625-AZYZY,24,Month-to-month,Fiber optic,Yes,Yes,No,Yes,Yes,No,Yes,Yes
7785-RDVIG,3,Month-to-month,No,Yes,No,No internet service,No internet service,No internet service,No internet service,No internet service,No internet service
9602-WCXPI,50,One year,No,Yes,No,No internet service,No internet service,No internet service,No internet service,No internet service,No internet service
2903-YYTBW,1,Month-to-month,DSL,Yes,No,No,No,No,No,No,No
3620-MWJNE,2,Month-to-month,DSL,Yes,No,Yes,No,No,Yes,No,No
8573-JGCZW,17,One year,No,Yes,No,No internet service,No internet service,No internet service,No internet service,No internet service,No internet service
6837-HAEVO,69,Two year,Fiber optic,Yes,Yes,No,Yes,Yes,No,Yes,Yes
6701-YVNQG,72,Two year,DSL,Yes,Yes,Yes,Yes,Yes,Yes,Yes,Yes
9306-CPCBC,3,Month-to-month,Fiber optic,Yes,Yes,No,No,No,No,No,No
4304-XUMGI,50,Two year,DSL,Yes,Yes,Yes,Yes,Yes,No,No,Yes
9504-YAZWB,53,Two year,No,Yes,No,No internet service,No internet service,No internet service,No internet service,No internet service,No internet service
8819-ZBYNA,58,Two year,Fiber optic,Yes,Yes,Yes,Yes,No,Yes,Yes,Yes
6174-NRBTZ,46,One year,DSL,No,No phone service,Yes,No,No,No,No,No
9481-IEBZY,72,Month-to-month,Fiber optic,Yes,Yes,Yes,Yes,Yes,Yes,Yes,Yes
1833-VGRUM,1,Month-to-month,Fiber optic,Yes,Yes,No,No,No,No,No,No
6137-NICCO,6,Month-to-month,Fiber optic,Yes,Yes,No,Yes,Yes,No,Yes,No
9065-ZCPQX,72,Two year,DSL,Yes,Yes,Yes,Yes,Yes,Yes,No,Yes
6402-EJMWF,4,Month-to-month,DSL,Yes,No,No,No,No,No,No,Yes
3620-EHIMZ,52,Two year,No,Yes,No,No internet service,No internet service,No internet service,No internet service,No internet service,No internet service
3213-VVOLG,0,Two year,No,Yes,Yes,No internet service,No internet service,No internet service,No internet service,No internet service,No internet service
6870-ECSHE,2,One year,No,Yes,No,No internet service,No internet service,No internet service,No internet service,No internet service,No internet service
8747-UDCOI,65,Two year,No,Yes,No,No internet service,No internet service,No internet service,No internet service,No internet service,No internet service
8374-XGEJJ,43,Month-to-month,Fiber optic,Yes,Yes,No,Yes,No,No,Yes,Yes
2656-TABEH,4,Month-to-month,Fiber optic,Yes,Yes,No,Yes,No,No,Yes,Yes
6946-LMSQS,25,One year,Fiber optic,Yes,Yes,Yes,No,No,No,No,Yes
4626-OZDTJ,51,One year,DSL,Yes,Yes,No,Yes,No,Yes,Yes,Yes
9169-BSVIN,12,Month-to-month,DSL,Yes,Yes,No,No,Yes,No,Yes,Yes
2325-ZUSFD,57,One year,DSL,Yes,No,Yes,No,No,No,Yes,Yes
8194-PEEBY,24,One year,No,Yes,No,No internet service,No internet service,No internet service,No internet service,No internet service,No internet service
6872-HXFNF,64,One year,DSL,Yes,Yes,No,No,Yes,Yes,No,No
3932-CMDTD,4,One year,Fiber optic,Yes,No,No,Yes,Yes,Yes,Yes,Yes
7714-YXSMB,26,Month-to-month,Fiber optic,Yes,Yes,No,No,Yes,No,Yes,Yes
8387-UGUSU,15,Month-to-month,No,Yes,No,No internet service,No internet service,No internet service,No internet service,No internet service,No internet service
1080-BWSYE,64,Two year,No,Yes,Yes,No internet service,No internet service,No internet service,No internet service,No internet service,No internet service
4039-HEUNW,36,Month-to-month,Fiber optic,Yes,Yes,No,Yes,No,No,Yes,Yes
1194-HVAIF,27,Month-to-month,Fiber optic,Yes,Yes,No,No,No,No,Yes,Yes
0812-WUPTB,1,Month-to-month,Fiber optic,Yes,No,No,No,No,No,No,No
3594-UVONA,35,One year,DSL,Yes,Yes,Yes,No,Yes,Yes,Yes,Yes
0004-TLHLJ,4,Month-to-month,Fiber optic,Yes,No,No,No,Yes,No,No,No
1767-TGTKO,8,Month-to-month,DSL,Yes,No,No,No,No,No,No,No
8439-LTUGF,10,Month-to-month,No,Yes,No,No internet service,No internet service,No internet service,No internet service,No internet service,No internet service
8805-JNRAZ,2,Month-to-month,DSL,Yes,No,No,Yes,No,No,No,No
5089-IFSDP,58,Two year,Fiber optic,Yes,Yes,Yes,Yes,Yes,No,Yes,Yes
6418-HNFED,51,Two year,DSL,Yes,No,Yes,Yes,Yes,Yes,Yes,Yes
0206-OYVOC,46,Two year,No,Yes,No,No internet service,No internet service,No internet service,No internet service,No internet service,No internet service
7291-CDTMJ,1,Month-to-month,No,Yes,No,No internet service,No internet service,No internet service,No internet service,No internet service,No internet service
7128-GGCNO,46,Month-to-month,Fiber optic,Yes,Yes,No,No,No,No,No,No
0237-YFUTL,50,Month-to-month,Fiber optic,Yes,Yes,Yes,Yes,No,Yes,Yes,Yes
7691-KGKGP,53,Month-to-month,DSL,Yes,No,No,Yes,No,Yes,Yes,No
6710-HSJRD,61,Month-to-month,Fiber optic,Yes,Yes,No,Yes,Yes,Yes,Yes,Yes
3675-EQOZA,5,Month-to-month,No,Yes,No,No internet service,No internet service,No internet service,No internet service,No internet service,No internet service
0840-DCNZE,47,One year,DSL,Yes,No,Yes,Yes,Yes,Yes,Yes,Yes
1732-FEKLD,54,One year,Fiber optic,Yes,Yes,No,Yes,Yes,No,Yes,No
9862-KJTYK,19,Month-to-month,DSL,No,No phone service,No,No,No,No,No,No
0479-HMSWA,26,Two year,Fiber optic,Yes,No,No,Yes,Yes,Yes,Yes,Yes
5854-KSRBJ,70,Two year,No,Yes,Yes,No internet service,No internet service,No internet service,No internet service,No internet service,No internet service
0365-BZUWY,17,Month-to-month,Fiber optic,Yes,Yes,No,Yes,Yes,No,Yes,Yes
4817-VYYWS,30,Month-to-month,Fiber optic,Yes,Yes,No,Yes,No,No,Yes,Yes
5701-SVCWR,1,Month-to-month,No,Yes,Yes,No internet service,No internet service,No internet service,No internet service,No internet service,No internet service
3129-AAQOU,19,Two year,No,Yes,Yes,No internet service,No internet service,No internet service,No internet service,No internet service,No internet service
4922-CVPDX,26,Two year,DSL,Yes,No,No,Yes,Yes,No,Yes,Yes
1396-QWFBJ,21,Month-to-month,Fiber optic,Yes,No,No,Yes,No,No,No,No
1357-BIJKI,50,One year,Fiber optic,Yes,Yes,No,Yes,No,No,Yes,Yes
1099-BTKWT,68,One year,DSL,No,No phone service,Yes,No,Yes,No,Yes,Yes
5299-SJCZT,3,Month-to-month,Fiber optic,Yes,Yes,No,No,Yes,No,Yes,Yes
2018-PZKMU,9,Month-to-month,Fiber optic,Yes,No,No,No,Yes,Yes,Yes,Yes
7340-KEFQE,51,Two year,DSL,No,No phone service,Yes,No,No,Yes,No,No
4570-QHXHL,9,Month-to-month,DSL,Yes,No,No,No,No,No,No,No
2403-BCASL,41,One year,Fiber optic,Yes,Yes,No,Yes,Yes,Yes,Yes,Yes
7392-YYPYJ,22,Month-to-month,Fiber optic,Yes,Yes,No,Yes,No,No,Yes,Yes
2898-LSJGD,21,One year,DSL,No,No phone service,Yes,No,Yes,No,Yes,Yes
2223-GDSHL,71,Two year,Fiber optic,Yes,Yes,Yes,Yes,Yes,Yes,Yes,Yes
7359-PTSXY,1,Month-to-month,DSL,Yes,No,No,No,No,No,No,No
9470-RTWDV,26,One year,DSL,Yes,Yes,No,No,Yes,Yes,Yes,Yes
2176-OSJUV,71,Two year,DSL,Yes,Yes,Yes,Yes,No,Yes,No,No
9348-YVOMK,4,Month-to-month,DSL,Yes,No,No,No,No,No,No,No
8104-OSKWT,12,Month-to-month,Fiber optic,Yes,Yes,Yes,No,No,No,No,No
4521-YEEHE,18,Month-to-month,Fiber optic,Yes,Yes,No,No,No,Yes,Yes,No
4090-KPJIP,3,Month-to-month,Fiber optic,Yes,Yes,No,No,No,No,No,No
3786-WOVKF,72,One year,Fiber optic,Yes,Yes,Yes,Yes,No,No,Yes,Yes
4503-BDXBD,11,Month-to-month,Fiber optic,Yes,No,No,Yes,No,No,No,No
6086-ESGRL,1,Month-to-month,Fiber optic,Yes,No,No,No,No,No,No,Yes
2592-HODOV,13,One year,No,Yes,No,No internet service,No internet service,No internet service,No internet service,No internet service,No internet service
3886-CERTZ,72,One year,Fiber optic,Yes,Yes,No,Yes,Yes,Yes,Yes,Yes
7995-ZHHNZ,42,One year,DSL,Yes,Yes,Yes,No,No,No,No,No
3824-RHKVR,17,Month-to-month,No,Yes,No,No internet service,No internet service,No internet service,No internet service,No internet service,No internet service
5816-SCGFC,7,Month-to-month,DSL,Yes,No,No,Yes,No,No,No,No
5989-AXPUC,68,Two year,Fiber optic,Yes,Yes,Yes,Yes,Yes,Yes,Yes,Yes
4979-HPRFL,56,Two year,No,Yes,Yes,No internet service,No internet service,No internet service,No internet service,No internet service,No internet service
8590-OHDIW,38,One year,No,Yes,No,No internet service,No internet service,No internet service,No internet service,No internet service,No internet service
8015-IHCGW,72,Two year,Fiber optic,Yes,Yes,Yes,Yes,Yes,Yes,Yes,Yes
2332-TODQS,48,One year,No,Yes,Yes,No internet service,No internet service,No internet service,No internet service,No internet service,No internet service
9278-VZKCD,52,Month-to-month,Fiber optic,Yes,Yes,Yes,Yes,Yes,No,Yes,Yes
8008-OTEZX,35,One year,No,Yes,No,No internet service,No internet service,No internet service,No internet service,No internet service,No internet service
2773-OVBPK,67,Two year,Fiber optic,Yes,Yes,No,Yes,Yes,Yes,Yes,Yes
5999-LCXAO,1,Month-to-month,DSL,No,No phone service,Yes,No,No,No,No,No
5206-XZZQI,53,Month-to-month,Fiber optic,Yes,No,No,Yes,No,Yes,No,No
4803-LBYPN,34,Month-to-month,No,Yes,No,No internet service,No internet service,No internet service,No internet service,No internet service,No internet service
5759-RCVCB,3,Month-to-month,DSL,No,No phone service,No,No,No,No,Yes,No
6372-RFVNS,1,Month-to-month,Fiber optic,Yes,No,No,No,No,No,Yes,No
2139-FQHLM,19,Month-to-month,Fiber optic,Yes,No,No,No,Yes,Yes,Yes,No
8261-GWDBQ,60,Two year,Fiber optic,Yes,Yes,Yes,Yes,Yes,Yes,Yes,Yes
1093-YSWCA,11,Two year,No,Yes,No,No internet service,No internet service,No internet service,No internet service,No internet service,No internet service
8938-UMKPI,47,Month-to-month,Fiber optic,Yes,Yes,No,Yes,Yes,No,Yes,Yes
0991-BRRFB,18,Month-to-month,DSL,Yes,No,Yes,No,No,No,No,No
3882-IYOIJ,60,Two year,Fiber optic,Yes,Yes,Yes,Yes,Yes,Yes,Yes,Yes
8749-TZYEC,72,Two year,No,Yes,Yes,No internet service,No internet service,No internet service,No internet service,No internet service,No internet service
1755-FZQEC,39,One year,No,Yes,No,No internet service,No internet service,No internet service,No internet service,No internet service,No internet service
3115-JPJDD,59,One year,Fiber optic,Yes,No,Yes,No,Yes,No,No,No
5600-KTXFM,2,Month-to-month,Fiber optic,Yes,No,No,No,No,No,No,No
3871-IKPYH,1,Month-to-month,Fiber optic,Yes,No,No,No,No,No,No,No
6319-IEJWJ,20,Month-to-month,Fiber optic,Yes,No,No,No,No,No,Yes,Yes
9025-AOMKI,6,Month-to-month,Fiber optic,Yes,Yes,No,No,No,No,Yes,Yes
6339-TBELP,71,Two year,Fiber optic,Yes,Yes,No,No,Yes,Yes,No,No
7964-YESJC,24,Month-to-month,DSL,Yes,Yes,Yes,Yes,Yes,No,No,No
6173-GOLSU,67,Month-to-month,Fiber optic,Yes,Yes,No,No,No,No,Yes,Yes
5275-SQEIZ,1,Month-to-month,Fiber optic,Yes,No,No,No,No,No,No,Yes
7716-YTYHG,48,One year,Fiber optic,Yes,Yes,No,No,No,No,No,Yes
9938-ZREHM,37,One year,DSL,Yes,Yes,No,Yes,No,Yes,No,Yes
7950-XWOVN,11,Month-to-month,DSL,No,No phone service,No,Yes,Yes,No,No,No
4390-KYULV,3,Month-to-month,No,Yes,No,No internet service,No internet service,No internet service,No internet service,No internet service,No internet service
4647-MUZON,18,Month-to-month,Fiber optic,Yes,No,No,No,Yes,No,Yes,Yes
9702-AIUJO,50,One year,DSL,Yes,No,No,No,No,No,No,No
8849-PRIQJ,67,One year,Fiber optic,Yes,Yes,Yes,No,Yes,Yes,Yes,Yes
8851-RAGOV,25,Month-to-month,DSL,Yes,No,Yes,Yes,No,Yes,No,Yes
1304-NECVQ,2,Month-to-month,Fiber optic,Yes,Yes,No,No,Yes,No,No,No
5396-IZEPB,9,Month-to-month,No,Yes,No,No internet service,No internet service,No internet service,No internet service,No internet service,No internet service
1729-VLAZJ,10,One year,DSL,No,No phone service,Yes,Yes,No,Yes,No,No
8285-ABVLB,70,Two year,No,Yes,No,No internet service,No internet service,No internet service,No internet service,No internet service,No internet service
0701-TJSEF,9,Month-to-month,DSL,Yes,No,Yes,No,Yes,Yes,No,Yes
5712-VBOXD,4,Month-to-month,No,Yes,No,No internet service,No internet service,No internet service,No internet service,No internet service,No internet service
6629-LADHQ,2,Month-to-month,DSL,Yes,No,Yes,No,No,No,No,No
8945-GRKHX,1,Month-to-month,Fiber optic,Yes,No,No,No,No,No,No,Yes
1559-DTODC,19,Month-to-month,DSL,No,No phone service,No,No,No,No,No,No
4797-MIWUM,7,Month-to-month,No,Yes,No,No internet service,No internet service,No internet service,No internet service,No internet service,No internet service
6959-UWKHF,1,Month-to-month,DSL,Yes,No,No,No,No,No,No,No
8720-RQSBJ,1,Month-to-month,DSL,Yes,No,No,No,No,No,No,No
4537-CIBHB,9,One year,No,Yes,No,No internet service,No internet service,No internet service,No internet service,No internet service,No internet service
3815-SLMEF,3,Month-to-month,DSL,No,No phone service,Yes,No,No,Yes,No,No
5154-VEKBL,9,Month-to-month,DSL,No,No phone service,Yes,No,Yes,Yes,Yes,Yes
4324-AHJKS,5,Month-to-month,DSL,Yes,No,Yes,No,Yes,No,No,No
4355-CVPVS,56,One year,Fiber optic,Yes,No,No,No,No,No,Yes,Yes
4495-LHSSK,18,Month-to-month,DSL,Yes,Yes,Yes,No,No,No,No,No
5655-JSMZM,49,Month-to-month,Fiber optic,Yes,Yes,No,No,No,No,Yes,Yes
5915-ANOEI,70,Two year,DSL,Yes,Yes,Yes,Yes,Yes,Yes,Yes,No
9861-PDSZP,72,Two year,Fiber optic,Yes,Yes,No,Yes,Yes,Yes,Yes,Yes
4505-EXZHB,6,Month-to-month,Fiber optic,Yes,No,No,No,Yes,No,No,No
7225-CBZPL,17,Month-to-month,Fiber optic,Yes,Yes,No,No,No,No,Yes,Yes
6704-UTUKK,29,Month-to-month,DSL,No,No phone service,No,No,No,No,Yes,Yes
4587-VVTOX,6,Month-to-month,Fiber optic,Yes,Yes,No,Yes,Yes,No,Yes,Yes
2019-HDCZY,63,Two year,Fiber optic,Yes,Yes,No,No,Yes,No,Yes,Yes
4652-NNHNY,16,Month-to-month,Fiber optic,Yes,Yes,No,No,No,No,No,No
8788-DOXSU,59,One year,DSL,Yes,No,No,No,Yes,No,No,Yes
7404-JLKQG,3,Month-to-month,DSL,Yes,No,No,No,Yes,No,Yes,No
7421-ZLUPA,8,Month-to-month,DSL,No,No phone service,No,Yes,No,No,No,No
8972-HJWNV,7,Month-to-month,Fiber optic,Yes,Yes,No,No,No,No,No,Yes
3274-NSDWE,68,Two year,No,Yes,No,No internet service,No internet service,No internet service,No internet service,No internet service,No internet service
2632-IVXVF,68,Two year,Fiber optic,Yes,Yes,Yes,No,Yes,Yes,Yes,Yes
3692-JHONH,52,One year,Fiber optic,Yes,Yes,No,Yes,Yes,No,Yes,Yes
8915-NNTRC,72,Two year,Fiber optic,Yes,Yes,Yes,Yes,No,Yes,Yes,Yes
5914-GXMDA,32,One year,No,Yes,No,No internet service,No internet service,No internet service,No internet service,No internet service,No internet service
7463-IFMQU,72,Two year,No,Yes,No,No internet service,No internet service,No internet service,No internet service,No internet service,No internet service
2920-RNCEZ,1,Month-to-month,Fiber optic,Yes,No,No,No,No,No,No,No
2541-YGPKE,42,One year,DSL,Yes,No,Yes,No,No,Yes,No,Yes
8515-OCTJS,25,Two year,No,Yes,Yes,No internet service,No internet service,No internet service,No internet service,No internet service,No internet service
5382-TEMLV,45,Month-to-month,DSL,Yes,No,Yes,No,No,No,No,No
3441-CGZJH,43,One year,DSL,No,No phone service,Yes,No,Yes,Yes,Yes,Yes
9592-ERDKV,37,One year,DSL,Yes,Yes,Yes,No,Yes,No,Yes,Yes
2860-RANUS,20,Month-to-month,Fiber optic,Yes,Yes,No,No,No,No,No,Yes
5261-QSHQM,4,Month-to-month,DSL,No,No phone service,No,No,No,No,No,No
4778-IZARL,63,Two year,Fiber optic,Yes,No,Yes,Yes,Yes,Yes,Yes,Yes
0432-CAJZV,3,Month-to-month,Fiber optic,Yes,No,No,No,No,No,Yes,Yes
7008-LZVOZ,66,Two year,No,Yes,Yes,No internet service,No internet service,No internet service,No internet service,No internet service,No internet service
8868-WOZGU,28,Month-to-month,Fiber optic,Yes,Yes,No,Yes,Yes,No,Yes,Yes
1200-TUZHR,8,Month-to-month,Fiber optic,Yes,Yes,No,No,No,No,No,Yes
9365-CSLBQ,71,Two year,No,Yes,Yes,No internet service,No internet service,No internet service,No internet service,No internet service,No internet service
1334-FJSVR,1,Month-to-month,DSL,No,No phone service,No,No,No,No,No,No
5884-FBCTL,72,Two year,No,Yes,Yes,No internet service,No internet service,No internet service,No internet service,No internet service,No internet service
7130-CTCUS,16,Month-to-month,DSL,Yes,No,Yes,Yes,No,No,No,No
6242-FEGFD,66,Two year,Fiber optic,Yes,Yes,Yes,Yes,Yes,Yes,No,No
7625-XCQRH,11,Month-to-month,Fiber optic,Yes,Yes,No,No,No,No,No,No
6194-HBGQN,51,One year,DSL,Yes,Yes,Yes,Yes,Yes,Yes,Yes,No
7634-WSWDB,8,Month-to-month,DSL,No,No phone service,Yes,No,No,No,No,Yes
6986-IXNDM,14,Month-to-month,Fiber optic,Yes,No,No,No,No,No,Yes,Yes
1731-TVIUK,4,Month-to-month,Fiber optic,Yes,Yes,No,Yes,No,Yes,No,Yes
2987-BJXIK,70,Two year,DSL,Yes,Yes,Yes,Yes,Yes,No,Yes,Yes
9769-TSBZE,70,Two year,DSL,Yes,Yes,Yes,Yes,No,Yes,No,No
0406-BPDVR,54,One year,Fiber optic,Yes,Yes,No,Yes,No,No,Yes,Yes
0618-XWMSS,28,Month-to-month,Fiber optic,Yes,No,Yes,No,No,No,No,No
1395-WSWXR,24,Two year,No,Yes,No,No internet service,No internet service,No internet service,No internet service,No internet service,No internet service
6023-GSSXW,69,Two year,DSL,Yes,No,No,Yes,No,No,No,Yes
6752-APNJL,42,Month-to-month,DSL,Yes,No,Yes,Yes,No,No,No,No
5276-KQWHG,2,Month-to-month,Fiber optic,Yes,No,No,No,No,No,No,No
0420-HLGXF,39,Month-to-month,Fiber optic,Yes,Yes,No,No,Yes,No,Yes,Yes
7446-KQISO,45,Two year,Fiber optic,Yes,Yes,No,Yes,Yes,Yes,Yes,Yes
9823-EALYC,72,Two year,DSL,Yes,Yes,Yes,Yes,Yes,Yes,Yes,No
0582-AVCLN,38,Two year,No,Yes,No,No internet service,No internet service,No internet service,No internet service,No internet service,No internet service
5803-NQJZO,72,Two year,DSL,Yes,Yes,Yes,Yes,Yes,Yes,No,No
2565-JSLRY,1,Month-to-month,No,Yes,Yes,No internet service,No internet service,No internet service,No internet service,No internet service,No internet service
2607-DHDAK,72,Two year,No,Yes,No,No internet service,No internet service,No internet service,No internet service,No internet service,No internet service
1073-XXCZD,55,Two year,No,Yes,Yes,No internet service,No internet service,No internet service,No internet service,No internet service,No internet service
0743-HRVFF,51,One year,DSL,No,No phone service,No,No,Yes,Yes,Yes,Yes
4006-HKYHO,63,Two year,DSL,Yes,No,Yes,Yes,Yes,Yes,Yes,Yes
3727-JEZTU,1,Month-to-month,No,Yes,No,No internet service,No internet service,No internet service,No internet service,No internet service,No internet service
8143-ETQTI,23,Two year,No,Yes,No,No internet service,No internet service,No internet service,No internet service,No internet service,No internet service
6689-KXGBO,1,Month-to-month,DSL,Yes,No,No,Yes,No,No,No,No
9667-TKTVZ,2,Month-to-month,DSL,Yes,Yes,No,No,No,Yes,No,No
3657-COGMW,52,Month-to-month,Fiber optic,Yes,Yes,Yes,Yes,Yes,No,Yes,Yes
8570-KLJYJ,36,One year,DSL,Yes,Yes,Yes,No,No,No,No,No
7754-IXRMC,1,Month-to-month,DSL,Yes,No,No,No,No,No,No,No
9473-CBZOP,28,One year,DSL,Yes,Yes,Yes,No,Yes,No,No,No
2969-WGHQO,7,One year,DSL,Yes,No,Yes,Yes,Yes,No,Yes,No
6615-NGGZJ,14,Month-to-month,Fiber optic,Yes,Yes,No,Yes,No,No,Yes,Yes
4334-HOWRP,72,Two year,DSL,No,No phone service,Yes,Yes,Yes,Yes,Yes,Yes
4255-DDUOU,1,Month-to-month,No,Yes,No,No internet service,No internet service,No internet service,No internet service,No internet service,No internet service
5863-OOKCL,10,Month-to-month,No,Yes,No,No internet service,No internet service,No internet service,No internet service,No internet service,No internet service
1686-STUHN,42,One year,No,Yes,No,No internet service,No internet service,No internet service,No internet service,No internet service,No internet service
1329-VHWNP,7,Month-to-month,DSL,No,No phone service,No,No,No,No,No,No
2984-MIIZL,4,Month-to-month,Fiber optic,Yes,No,No,No,Yes,No,No,No
0266-GMEAO,72,Two year,Fiber optic,Yes,Yes,Yes,Yes,Yes,Yes,Yes,Yes
5590-YRFJT,20,Month-to-month,DSL,No,No phone service,No,No,No,No,No,No
5574-NXZIU,63,Two year,Fiber optic,Yes,No,Yes,Yes,Yes,Yes,Yes,Yes
0019-GFNTW,56,Two year,DSL,No,No phone service,Yes,Yes,Yes,Yes,No,No
4256-ZWTZI,5,Month-to-month,DSL,Yes,No,No,No,No,Yes,No,No
8309-PPCED,72,Two year,Fiber optic,Yes,Yes,No,Yes,Yes,Yes,Yes,Yes
4098-NAUKP,68,Month-to-month,Fiber optic,Yes,Yes,No,Yes,Yes,No,No,No
5196-WPYOW,67,One year,DSL,Yes,No,Yes,Yes,No,Yes,No,No
4608-LCIMN,8,Month-to-month,DSL,Yes,No,No,No,No,No,No,No
1485-YDHMM,52,Month-to-month,Fiber optic,Yes,Yes,No,Yes,No,Yes,No,Yes
4054-CUMIA,18,Month-to-month,No,Yes,No,No internet service,No internet service,No internet service,No internet service,No internet service,No internet service
0603-TPMIB,59,Two year,No,Yes,Yes,No internet service,No internet service,No internet service,No internet service,No internet service,No internet service
2525-GVKQU,60,Two year,No,Yes,No,No internet service,No internet service,No internet service,No internet service,No internet service,No internet service
8161-QYMTT,7,Month-to-month,Fiber optic,Yes,Yes,No,No,No,No,Yes,Yes
9581-GVBXT,59,One year,DSL,No,No phone service,Yes,No,Yes,No,No,No
5862-BRIXZ,46,Two year,DSL,No,No phone service,Yes,No,Yes,Yes,Yes,Yes
5404-GGUKR,5,Month-to-month,DSL,Yes,No,No,Yes,No,No,No,No
3308-JSGML,59,Two year,DSL,No,No phone service,Yes,No,Yes,Yes,Yes,Yes
2126-GSEGL,70,Two year,DSL,Yes,Yes,No,Yes,Yes,Yes,Yes,Yes
3677-TNKIO,14,Month-to-month,Fiber optic,Yes,No,No,No,No,No,No,No
0440-QEXBZ,44,Month-to-month,DSL,Yes,Yes,No,No,No,No,No,No
2434-EEVDB,64,Two year,Fiber optic,Yes,Yes,Yes,No,Yes,No,Yes,No
6762-QVYJO,58,Two year,DSL,No,No phone service,Yes,No,Yes,Yes,Yes,Yes
6199-IWKGC,46,One year,Fiber optic,Yes,Yes,No,No,No,Yes,Yes,Yes
2675-DHUTR,58,Month-to-month,Fiber optic,Yes,Yes,No,Yes,No,No,Yes,Yes
8152-VETUR,72,Two year,Fiber optic,Yes,Yes,No,Yes,No,No,Yes,Yes
9667-EQRXU,30,Month-to-month,DSL,No,No phone service,No,No,Yes,No,Yes,No
7446-YPODE,11,Month-to-month,DSL,Yes,Yes,Yes,Yes,No,No,No,No
9522-BNTHX,34,Month-to-month,DSL,No,No phone service,No,Yes,Yes,No,Yes,Yes
4676-WLUHT,54,Two year,DSL,No,No phone service,Yes,Yes,No,No,No,Yes
3329-WDIOK,3,Month-to-month,DSL,No,No phone service,No,Yes,No,No,Yes,Yes
7980-MHFLQ,72,Two year,No,Yes,Yes,No internet service,No internet service,No internet service,No internet service,No internet service,No internet service
2873-ZLIWT,40,Month-to-month,Fiber optic,Yes,Yes,No,No,Yes,Yes,No,No
3415-TAILE,2,Month-to-month,DSL,Yes,No,No,No,No,No,Yes,Yes
0757-WCUUZ,54,Two year,DSL,Yes,Yes,No,No,Yes,No,No,Yes
1629-DQQVB,14,Month-to-month,DSL,Yes,No,Yes,No,No,No,No,No
1915-IOFGU,1,Month-to-month,Fiber optic,Yes,No,No,No,No,No,No,No
3045-XETSH,10,Month-to-month,Fiber optic,Yes,Yes,No,Yes,Yes,No,No,Yes
0374-AACSZ,1,Month-to-month,DSL,Yes,No,Yes,No,No,No,No,No
7239-HZZCX,1,Month-to-month,No,Yes,No,No internet service,No internet service,No internet service,No internet service,No internet service,No internet service
4872-VXRIL,56,One year,DSL,Yes,Yes,Yes,Yes,No,Yes,No,No
9140-CZQZZ,68,Two year,DSL,Yes,No,Yes,Yes,No,Yes,Yes,Yes
3423-HHXAO,14,One year,No,Yes,No,No internet service,No internet service,No internet service,No internet service,No internet service,No internet service
9938-TKDGL,68,Two year,Fiber optic,Yes,No,Yes,No,No,Yes,Yes,Yes
0531-ZZJWQ,55,Month-to-month,Fiber optic,Yes,Yes,No,No,No,No,No,No
6537-QLGEX,16,Month-to-month,DSL,No,No phone service,Yes,No,No,No,Yes,No
2688-BHGOG,9,Month-to-month,Fiber optic,Yes,No,No,No,No,No,No,Yes
7683-CBDKJ,14,Month-to-month,DSL,Yes,No,Yes,Yes,No,No,Yes,No
0946-CLJTI,58,Month-to-month,Fiber optic,Yes,Yes,No,No,Yes,No,Yes,Yes
3160-TYXLT,53,Month-to-month,DSL,No,No phone service,Yes,Yes,No,No,No,Yes
1325-USMEC,70,Two year,Fiber optic,Yes,Yes,Yes,Yes,Yes,No,Yes,No
0916-QOFDP,14,Month-to-month,Fiber optic,Yes,Yes,No,No,No,No,Yes,Yes
0628-CNQRM,22,One year,DSL,Yes,No,Yes,No,Yes,Yes,Yes,No
5606-AMZBO,10,Month-to-month,Fiber optic,Yes,Yes,Yes,No,No,No,No,No
6199-IPCAO,29,Two year,No,Yes,Yes,No internet service,No internet service,No internet service,No internet service,No internet service,No internet service
7665-TOALD,1,Month-to-month,Fiber optic,Yes,No,No,No,No,No,No,No
0112-QWPNC,49,One year,DSL,Yes,Yes,Yes,No,Yes,Yes,Yes,Yes
0324-BRPCJ,68,Month-to-month,Fiber optic,Yes,Yes,No,Yes,No,No,Yes,Yes
2777-PHDEI,1,Month-to-month,Fiber optic,Yes,No,No,No,No,No,Yes,No
5640-CAXOA,30,One year,DSL,No,No phone service,No,No,No,Yes,No,Yes
2235-EZAIK,72,Two year,DSL,Yes,Yes,Yes,Yes,Yes,Yes,Yes,No
3847-BAERP,10,Month-to-month,No,Yes,No,No internet service,No internet service,No internet service,No internet service,No internet service,No internet service
1196-AMORA,7,Month-to-month,Fiber optic,Yes,Yes,No,No,No,No,No,No
4282-YMKNA,9,Month-to-month,Fiber optic,Yes,Yes,No,No,No,No,No,No
1453-RZFON,1,Month-to-month,DSL,Yes,No,Yes,No,No,No,No,No
8263-OKETD,20,Month-to-month,DSL,Yes,Yes,No,Yes,No,Yes,No,Yes
0670-KDOMA,1,Month-to-month,No,Yes,No,No internet service,No internet service,No internet service,No internet service,No internet service,No internet service
2476-YGEFM,29,Month-to-month,Fiber optic,Yes,Yes,No,No,No,No,No,No
8687-BAFGU,1,Month-to-month,Fiber optic,Yes,No,No,No,No,Yes,No,No
0641-EVBOJ,3,Month-to-month,Fiber optic,Yes,No,Yes,No,No,Yes,No,No
0829-XXPLX,20,Month-to-month,Fiber optic,Yes,No,Yes,No,Yes,No,Yes,No
9974-JFBHQ,64,Month-to-month,Fiber optic,Yes,No,No,Yes,No,Yes,Yes,Yes
5356-RHIPP,1,Month-to-month,No,Yes,No,No internet service,No internet service,No internet service,No internet service,No internet service,No internet service
6624-JDRDS,6,Month-to-month,DSL,No,No phone service,Yes,No,No,No,No,No
0608-JDVEC,50,Two year,No,Yes,No,No internet service,No internet service,No internet service,No internet service,No internet service,No internet service
9780-FKVVF,6,Month-to-month,DSL,Yes,No,Yes,No,No,No,No,Yes
1919-RTPQD,7,Month-to-month,DSL,Yes,No,No,No,No,No,No,No
5214-NLTIT,72,Two year,Fiber optic,Yes,Yes,No,No,Yes,No,No,Yes
3345-PBBFH,8,Month-to-month,DSL,Yes,No,No,Yes,No,No,No,No
5055-BRMNE,67,Two year,Fiber optic,Yes,Yes,Yes,No,No,Yes,Yes,Yes
9189-JWSHV,24,Month-to-month,Fiber optic,Yes,Yes,No,No,No,No,Yes,Yes
2190-PHBHR,72,Two year,Fiber optic,Yes,Yes,Yes,Yes,No,No,No,Yes
2650-GYRYL,33,One year,No,Yes,No,No internet service,No internet service,No internet service,No internet service,No internet service,No internet service
0746-JTRFU,2,Month-to-month,DSL,No,No phone service,No,No,No,No,No,No
5208-FVQKB,70,Two year,DSL,Yes,No,Yes,Yes,No,Yes,No,Yes
7184-LRUUR,22,One year,DSL,Yes,No,No,Yes,Yes,No,Yes,No
6627-CFOSN,59,Month-to-month,Fiber optic,Yes,Yes,Yes,Yes,Yes,No,No,Yes
3982-JGSFD,36,One year,No,Yes,No,No internet service,No internet service,No internet service,No internet service,No internet service,No internet service
1574-DYCWE,51,Two year,No,Yes,No,No internet service,No internet service,No internet service,No internet service,No internet service,No internet service
7247-XOZPB,53,One year,DSL,Yes,Yes,Yes,No,Yes,Yes,Yes,No
2466-FCCPT,20,One year,No,Yes,No,No internet service,No internet service,No internet service,No internet service,No internet service,No internet service
6211-WWLTF,63,Two year,Fiber optic,Yes,No,Yes,No,Yes,No,Yes,Yes
4826-TZEVA,40,Month-to-month,Fiber optic,Yes,No,No,Yes,No,No,No,No
6016-NXBNJ,35,One year,No,Yes,No,No internet service,No internet service,No internet service,No internet service,No internet service,No internet service
9138-EFSMO,26,One year,Fiber optic,Yes,No,No,No,No,No,No,Yes
0576-WNXXC,27,Month-to-month,Fiber optic,Yes,Yes,No,Yes,Yes,No,No,Yes
4632-XJMEX,53,One year,DSL,Yes,No,Yes,Yes,No,Yes,No,No
8910-LEDAG,34,Month-to-month,Fiber optic,Yes,No,No,No,No,No,No,No
3452-GWUIN,19,Month-to-month,Fiber optic,Yes,Yes,No,No,No,No,Yes,Yes
2716-GFZOR,43,Month-to-month,Fiber optic,Yes,No,Yes,Yes,Yes,No,No,No
3724-UCSHY,6,Month-to-month,No,Yes,No,No internet service,No internet service,No internet service,No internet service,No internet service,No internet service
8626-XHBIE,56,Two year,No,Yes,Yes,No internet service,No internet service,No internet service,No internet service,No internet service,No internet service
4628-CTTLA,57,Month-to-month,DSL,No,No phone service,No,Yes,No,No,Yes,No
3192-LNKRK,34,Month-to-month,Fiber optic,Yes,No,No,No,Yes,No,Yes,No
4439-YRNVD,10,Month-to-month,DSL,No,No phone service,No,Yes,No,Yes,No,No
2876-VBBBL,1,Month-to-month,No,Yes,No,No internet service,No internet service,No internet service,No internet service,No internet service,No internet service
6834-NXDCA,13,Month-to-month,DSL,No,No phone service,No,No,No,No,No,No
2208-UGTGR,56,Month-to-month,Fiber optic,Yes,Yes,No,Yes,No,No,Yes,Yes
3005-TYFRD,55,Month-to-month,Fiber optic,Yes,Yes,No,Yes,Yes,No,Yes,Yes
8670-MEFCP,36,Two year,DSL,Yes,Yes,Yes,Yes,Yes,Yes,Yes,Yes
3079-BCHLN,47,One year,No,Yes,No,No internet service,No internet service,No internet service,No internet service,No internet service,No internet service
7777-UNYHB,12,Month-to-month,No,Yes,No,No internet service,No internet service,No internet service,No internet service,No internet service,No internet service
5597-GLBUC,1,Month-to-month,Fiber optic,Yes,No,No,No,Yes,No,Yes,No
7278-CKDNC,24,Month-to-month,Fiber optic,Yes,Yes,No,Yes,No,No,No,No
2748-MYRVK,63,One year,Fiber optic,Yes,Yes,No,Yes,No,No,Yes,Yes
8450-UYIBU,35,Month-to-month,DSL,No,No phone service,No,No,Yes,No,Yes,No
2969-VAPYH,67,One year,DSL,Yes,No,Yes,Yes,No,Yes,No,No
4822-YCXMX,25,Month-to-month,Fiber optic,Yes,Yes,No,No,No,No,No,Yes
7181-OQCUT,21,Month-to-month,Fiber optic,Yes,Yes,Yes,No,Yes,No,Yes,Yes
8474-UMLNT,13,Month-to-month,DSL,Yes,No,Yes,Yes,No,Yes,No,Yes
9821-POOTN,35,Month-to-month,Fiber optic,Yes,Yes,No,No,No,No,No,No
3836-FZSDJ,71,Two year,No,Yes,Yes,No internet service,No internet service,No internet service,No internet service,No internet service,No internet service
9142-XMYJH,29,Month-to-month,No,Yes,No,No internet service,No internet service,No internet service,No internet service,No internet service,No internet service
6559-ILWKJ,71,Two year,DSL,No,No phone service,No,Yes,No,No,Yes,Yes
0187-QSXOE,7,Month-to-month,Fiber optic,Yes,No,No,No,No,No,Yes,Yes
7733-UDMTP,57,Month-to-month,DSL,No,No phone service,No,Yes,Yes,No,Yes,Yes
2649-HWLYB,65,Two year,DSL,Yes,Yes,Yes,No,Yes,Yes,No,Yes
5214-CHIWJ,27,One year,No,Yes,No,No internet service,No internet service,No internet service,No internet service,No internet service,No internet service
4229-CZMLL,6,Month-to-month,Fiber optic,Yes,Yes,No,No,No,No,No,No
6904-JLBGY,72,Two year,Fiber optic,Yes,Yes,Yes,Yes,Yes,Yes,Yes,Yes
2465-BLLEU,1,Month-to-month,No,Yes,No,No internet service,No internet service,No internet service,No internet service,No internet service,No internet service
1685-VAYJF,11,Month-to-month,DSL,Yes,No,No,No,No,No,No,No
8874-EJNSR,39,Two year,No,Yes,Yes,No internet service,No internet service,No internet service,No internet service,No internet service,No internet service
6917-YACBP,59,Month-to-month,Fiber optic,Yes,Yes,Yes,Yes,Yes,No,No,No
5049-MUBWG,26,One year,DSL,Yes,No,Yes,No,No,Yes,Yes,Yes
4223-WOZCM,2,Month-to-month,DSL,Yes,No,No,No,Yes,No,No,No
0769-MURVM,72,Two year,DSL,No,No phone service,Yes,Yes,Yes,Yes,Yes,Yes
9253-VIFJQ,65,One year,DSL,Yes,Yes,Yes,Yes,Yes,No,No,No
7030-FZTFM,72,Two year,Fiber optic,Yes,Yes,No,Yes,Yes,Yes,Yes,Yes
9741-YLNTD,6,Month-to-month,Fiber optic,Yes,Yes,No,No,No,Yes,No,Yes
5917-RYRMG,32,One year,No,Yes,No,No internet service,No internet service,No internet service,No internet service,No internet service,No internet service
5120-ZBLAI,50,One year,DSL,Yes,Yes,No,No,Yes,No,Yes,Yes
1194-BHJYC,61,Two year,DSL,No,No phone service,Yes,No,Yes,Yes,Yes,Yes
3663-MITLP,15,Month-to-month,Fiber optic,Yes,No,No,Yes,Yes,No,Yes,Yes
0906-QVPMS,72,Two year,Fiber optic,Yes,Yes,Yes,Yes,Yes,Yes,Yes,Yes
9025-ZRPVR,9,Month-to-month,No,Yes,No,No internet service,No internet service,No internet service,No internet service,No internet service,No internet service
1905-OEILC,1,Month-to-month,No,Yes,No,No internet service,No internet service,No internet service,No internet service,No internet service,No internet service
7858-GTZSP,12,Month-to-month,Fiber optic,Yes,Yes,No,No,No,No,No,Yes
3285-UCQVC,37,Month-to-month,DSL,No,No phone service,No,No,No,Yes,No,No
6248-BSHKG,61,One year,No,Yes,No,No internet service,No internet service,No internet service,No internet service,No internet service,No internet service
4685-TFLLS,18,One year,No,Yes,No,No internet service,No internet service,No internet service,No internet service,No internet service,No internet service
3470-BTGQO,21,Month-to-month,DSL,Yes,No,No,No,No,No,No,No
1209-VFFOC,68,Two year,DSL,No,No phone service,Yes,Yes,Yes,Yes,No,Yes
8224-DWCKX,12,Month-to-month,Fiber optic,Yes,Yes,No,No,No,No,No,No
5482-PLVPE,2,Month-to-month,DSL,No,No phone service,No,No,No,No,No,No
4553-DVPZG,62,Month-to-month,Fiber optic,Yes,Yes,No,No,Yes,No,Yes,Yes
4902-OHLSK,29,Month-to-month,Fiber optic,Yes,Yes,No,No,No,Yes,Yes,Yes
6917-IAYHD,1,Month-to-month,DSL,No,No phone service,No,Yes,No,Yes,No,No
0495-ZBNGW,5,Month-to-month,Fiber optic,Yes,Yes,No,No,Yes,No,No,No
8620-RJPZN,1,Month-to-month,No,Yes,No,No internet service,No internet service,No internet service,No internet service,No internet service,No internet service
7572-KPVKK,62,Two year,Fiber optic,Yes,Yes,No,No,Yes,Yes,Yes,Yes
2642-MAWLJ,36,Two year,No,Yes,No,No internet service,No internet service,No internet service,No internet service,No internet service,No internet service
2357-COQEK,28,Month-to-month,Fiber optic,Yes,Yes,No,No,Yes,Yes,Yes,Yes
7103-ZGVNT,69,One year,DSL,Yes,Yes,Yes,Yes,No,Yes,Yes,No
3737-GCSPV,11,Month-to-month,Fiber optic,Yes,Yes,Yes,No,No,Yes,Yes,No
2027-WKXMW,63,Month-to-month,Fiber optic,Yes,Yes,No,Yes,Yes,Yes,Yes,Yes
7137-NAXML,23,One year,No,Yes,No,No internet service,No internet service,No internet service,No internet service,No internet service,No internet service
2428-ZMCTB,10,Month-to-month,No,Yes,No,No internet service,No internet service,No internet service,No internet service,No internet service,No internet service
2961-VNFKL,71,Two year,No,Yes,Yes,No internet service,No internet service,No internet service,No internet service,No internet service,No internet service
1768-HNVGJ,45,Month-to-month,DSL,Yes,Yes,Yes,No,No,Yes,No,Yes
6963-KQYQB,70,Two year,No,Yes,Yes,No internet service,No internet service,No internet service,No internet service,No internet service,No internet service
5934-RMPOV,22,Month-to-month,Fiber optic,Yes,Yes,No,No,No,No,No,Yes
1207-BLKSA,52,Two year,No,Yes,Yes,No internet service,No internet service,No internet service,No internet service,No internet service,No internet service
4088-YLDSU,55,One year,Fiber optic,Yes,Yes,No,No,Yes,Yes,Yes,Yes
8316-BBQAY,65,Two year,DSL,No,No phone service,Yes,No,Yes,Yes,Yes,Yes
1166-PQLGG,72,Two year,No,Yes,No,No internet service,No internet service,No internet service,No internet service,No internet service,No internet service
3146-JTQHR,10,One year,No,Yes,No,No internet service,No internet service,No internet service,No internet service,No internet service,No internet service
4291-YZODP,7,One year,No,Yes,No,No internet service,No internet service,No internet service,No internet service,No internet service,No internet service
4395-PZMSN,5,Month-to-month,Fiber optic,Yes,No,No,Yes,No,No,No,Yes
6427-FEFIG,24,Two year,DSL,Yes,Yes,Yes,No,Yes,No,Yes,Yes
0017-IUDMW,72,Two year,Fiber optic,Yes,Yes,Yes,Yes,Yes,Yes,Yes,Yes
8706-HRADD,21,Month-to-month,DSL,No,No phone service,Yes,No,No,Yes,Yes,No
9955-QOPOY,69,One year,DSL,No,No phone service,No,Yes,Yes,Yes,Yes,Yes
4385-ZKVNW,44,Month-to-month,DSL,Yes,No,No,Yes,No,Yes,No,No
5446-DKWYW,61,One year,DSL,Yes,Yes,No,No,Yes,No,Yes,No
2034-CGRHZ,24,Month-to-month,Fiber optic,Yes,Yes,No,Yes,Yes,No,Yes,Yes
5797-APWZC,1,Month-to-month,Fiber optic,Yes,No,No,No,No,No,Yes,Yes
3683-QKIUE,6,Month-to-month,DSL,Yes,No,No,No,No,Yes,No,No
4228-ZGYUW,4,Month-to-month,Fiber optic,Yes,Yes,No,Yes,No,No,No,Yes
9031-ZVQPT,72,Two year,Fiber optic,Yes,Yes,No,Yes,Yes,Yes,Yes,Yes
2990-IAJSV,72,Two year,DSL,Yes,Yes,Yes,Yes,Yes,Yes,Yes,Yes
8107-KNCIM,14,Month-to-month,Fiber optic,Yes,Yes,No,No,No,No,No,No
9027-YFHQJ,7,Month-to-month,No,Yes,Yes,No internet service,No internet service,No internet service,No internet service,No internet service,No internet service
5176-LDKUH,48,One year,Fiber optic,Yes,No,No,Yes,No,No,No,No
4644-OBGFZ,55,One year,No,Yes,No,No internet service,No internet service,No internet service,No internet service,No internet service,No internet service
7926-IJOOU,1,Month-to-month,No,Yes,No,No internet service,No internet service,No internet service,No internet service,No internet service,No internet service
6480-YAGIY,45,One year,Fiber optic,Yes,No,Yes,Yes,Yes,Yes,Yes,Yes
4029-HPFVY,3,Month-to-month,Fiber optic,Yes,No,No,No,No,No,No,No
7602-DBTOU,71,Two year,No,Yes,No,No internet service,No internet service,No internet service,No internet service,No internet service,No internet service
5345-BMKWB,8,Month-to-month,No,Yes,No,No internet service,No internet service,No internet service,No internet service,No internet service,No internet service
3519-ZKXGG,3,Month-to-month,Fiber optic,Yes,Yes,No,No,No,No,No,No
5457-COLHT,69,Two year,DSL,Yes,No,Yes,Yes,No,Yes,Yes,Yes
6416-TVAIH,1,Month-to-month,Fiber optic,Yes,No,No,No,No,No,No,No
5451-YHYPW,72,Two year,Fiber optic,Yes,Yes,Yes,Yes,Yes,Yes,Yes,Yes
5108-ADXWO,11,Month-to-month,Fiber optic,Yes,No,Yes,No,No,No,No,No
7998-WNZEM,71,Two year,DSL,Yes,Yes,Yes,Yes,Yes,Yes,No,Yes
3066-RRJIO,1,Month-to-month,Fiber optic,Yes,No,No,No,No,No,No,No
4664-NJCMS,33,Two year,DSL,No,No phone service,Yes,No,Yes,Yes,Yes,Yes
0307-BCOPK,16,One year,No,Yes,No,No internet service,No internet service,No internet service,No internet service,No internet service,No internet service
7629-WFGLW,56,One year,Fiber optic,Yes,Yes,Yes,Yes,Yes,Yes,No,No
2542-HYGIQ,1,Month-to-month,No,Yes,No,No internet service,No internet service,No internet service,No internet service,No internet service,No internet service
6715-OFDBP,5,Month-to-month,DSL,Yes,No,No,No,Yes,No,Yes,Yes
5016-LIPDW,57,One year,No,Yes,No,No internet service,No internet service,No internet service,No internet service,No internet service,No internet service
6481-LXPWL,56,One year,DSL,No,No phone service,No,Yes,Yes,No,No,No
1567-DSCIC,8,Month-to-month,Fiber optic,Yes,Yes,No,Yes,Yes,No,Yes,No
2150-UWTFY,22,Month-to-month,DSL,Yes,No,Yes,Yes,Yes,No,No,No
6124-ACRHJ,1,Month-to-month,No,Yes,No,No internet service,No internet service,No internet service,No internet service,No internet service,No internet service
9362-MWODR,40,Month-to-month,DSL,Yes,No,Yes,No,No,Yes,Yes,No
9975-GPKZU,46,Two year,No,Yes,No,No internet service,No internet service,No internet service,No internet service,No internet service,No internet service
9625-RZFUK,63,Two year,No,Yes,No,No internet service,No internet service,No internet service,No internet service,No internet service,No internet service
5153-LXKDT,68,Two year,Fiber optic,Yes,Yes,Yes,Yes,Yes,No,Yes,Yes
5161-UBZXI,69,Two year,Fiber optic,Yes,No,Yes,Yes,No,Yes,Yes,Yes
1020-JPQOW,56,Month-to-month,Fiber optic,Yes,Yes,No,Yes,Yes,Yes,No,No
7919-ZODZZ,10,One year,DSL,Yes,No,No,Yes,Yes,No,No,Yes
0565-JUPYD,63,One year,Fiber optic,Yes,Yes,Yes,Yes,Yes,Yes,Yes,No
6867-ACCZI,24,Two year,DSL,No,No phone service,Yes,Yes,Yes,Yes,No,Yes
5939-XAIXZ,19,Month-to-month,DSL,Yes,Yes,No,No,Yes,No,No,No
9054-FOWNV,22,Month-to-month,Fiber optic,Yes,Yes,No,No,Yes,No,Yes,No
2683-BPJSO,29,Month-to-month,Fiber optic,Yes,Yes,Yes,Yes,No,No,No,No
2157-MXBJS,13,One year,DSL,Yes,Yes,No,No,Yes,No,Yes,Yes
8207-VVMYB,70,Two year,No,Yes,Yes,No internet service,No internet service,No internet service,No internet service,No internet service,No internet service
9732-EQMWY,49,Month-to-month,Fiber optic,Yes,No,No,Yes,Yes,No,Yes,Yes
9360-AHGNL,43,One year,Fiber optic,Yes,Yes,Yes,No,Yes,Yes,Yes,Yes
1087-UDSIH,3,Month-to-month,No,Yes,No,No internet service,No internet service,No internet service,No internet service,No internet service,No internet service
5269-NRGDP,42,One year,DSL,Yes,No,No,No,Yes,Yes,Yes,Yes
6195-MELTI,57,One year,DSL,Yes,No,No,Yes,No,Yes,No,No
5485-WUYWF,2,Month-to-month,DSL,Yes,No,Yes,No,Yes,No,Yes,No
2121-JAFOM,72,Two year,Fiber optic,Yes,Yes,Yes,Yes,Yes,Yes,Yes,Yes
8818-DOPVL,46,Month-to-month,Fiber optic,Yes,Yes,No,Yes,Yes,No,Yes,Yes
2632-UCGVD,66,Month-to-month,Fiber optic,Yes,Yes,No,No,No,Yes,Yes,Yes
5445-PZWGX,62,One year,Fiber optic,Yes,Yes,Yes,Yes,No,Yes,No,Yes
1227-UDMZR,72,Two year,DSL,Yes,Yes,Yes,Yes,Yes,Yes,Yes,Yes
5198-HQAEN,35,One year,Fiber optic,Yes,No,No,Yes,No,Yes,Yes,No
9170-CCKOU,17,Month-to-month,Fiber optic,Yes,Yes,Yes,Yes,Yes,No,No,No
2167-FQSTQ,72,Two year,DSL,Yes,Yes,Yes,Yes,Yes,Yes,Yes,Yes
2819-GWENI,28,One year,No,Yes,No,No internet service,No internet service,No internet service,No internet service,No internet service,No internet service
1043-YCUTE,56,Two year,No,Yes,Yes,No internet service,No internet service,No internet service,No internet service,No internet service,No internet service
3814-MLAXC,31,Month-to-month,Fiber optic,Yes,Yes,No,No,No,Yes,No,No
3572-UUHRS,45,One year,No,Yes,No,No internet service,No internet service,No internet service,No internet service,No internet service,No internet service
2692-PFYTJ,1,Month-to-month,No,Yes,Yes,No internet service,No internet service,No internet service,No internet service,No internet service,No internet service
1226-UDFZR,2,Month-to-month,DSL,Yes,No,No,Yes,No,No,No,No
5955-EPOAZ,6,Month-to-month,No,Yes,No,No internet service,No internet service,No internet service,No internet service,No internet service,No internet service
6821-JPCDC,48,One year,Fiber optic,Yes,No,No,Yes,Yes,No,Yes,Yes
8815-LMFLX,25,Month-to-month,No,Yes,Yes,No internet service,No internet service,No internet service,No internet service,No internet service,No internet service
9135-HSWOC,64,Two year,No,Yes,No,No internet service,No internet service,No internet service,No internet service,No internet service,No internet service
8582-KRHPJ,50,Month-to-month,DSL,No,No phone service,Yes,Yes,No,No,No,No
5811-IWXYM,52,One year,Fiber optic,Yes,Yes,No,No,Yes,No,Yes,Yes
7044-YAACC,4,Month-to-month,Fiber optic,Yes,No,No,No,No,No,No,No
8189-XRIKE,32,Month-to-month,Fiber optic,Yes,No,No,No,No,No,Yes,Yes
1506-YJTYT,45,Two year,DSL,Yes,Yes,Yes,Yes,No,Yes,Yes,No
4123-DVHPH,9,Month-to-month,Fiber optic,Yes,Yes,Yes,No,No,No,No,Yes
6425-YQLLO,66,One year,Fiber optic,Yes,Yes,No,No,Yes,Yes,Yes,Yes
5442-UTCVD,3,Month-to-month,Fiber optic,Yes,Yes,No,No,Yes,No,No,Yes
2228-BZDEE,54,Two year,No,Yes,No,No internet service,No internet service,No internet service,No internet service,No internet service,No internet service
7734-DBOAI,1,Month-to-month,DSL,No,No phone service,No,No,No,Yes,Yes,No
2789-CZANW,64,Two year,Fiber optic,Yes,Yes,Yes,Yes,No,Yes,Yes,Yes
2091-RFFBA,31,Month-to-month,Fiber optic,Yes,Yes,No,No,No,No,No,No
2114-MGINA,14,Month-to-month,Fiber optic,Yes,No,No,No,No,No,Yes,Yes
7596-LDUXP,12,One year,Fiber optic,Yes,No,Yes,No,No,No,Yes,No
3740-RLMVT,67,One year,DSL,Yes,No,Yes,Yes,No,Yes,No,No
4489-SNOJF,35,Month-to-month,DSL,Yes,Yes,Yes,No,Yes,Yes,Yes,No
2192-OZITF,45,Two year,DSL,Yes,Yes,Yes,No,No,Yes,No,Yes
5651-CPDND,10,Month-to-month,DSL,Yes,No,No,No,No,No,No,No
2186-QZEYA,29,Month-to-month,DSL,Yes,Yes,Yes,Yes,No,No,No,No
1131-ALZWV,24,One year,No,Yes,Yes,No internet service,No internet service,No internet service,No internet service,No internet service,No internet service
7729-XBTWX,66,Two year,No,Yes,No,No internet service,No internet service,No internet service,No internet service,No internet service,No internet service
9134-WYRVP,51,One year,Fiber optic,Yes,No,Yes,No,No,No,Yes,No
3284-SVCRO,45,Two year,No,Yes,Yes,No internet service,No internet service,No internet service,No internet service,No internet service,No internet service
9732-OUYRN,49,One year,No,Yes,No,No internet service,No internet service,No internet service,No internet service,No internet service,No internet service
0559-CKHUS,29,Two year,No,Yes,No,No internet service,No internet service,No internet service,No internet service,No internet service,No internet service
2931-SVLTV,40,Month-to-month,Fiber optic,Yes,Yes,Yes,Yes,No,Yes,Yes,Yes
6899-PPEEA,37,Month-to-month,Fiber optic,Yes,Yes,No,No,No,No,Yes,Yes
7504-UWHNB,25,Month-to-month,Fiber optic,Yes,No,No,No,No,No,No,No
2582-FFFZR,22,Month-to-month,DSL,No,No phone service,No,No,Yes,No,Yes,Yes
8908-NMQTX,72,Two year,DSL,No,No phone service,Yes,Yes,Yes,Yes,Yes,Yes
2187-LZGPL,7,Month-to-month,DSL,No,No phone service,No,Yes,No,No,No,Yes
1431-AIDJQ,33,Two year,DSL,Yes,No,No,Yes,Yes,Yes,Yes,Yes
6288-LBEAR,23,Month-to-month,Fiber optic,Yes,No,No,Yes,No,Yes,No,No
4597-NUCQV,24,Month-to-month,Fiber optic,Yes,Yes,No,Yes,No,No,Yes,Yes
9019-QVLZD,1,Month-to-month,Fiber optic,Yes,No,No,No,No,No,Yes,No
8413-YNHNV,69,Two year,DSL,Yes,Yes,Yes,Yes,Yes,Yes,Yes,Yes
5808-TOTXO,3,One year,No,Yes,No,No internet service,No internet service,No internet service,No internet service,No internet service,No internet service
4369-NYSCF,56,One year,DSL,Yes,No,No,Yes,No,Yes,Yes,Yes
6333-YDVLT,65,One year,Fiber optic,Yes,Yes,Yes,No,Yes,Yes,Yes,Yes
5324-KTGCG,71,One year,No,Yes,No,No internet service,No internet service,No internet service,No internet service,No internet service,No internet service
5599-HVLTW,14,Month-to-month,Fiber optic,Yes,Yes,No,No,Yes,No,No,No
7394-LWLYN,2,Month-to-month,Fiber optic,Yes,No,No,No,No,No,No,No
3707-LRWZD,32,One year,Fiber optic,Yes,Yes,No,No,No,No,Yes,No
6873-UDNLD,40,Month-to-month,DSL,Yes,No,Yes,No,Yes,No,No,Yes
2700-LUEVA,1,Month-to-month,No,Yes,No,No internet service,No internet service,No internet service,No internet service,No internet service,No internet service
1455-ESIQH,1,Month-to-month,Fiber optic,Yes,No,No,No,No,No,Yes,Yes
0958-YHXGP,7,Month-to-month,Fiber optic,Yes,No,No,No,No,No,No,No
1101-SSWAG,15,Month-to-month,DSL,Yes,Yes,No,No,No,No,No,No
2979-SXESE,17,Month-to-month,Fiber optic,Yes,Yes,Yes,No,Yes,No,Yes,No
4013-TLDHQ,19,Month-to-month,Fiber optic,Yes,No,No,Yes,Yes,No,No,No
5743-KHMNA,71,Two year,No,Yes,Yes,No internet service,No internet service,No internet service,No internet service,No internet service,No internet service
4194-FJARJ,54,Two year,DSL,Yes,Yes,Yes,No,No,Yes,No,No
5325-UWTWJ,31,Month-to-month,Fiber optic,Yes,Yes,Yes,Yes,No,Yes,No,No
3969-GYXEL,11,Month-to-month,Fiber optic,Yes,No,Yes,No,No,No,No,No
9208-OLGAQ,18,Month-to-month,Fiber optic,Yes,No,No,No,Yes,No,No,Yes
3244-CQPHU,72,Two year,Fiber optic,Yes,Yes,Yes,Yes,No,Yes,Yes,Yes
2674-MLXMN,71,Month-to-month,Fiber optic,Yes,Yes,No,Yes,No,No,Yes,Yes
9708-HPXWZ,5,Month-to-month,DSL,No,No phone service,No,No,Yes,Yes,Yes,No
6992-TKNYO,38,One year,DSL,Yes,Yes,No,No,Yes,Yes,No,Yes
4468-YDOVK,5,Month-to-month,DSL,Yes,No,No,No,No,Yes,No,No
3754-DXMRT,2,Month-to-month,DSL,Yes,No,No,No,No,No,No,No
5792-JALQC,52,Two year,DSL,Yes,Yes,Yes,No,Yes,No,No,No
7130-VTEWQ,8,Month-to-month,Fiber optic,Yes,Yes,No,No,No,No,No,No
2200-DSAAL,68,Two year,DSL,Yes,Yes,No,Yes,Yes,No,Yes,Yes
4302-ZYFEL,69,One year,No,Yes,No,No internet service,No internet service,No internet service,No internet service,No internet service,No internet service
9351-LZYGF,42,Month-to-month,DSL,Yes,Yes,Yes,Yes,No,Yes,No,No
4366-CTOUZ,50,Two year,Fiber optic,Yes,No,No,Yes,No,Yes,Yes,Yes
6121-VZNQB,1,Month-to-month,No,Yes,No,No internet service,No internet service,No internet service,No internet service,No internet service,No internet service
7903-CMPEY,1,Month-to-month,Fiber optic,Yes,Yes,Yes,No,No,No,No,No
1518-OMDIK,33,Month-to-month,DSL,Yes,No,No,No,No,No,No,No
6671-NGWON,7,Month-to-month,No,Yes,No,No internet service,No internet service,No internet service,No internet service,No internet service,No internet service
0595-ITUDF,64,Month-to-month,Fiber optic,Yes,Yes,Yes,Yes,Yes,No,No,No
6996-KNSML,1,Month-to-month,Fiber optic,Yes,No,No,No,Yes,No,No,No
1955-IBMMB,59,Two year,No,Yes,No,No internet service,No internet service,No internet service,No internet service,No internet service,No internet service
0096-BXERS,6,Month-to-month,DSL,Yes,Yes,No,No,No,No,No,No
3806-YAZOV,3,Month-to-month,No,Yes,No,No internet service,No internet service,No internet service,No internet service,No internet service,No internet service
7998-ZLXWN,15,Month-to-month,No,Yes,No,No internet service,No internet service,No internet service,No internet service,No internet service,No internet service
6253-WRFHY,13,One year,DSL,Yes,No,No,No,No,No,Yes,Yes
9133-AYJZG,23,Month-to-month,Fiber optic,Yes,Yes,No,Yes,No,No,Yes,Yes
2675-OTVVJ,31,Month-to-month,Fiber optic,Yes,Yes,Yes,No,No,No,Yes,No
8680-CGLTP,29,One year,DSL,Yes,No,Yes,Yes,No,Yes,No,No
8430-TWCBX,49,One year,No,Yes,No,No internet service,No internet service,No internet service,No internet service,No internet service,No internet service
5018-GWURO,56,Month-to-month,Fiber optic,Yes,Yes,No,No,No,No,Yes,No
6741-QRLUP,63,Two year,DSL,Yes,Yes,Yes,Yes,Yes,Yes,No,Yes
4737-HOBAX,63,Two year,DSL,Yes,Yes,No,No,Yes,Yes,Yes,Yes
0537-QYZZN,24,Month-to-month,Fiber optic,Yes,Yes,Yes,No,No,No,No,No
3340-QBBFM,36,One year,DSL,Yes,No,No,No,Yes,Yes,No,No
1704-NRWYE,9,Month-to-month,Fiber optic,Yes,No,No,No,No,No,Yes,No
2592-SEIFQ,3,Month-to-month,DSL,No,No phone service,No,No,No,No,No,No
8200-KLNYW,21,One year,DSL,Yes,No,Yes,No,Yes,Yes,Yes,Yes
3372-CDXFJ,13,One year,No,Yes,Yes,No internet service,No internet service,No internet service,No internet service,No internet service,No internet service
4781-ZXYGU,1,Month-to-month,No,Yes,No,No internet service,No internet service,No internet service,No internet service,No internet service,No internet service
7632-YUTXB,25,One year,No,Yes,No,No internet service,No internet service,No internet service,No internet service,No internet service,No internet service
2718-YSKCS,71,Two year,No,Yes,No,No internet service,No internet service,No internet service,No internet service,No internet service,No internet service
9896-UYMIE,66,One year,Fiber optic,Yes,Yes,Yes,Yes,Yes,Yes,Yes,Yes
0853-NWIFK,45,One year,Fiber optic,Yes,No,Yes,Yes,No,No,Yes,Yes
8212-CRQXP,22,Month-to-month,Fiber optic,Yes,No,No,No,No,No,Yes,No
6980-CDGFC,67,One year,No,Yes,No,No internet service,No internet service,No internet service,No internet service,No internet service,No internet service
7691-XVTZH,68,Two year,Fiber optic,Yes,Yes,No,No,Yes,No,Yes,No
2520-SGTTA,0,Two year,No,Yes,No,No internet service,No internet service,No internet service,No internet service,No internet service,No internet service
7481-ATQQS,49,Month-to-month,Fiber optic,Yes,Yes,No,No,Yes,No,No,Yes
2277-VWCNI,4,Month-to-month,DSL,Yes,Yes,No,No,No,No,No,No
1088-CNNKB,63,One year,DSL,Yes,Yes,Yes,Yes,Yes,Yes,No,Yes
8642-GVWRF,2,Month-to-month,Fiber optic,Yes,No,No,Yes,Yes,No,No,No
1930-BZLHI,21,One year,No,Yes,No,No internet service,No internet service,No internet service,No internet service,No internet service,No internet service
3400-ESFUW,55,Two year,DSL,Yes,No,Yes,Yes,No,Yes,No,No
5868-YTYKS,1,Month-to-month,No,Yes,No,No internet service,No internet service,No internet service,No internet service,No internet service,No internet service
3525-DVKFN,17,Two year,No,Yes,No,No internet service,No internet service,No internet service,No internet service,No internet service,No internet service
1482-OXZSY,30,Month-to-month,Fiber optic,Yes,Yes,Yes,No,No,No,Yes,Yes
0377-JBKKT,22,Month-to-month,DSL,Yes,No,Yes,Yes,No,Yes,No,No
5778-BVOFB,9,Month-to-month,DSL,Yes,No,No,No,No,Yes,Yes,No
3373-YZZYM,1,Month-to-month,No,Yes,No,No internet service,No internet service,No internet service,No internet service,No internet service,No internet service
2057-ZBLPD,21,Month-to-month,Fiber optic,Yes,Yes,No,No,No,No,No,Yes
0228-MAUWC,19,Month-to-month,DSL,Yes,Yes,No,No,Yes,Yes,No,No
5502-RLUYV,69,Month-to-month,Fiber optic,Yes,Yes,No,Yes,Yes,No,Yes,Yes
0023-HGHWL,1,Month-to-month,DSL,No,No phone service,No,No,No,No,No,No
7663-YJHSN,72,Two year,Fiber optic,Yes,Yes,Yes,Yes,Yes,Yes,Yes,No
4915-BFSXL,70,Two year,DSL,Yes,Yes,Yes,No,Yes,No,Yes,No
3086-RUCRN,66,Month-to-month,Fiber optic,Yes,Yes,Yes,Yes,Yes,Yes,No,Yes
5215-LNLDJ,7,Month-to-month,DSL,No,No phone service,No,No,No,No,No,No
7576-JMYWV,46,Month-to-month,Fiber optic,Yes,Yes,Yes,Yes,No,Yes,Yes,Yes
9039-RBEEE,39,Month-to-month,DSL,No,No phone service,Yes,Yes,No,Yes,Yes,No
0257-KXZGU,32,Month-to-month,DSL,Yes,Yes,No,Yes,Yes,No,No,No
1307-ATKGB,24,Month-to-month,Fiber optic,Yes,No,No,Yes,Yes,No,No,Yes
8417-FMLZI,6,Month-to-month,Fiber optic,Yes,No,No,Yes,No,No,No,Yes
3714-XPXBW,37,Month-to-month,DSL,Yes,Yes,Yes,Yes,Yes,Yes,Yes,No
1850-AKQEP,8,Month-to-month,No,Yes,No,No internet service,No internet service,No internet service,No internet service,No internet service,No internet service
2824-DXNKN,72,Two year,DSL,Yes,Yes,Yes,No,Yes,No,Yes,No
5227-JSCFE,71,Two year,DSL,No,No phone service,Yes,Yes,Yes,Yes,No,No
0848-ZGQIJ,16,Month-to-month,Fiber optic,Yes,No,No,Yes,No,No,Yes,Yes
3621-CHYVB,57,Month-to-month,DSL,No,No phone service,Yes,No,Yes,Yes,No,Yes
8042-RNLKO,66,One year,No,Yes,Yes,No internet service,No internet service,No internet service,No internet service,No internet service,No internet service
1792-UXAFY,17,Month-to-month,Fiber optic,Yes,No,No,Yes,Yes,No,Yes,No
5372-FBKBN,21,Month-to-month,No,Yes,No,No internet service,No internet service,No internet service,No internet service,No internet service,No internet service
0420-TXVSG,66,Two year,DSL,Yes,Yes,Yes,Yes,Yes,No,No,No
6217-TOWGS,17,Month-to-month,DSL,Yes,Yes,No,Yes,No,No,Yes,Yes
0515-YPMCW,1,Month-to-month,Fiber optic,Yes,No,No,No,No,No,No,No
0378-XSZPU,58,One year,DSL,Yes,No,Yes,Yes,Yes,No,No,No
1045-LTCYT,8,Month-to-month,No,Yes,No,No internet service,No internet service,No internet service,No internet service,No internet service,No internet service
1544-JJMYL,27,One year,DSL,Yes,No,Yes,No,Yes,Yes,Yes,No
4636-JGAAI,34,Month-to-month,Fiber optic,Yes,Yes,No,Yes,No,No,No,Yes
6874-SGLHU,30,One year,Fiber optic,Yes,No,No,Yes,No,No,Yes,Yes
5951-AOFIH,33,Month-to-month,DSL,Yes,No,No,Yes,Yes,No,Yes,No
4729-XKASR,1,Month-to-month,DSL,No,No phone service,No,No,No,No,No,No
3059-NGMXB,14,Month-to-month,DSL,Yes,Yes,Yes,Yes,No,No,No,Yes
8652-YHIYU,16,One year,Fiber optic,Yes,Yes,No,No,No,Yes,No,No
5278-PNYOX,49,Two year,Fiber optic,Yes,No,No,No,Yes,Yes,Yes,Yes
5449-FIBXJ,19,Month-to-month,Fiber optic,Yes,Yes,No,No,Yes,Yes,Yes,Yes
3486-HOOGQ,70,Two year,DSL,Yes,Yes,Yes,Yes,Yes,Yes,Yes,No
5061-PBXFW,32,Month-to-month,DSL,Yes,No,Yes,Yes,No,Yes,No,No
8630-FJLIB,18,Month-to-month,Fiber optic,Yes,No,No,No,No,No,No,No
3891-NLXJB,37,Two year,DSL,No,No phone service,Yes,Yes,No,Yes,No,No
4749-OJKQU,4,Month-to-month,Fiber optic,Yes,Yes,No,No,No,No,No,No
0577-WHMEV,16,Month-to-month,Fiber optic,Yes,Yes,Yes,Yes,Yes,No,No,No
5453-AXEPF,17,Month-to-month,Fiber optic,Yes,Yes,No,Yes,No,No,No,No
3639-XJHKQ,19,Month-to-month,DSL,Yes,No,Yes,Yes,Yes,No,No,No
3716-LRGXK,60,Two year,Fiber optic,Yes,Yes,No,No,Yes,No,Yes,Yes
2263-SFSQZ,51,Two year,No,Yes,Yes,No internet service,No internet service,No internet service,No internet service,No internet service,No internet service
9950-MTGYX,28,Two year,No,Yes,No,No internet service,No internet service,No internet service,No internet service,No internet service,No internet service
3397-AVTKU,43,Two year,DSL,Yes,No,No,Yes,No,No,No,Yes
4825-FUREZ,42,Two year,No,Yes,No,No internet service,No internet service,No internet service,No internet service,No internet service,No internet service
9837-BMCLM,3,Month-to-month,Fiber optic,Yes,No,No,No,No,No,Yes,No
2672-OJQZP,1,Month-to-month,DSL,Yes,No,No,No,No,No,No,No
0137-UDEUO,3,Month-to-month,No,Yes,No,No internet service,No internet service,No internet service,No internet service,No internet service,No internet service
3134-DSHVC,63,Two year,Fiber optic,Yes,Yes,Yes,Yes,Yes,No,Yes,No
6161-UUUTA,3,Month-to-month,Fiber optic,Yes,No,No,No,No,No,Yes,No
7821-DPRQE,68,Month-to-month,Fiber optic,Yes,Yes,Yes,Yes,No,Yes,Yes,Yes
6543-XRMYR,30,Month-to-month,Fiber optic,Yes,Yes,No,Yes,No,No,Yes,Yes
2001-EWBQU,60,Two year,Fiber optic,Yes,Yes,No,Yes,Yes,No,Yes,Yes
4925-LMHOK,15,Month-to-month,DSL,Yes,Yes,No,Yes,No,Yes,No,No
1608-GMEWB,45,Month-to-month,Fiber optic,Yes,Yes,No,No,No,No,Yes,Yes
6695-AMZUF,70,Two year,DSL,Yes,No,Yes,Yes,Yes,Yes,Yes,Yes
1455-UGQVH,10,Month-to-month,Fiber optic,Yes,Yes,No,No,Yes,No,Yes,Yes
8410-BGQXN,4,Month-to-month,No,Yes,No,No internet service,No internet service,No internet service,No internet service,No internet service,No internet service
8280-MQRQN,1,Month-to-month,DSL,Yes,No,No,No,Yes,No,No,No
1619-YWUBB,68,Two year,No,Yes,Yes,No internet service,No internet service,No internet service,No internet service,No internet service,No internet service
7611-YKYTC,22,Month-to-month,Fiber optic,Yes,No,Yes,No,No,No,No,No
2037-SGXHH,38,Month-to-month,Fiber optic,Yes,Yes,No,Yes,Yes,No,Yes,No
3178-FESZO,1,Month-to-month,Fiber optic,Yes,Yes,No,Yes,No,No,Yes,Yes
0365-GXEZS,18,Month-to-month,Fiber optic,Yes,No,No,No,Yes,Yes,No,No
0082-OQIQY,29,Month-to-month,Fiber optic,Yes,No,No,No,No,Yes,Yes,Yes
6087-MVHJH,16,Month-to-month,Fiber optic,Yes,Yes,No,No,Yes,No,No,Yes
4603-JANFB,1,Month-to-month,Fiber optic,Yes,No,No,No,No,No,No,No
3018-TFTSU,12,Month-to-month,Fiber optic,Yes,No,Yes,No,Yes,No,No,No
3606-SBKRY,31,One year,DSL,No,No phone service,No,No,Yes,No,Yes,Yes
4806-KEXQR,4,Month-to-month,Fiber optic,Yes,No,No,No,No,No,No,Yes
0667-NSRGI,48,One year,DSL,Yes,Yes,No,No,Yes,Yes,No,Yes
7083-YNSKY,15,Month-to-month,No,Yes,Yes,No internet service,No internet service,No internet service,No internet service,No internet service,No internet service
6893-ODYYE,50,One year,Fiber optic,Yes,No,Yes,Yes,Yes,Yes,No,No
8242-JSVBO,7,Month-to-month,DSL,Yes,No,No,No,No,No,No,No
2479-BRAMR,41,Month-to-month,Fiber optic,Yes,Yes,Yes,No,Yes,No,No,No
9541-ZPSEA,68,Two year,Fiber optic,Yes,No,Yes,No,Yes,No,No,No
2665-NPTGL,26,Month-to-month,Fiber optic,Yes,Yes,No,No,Yes,No,Yes,Yes
1139-WUOAH,57,Two year,DSL,No,No phone service,No,No,Yes,Yes,Yes,Yes
4693-VWVBO,3,Month-to-month,No,Yes,No,No internet service,No internet service,No internet service,No internet service,No internet service,No internet service
7434-SHXLS,1,Month-to-month,No,Yes,No,No internet service,No internet service,No internet service,No internet service,No internet service,No internet service
6937-GCDGQ,19,One year,DSL,Yes,No,Yes,No,No,No,No,No
0988-JRWWP,3,Month-to-month,DSL,Yes,No,No,No,No,No,Yes,No
5075-JSDKI,59,Two year,No,Yes,Yes,No internet service,No internet service,No internet service,No internet service,No internet service,No internet service
7908-QCBCA,1,Month-to-month,Fiber optic,Yes,No,No,No,No,No,No,No
8644-XYTSV,42,Month-to-month,DSL,No,No phone service,Yes,No,No,No,Yes,No
6711-FLDFB,7,Month-to-month,Fiber optic,Yes,Yes,No,No,No,No,No,No
3873-WOSBC,67,Two year,No,Yes,Yes,No internet service,No internet service,No internet service,No internet service,No internet service,No internet service
7465-ZZRVX,1,Month-to-month,Fiber optic,Yes,No,No,No,No,No,No,No
7975-JMZNT,66,Two year,DSL,Yes,Yes,Yes,Yes,Yes,Yes,Yes,Yes
7251-XFOIL,61,Month-to-month,Fiber optic,Yes,Yes,No,No,Yes,No,No,Yes
4116-IQRFR,4,One year,No,Yes,Yes,No internet service,No internet service,No internet service,No internet service,No internet service,No internet service
3714-JTVOV,42,Month-to-month,Fiber optic,Yes,No,Yes,No,No,No,No,No
8259-DZLIZ,64,One year,DSL,Yes,Yes,No,Yes,No,No,No,No
0442-ZXKVS,54,One year,Fiber optic,Yes,Yes,Yes,Yes,Yes,Yes,Yes,Yes
7853-WNZSY,1,Month-to-month,No,Yes,No,No internet service,No internet service,No internet service,No internet service,No internet service,No internet service
3120-FAZKD,54,Two year,No,Yes,Yes,No internet service,No internet service,No internet service,No internet service,No internet service,No internet service
8606-OEGQZ,18,Two year,No,Yes,Yes,No internet service,No internet service,No internet service,No internet service,No internet service,No internet service
0225-ZORZP,3,Month-to-month,Fiber optic,Yes,No,No,Yes,No,No,No,Yes
4702-IOQDC,1,Month-to-month,Fiber optic,Yes,No,No,No,No,No,No,No
9489-JMTTN,72,Two year,DSL,Yes,Yes,Yes,Yes,Yes,Yes,Yes,Yes
0575-CUQOV,60,One year,Fiber optic,Yes,No,No,Yes,Yes,No,Yes,Yes
0967-BMLBD,11,One year,No,Yes,No,No internet service,No internet service,No internet service,No internet service,No internet service,No internet service
6178-KFNHS,12,Month-to-month,Fiber optic,Yes,Yes,Yes,No,No,No,No,No
2830-LEWOA,61,One year,Fiber optic,Yes,No,No,Yes,Yes,Yes,Yes,Yes
5006-MXVRN,39,Two year,No,Yes,No,No internet service,No internet service,No internet service,No internet service,No internet service,No internet service
1264-BYWMS,55,Month-to-month,Fiber optic,Yes,Yes,No,No,No,No,Yes,Yes
9658-WYUFB,17,Month-to-month,Fiber optic,Yes,Yes,Yes,Yes,No,No,Yes,No
8327-WKMIE,37,One year,No,Yes,No,No internet service,No internet service,No internet service,No internet service,No internet service,No internet service
6917-FIJHC,72,Two year,No,Yes,Yes,No internet service,No internet service,No internet service,No internet service,No internet service,No internet service
5329-KRDTM,72,Two year,DSL,Yes,Yes,No,Yes,Yes,Yes,Yes,No
7797-EJMDP,8,Month-to-month,DSL,Yes,No,Yes,No,No,Yes,No,Yes
3530-VWVGU,22,Month-to-month,No,Yes,No,No internet service,No internet service,No internet service,No internet service,No internet service,No internet service
2013-SGDXK,1,Month-to-month,Fiber optic,Yes,No,No,Yes,No,No,Yes,No
6368-NWMCE,38,Month-to-month,DSL,Yes,Yes,No,Yes,No,Yes,No,Yes
3633-CDBUW,17,One year,DSL,Yes,No,No,Yes,Yes,Yes,Yes,Yes
0707-HOVVN,70,Two year,DSL,Yes,Yes,No,Yes,Yes,Yes,Yes,No
8580-QVLOC,72,Two year,DSL,Yes,Yes,Yes,Yes,Yes,Yes,Yes,Yes
3956-MGXOG,28,Month-to-month,Fiber optic,Yes,No,No,No,No,No,No,Yes
9274-UARKJ,15,Month-to-month,Fiber optic,Yes,No,No,Yes,No,No,Yes,No
4077-HWUYD,72,Two year,DSL,Yes,Yes,Yes,Yes,Yes,Yes,Yes,Yes
2012-NWRPA,11,Month-to-month,Fiber optic,Yes,Yes,No,No,Yes,No,Yes,Yes
8808-ELEHO,8,Month-to-month,Fiber optic,Yes,Yes,No,No,Yes,No,No,No
0103-CSITQ,57,One year,Fiber optic,Yes,Yes,No,Yes,Yes,Yes,Yes,Yes
3506-LCJDC,1,Month-to-month,No,Yes,No,No internet service,No internet service,No internet service,No internet service,No internet service,No internet service
8671-KKKOS,46,Month-to-month,DSL,No,No phone service,Yes,Yes,No,No,Yes,No
7305-ZWMAJ,30,One year,No,Yes,No,No internet service,No internet service,No internet service,No internet service,No internet service,No internet service
9518-XXBXE,10,Month-to-month,Fiber optic,Yes,No,Yes,No,No,No,No,No
3934-HXCFZ,23,Month-to-month,Fiber optic,Yes,Yes,Yes,Yes,Yes,No,Yes,No
6578-KRMAW,32,Month-to-month,Fiber optic,Yes,No,Yes,Yes,Yes,No,No,Yes
4860-IJUDE,13,Month-to-month,Fiber optic,Yes,No,Yes,No,No,No,No,No
7666-WKRON,39,Two year,Fiber optic,Yes,No,No,No,Yes,Yes,No,No
9688-YGXVR,44,Month-to-month,Fiber optic,Yes,No,No,Yes,Yes,No,Yes,No
0423-UDIJQ,9,Month-to-month,DSL,Yes,No,No,No,No,Yes,No,No
1945-XISKS,67,Two year,No,Yes,No,No internet service,No internet service,No internet service,No internet service,No internet service,No internet service
4910-AQFFX,9,Month-to-month,Fiber optic,Yes,Yes,No,No,Yes,No,No,No
2154-KVJFF,15,Month-to-month,Fiber optic,Yes,Yes,No,Yes,No,No,No,No
5360-LJCNJ,71,Two year,Fiber optic,Yes,Yes,No,Yes,Yes,No,Yes,Yes
2607-FBDFF,1,Month-to-month,DSL,Yes,No,No,No,No,Yes,No,No
9647-ERGBE,30,Month-to-month,Fiber optic,Yes,Yes,No,No,Yes,No,Yes,Yes
3428-XZMAZ,1,Month-to-month,Fiber optic,Yes,No,No,No,No,No,No,No
1100-DDVRV,17,Month-to-month,DSL,No,No phone service,No,Yes,No,No,Yes,Yes
0378-TOVMS,3,Month-to-month,Fiber optic,Yes,No,No,No,No,Yes,No,Yes
4355-HBJHH,67,Two year,DSL,Yes,Yes,Yes,No,Yes,No,Yes,Yes
6728-WYQBC,1,Month-to-month,No,Yes,No,No internet service,No internet service,No internet service,No internet service,No internet service,No internet service
9058-CBREO,1,Month-to-month,DSL,Yes,Yes,No,No,No,No,No,No
9029-FEGVJ,32,Month-to-month,Fiber optic,Yes,Yes,No,No,Yes,No,No,No
7216-KAOID,41,One year,No,Yes,No,No internet service,No internet service,No internet service,No internet service,No internet service,No internet service
0318-QUUOB,1,Month-to-month,Fiber optic,Yes,No,No,No,No,No,Yes,No
6145-NNPNO,1,Month-to-month,DSL,Yes,No,No,No,No,No,No,No
5520-FVEWJ,12,Month-to-month,Fiber optic,Yes,Yes,No,Yes,Yes,No,No,No
5339-TJFEK,62,Month-to-month,Fiber optic,Yes,Yes,Yes,Yes,No,No,Yes,Yes
5572-ZDXHY,22,Month-to-month,Fiber optic,Yes,No,No,Yes,No,No,No,Yes
2074-GUHPQ,17,Month-to-month,Fiber optic,Yes,Yes,No,Yes,Yes,Yes,No,No
4625-XMOYM,72,Two year,No,Yes,Yes,No internet service,No internet service,No internet service,No internet service,No internet service,No internet service
5827-MWCZK,56,Month-to-month,Fiber optic,Yes,Yes,No,Yes,No,Yes,Yes,No
1385-TQOZW,9,Month-to-month,No,Yes,No,No internet service,No internet service,No internet service,No internet service,No internet service,No internet service
5914-XRFQB,72,Two year,Fiber optic,Yes,Yes,Yes,Yes,Yes,Yes,Yes,Yes
4329-YPDDQ,20,Month-to-month,Fiber optic,Yes,No,Yes,Yes,Yes,Yes,Yes,Yes
4804-NCPET,19,Two year,No,Yes,No,No internet service,No internet service,No internet service,No internet service,No internet service,No internet service
3750-CKVKH,2,Month-to-month,Fiber optic,Yes,No,No,No,No,No,No,No
5944-UGLLK,53,One year,DSL,No,No phone service,No,No,Yes,Yes,Yes,Yes
8063-GBATB,27,Month-to-month,Fiber optic,Yes,Yes,No,No,No,No,No,Yes
7787-BNTZM,6,Month-to-month,No,Yes,No,No internet service,No internet service,No internet service,No internet service,No internet service,No internet service
2252-ISRNH,9,One year,Fiber optic,Yes,Yes,No,No,Yes,No,Yes,No
9415-TPKRV,8,Month-to-month,DSL,Yes,Yes,No,Yes,No,No,No,No
5322-TEUJK,71,Two year,Fiber optic,Yes,Yes,Yes,Yes,Yes,Yes,Yes,Yes
4547-KQRTM,10,Month-to-month,Fiber optic,Yes,Yes,No,Yes,No,No,No,No
4877-EVATK,1,Month-to-month,No,Yes,No,No internet service,No internet service,No internet service,No internet service,No internet service,No internet service
1866-DIOQZ,71,One year,DSL,No,No phone service,Yes,Yes,Yes,Yes,Yes,Yes
8375-KVTHK,68,One year,Fiber optic,Yes,No,No,Yes,No,Yes,Yes,Yes
2697-NQBPF,34,Month-to-month,Fiber optic,Yes,Yes,No,Yes,No,Yes,Yes,Yes
3709-OIJEA,26,One year,Fiber optic,Yes,No,No,Yes,Yes,Yes,No,No
7639-SUPCW,22,Month-to-month,DSL,Yes,No,Yes,No,No,No,No,No
1386-ZIKUV,7,Month-to-month,No,Yes,No,No internet service,No internet service,No internet service,No internet service,No internet service,No internet service
0599-XNYDO,20,Month-to-month,Fiber optic,Yes,No,No,No,No,No,No,No
6377-WHAOX,60,Month-to-month,Fiber optic,Yes,Yes,No,Yes,Yes,No,Yes,Yes
6855-VLGOS,72,Two year,No,Yes,No,No internet service,No internet service,No internet service,No internet service,No internet service,No internet service
8999-XXGNS,72,One year,Fiber optic,Yes,Yes,No,Yes,Yes,No,Yes,Yes
8746-OQQRW,4,Month-to-month,No,Yes,Yes,No internet service,No internet service,No internet service,No internet service,No internet service,No internet service
3181-MIZBN,16,Month-to-month,No,Yes,No,No internet service,No internet service,No internet service,No internet service,No internet service,No internet service
0471-ARVMX,62,One year,Fiber optic,Yes,Yes,Yes,No,Yes,No,Yes,Yes
7766-CLTIC,10,Month-to-month,DSL,Yes,No,No,No,No,Yes,No,Yes
5650-YLIBA,31,Month-to-month,Fiber optic,Yes,Yes,No,Yes,No,No,No,No
0825-CPPQH,71,Two year,No,Yes,No,No internet service,No internet service,No internet service,No internet service,No internet service,No internet service
9084-OAYKL,58,Two year,No,Yes,No,No internet service,No internet service,No internet service,No internet service,No internet service,No internet service
6122-LJADA,70,Two year,DSL,Yes,Yes,Yes,Yes,Yes,Yes,Yes,Yes
2400-XIWIO,71,Two year,DSL,Yes,Yes,Yes,Yes,Yes,Yes,Yes,Yes
7524-VRLPL,69,Two year,DSL,Yes,Yes,Yes,No,Yes,Yes,No,Yes
1069-XAIEM,1,Month-to-month,Fiber optic,Yes,Yes,No,No,No,No,No,Yes
7569-NMZYQ,72,Two year,Fiber optic,Yes,Yes,Yes,Yes,Yes,Yes,Yes,Yes
5201-USSQZ,26,Month-to-month,Fiber optic,Yes,No,No,No,No,Yes,No,Yes
2105-PHWON,33,Month-to-month,Fiber optic,Yes,Yes,No,No,Yes,Yes,No,Yes
1494-EJZDW,10,Two year,No,Yes,No,No internet service,No internet service,No internet service,No internet service,No internet service,No internet service
4884-TVUQF,57,Two year,Fiber optic,Yes,Yes,Yes,No,Yes,Yes,No,Yes
8003-EWNDZ,10,Month-to-month,No,Yes,No,No internet service,No internet service,No internet service,No internet service,No internet service,No internet service
1897-RCFUM,39,One year,No,Yes,Yes,No internet service,No internet service,No internet service,No internet service,No internet service,No internet service
9256-JTBNZ,11,Month-to-month,No,Yes,No,No internet service,No internet service,No internet service,No internet service,No internet service,No internet service
4658-HCOHW,21,Month-to-month,Fiber optic,Yes,No,No,Yes,Yes,Yes,Yes,Yes
2211-RMNHO,68,Two year,DSL,Yes,Yes,No,Yes,Yes,Yes,Yes,Yes
2432-TFSMK,18,One year,Fiber optic,Yes,Yes,No,No,Yes,No,Yes,No
3440-JPSCL,6,Month-to-month,Fiber optic,Yes,No,No,No,Yes,Yes,Yes,Yes
4929-ROART,18,Month-to-month,DSL,Yes,Yes,Yes,No,No,No,No,No
1834-ABKHQ,52,One year,DSL,Yes,No,No,No,Yes,No,No,No
1741-WTPON,56,Two year,Fiber optic,Yes,Yes,Yes,Yes,Yes,Yes,Yes,Yes
3932-IJWDZ,45,Month-to-month,Fiber optic,Yes,Yes,No,No,Yes,Yes,Yes,Yes
1240-HCBOH,67,Two year,No,Yes,Yes,No internet service,No internet service,No internet service,No internet service,No internet service,No internet service
3594-KADLU,3,Month-to-month,DSL,No,No phone service,Yes,No,No,Yes,No,No
8065-BVEPF,65,Month-to-month,Fiber optic,Yes,No,No,Yes,Yes,No,Yes,Yes
3796-ENZGF,63,Two year,DSL,Yes,Yes,No,Yes,No,Yes,No,Yes
1734-ZMNTZ,11,Two year,No,Yes,Yes,No internet service,No internet service,No internet service,No internet service,No internet service,No internet service
2853-CWQFQ,1,Month-to-month,DSL,Yes,No,No,No,No,Yes,No,Yes
0813-TAXXS,55,Two year,DSL,Yes,Yes,No,No,Yes,No,Yes,Yes
2519-TWKFS,25,One year,DSL,Yes,Yes,No,No,No,Yes,No,No
2889-FPWRM,72,One year,Fiber optic,Yes,Yes,Yes,Yes,Yes,Yes,Yes,Yes
0626-QXNGV,72,Two year,No,Yes,Yes,No internet service,No internet service,No internet service,No internet service,No internet service,No internet service
6723-CEGQI,65,Two year,DSL,No,No phone service,No,Yes,No,Yes,Yes,No
6987-XQSJT,54,Month-to-month,Fiber optic,Yes,Yes,No,Yes,No,No,No,No
4732-RRJZC,7,Month-to-month,No,Yes,No,No internet service,No internet service,No internet service,No internet service,No internet service,No internet service
9499-XPZXM,72,Two year,DSL,Yes,Yes,Yes,Yes,No,Yes,No,No
4338-EYCER,21,Month-to-month,DSL,Yes,No,No,No,No,No,Yes,No
3007-FDPEA,2,Month-to-month,No,Yes,No,No internet service,No internet service,No internet service,No internet service,No internet service,No internet service
6350-XFYGW,4,Month-to-month,Fiber optic,Yes,No,No,No,Yes,No,Yes,Yes
4290-BSXUX,3,Month-to-month,Fiber optic,Yes,Yes,No,No,No,Yes,No,No
8513-OLYGY,72,Two year,Fiber optic,Yes,Yes,Yes,Yes,Yes,Yes,Yes,Yes
0311-QYWSS,6,Month-to-month,DSL,Yes,No,Yes,No,No,No,No,No
8705-DWKTI,52,Month-to-month,Fiber optic,Yes,No,No,No,Yes,No,No,Yes
8755-IWJHN,69,Month-to-month,Fiber optic,Yes,Yes,No,Yes,Yes,No,No,Yes
0325-XBFAC,8,Month-to-month,Fiber optic,Yes,No,No,No,Yes,No,Yes,Yes
4480-QQRHC,8,Month-to-month,Fiber optic,Yes,No,No,No,Yes,No,No,No
0929-PECLO,63,Month-to-month,Fiber optic,Yes,Yes,No,No,Yes,No,No,Yes
3680-CTHUH,60,One year,Fiber optic,Yes,Yes,Yes,Yes,Yes,Yes,Yes,Yes
1202-KKGFU,12,Month-to-month,DSL,Yes,No,Yes,No,No,Yes,No,No
6112-KTHFQ,13,Month-to-month,No,Yes,No,No internet service,No internet service,No internet service,No internet service,No internet service,No internet service
1852-XEMDW,22,Month-to-month,DSL,Yes,Yes,Yes,Yes,Yes,No,No,No
2462-XIIJB,5,Month-to-month,Fiber optic,Yes,Yes,No,No,Yes,No,Yes,No
4760-XOHVN,1,Month-to-month,No,Yes,No,No internet service,No internet service,No internet service,No internet service,No internet service,No internet service
1820-DJFPH,72,Two year,No,Yes,Yes,No internet service,No internet service,No internet service,No internet service,No internet service,No internet service
9426-SXNHE,2,Month-to-month,No,Yes,No,No internet service,No internet service,No internet service,No internet service,No internet service,No internet service
9068-FHQHD,40,Two year,No,Yes,No,No internet service,No internet service,No internet service,No internet service,No internet service,No internet service
1269-FOYWN,44,One year,No,Yes,No,No internet service,No internet service,No internet service,No internet service,No internet service,No internet service
9470-YFUYI,71,One year,DSL,Yes,No,Yes,Yes,No,Yes,Yes,No
7817-BOQPW,2,Month-to-month,Fiber optic,Yes,Yes,No,No,No,No,No,No
7402-EYFXX,26,Month-to-month,Fiber optic,Yes,Yes,No,No,No,No,Yes,Yes
1853-UDXBW,1,Month-to-month,Fiber optic,Yes,No,No,No,No,No,No,No
9895-VFOXH,1,Month-to-month,DSL,No,No phone service,No,No,No,No,No,No
5458-CQJTA,65,Two year,DSL,Yes,No,Yes,No,No,Yes,Yes,Yes
1230-QAJDW,3,Month-to-month,DSL,Yes,Yes,No,No,No,Yes,Yes,No
5701-ZIKJE,13,Month-to-month,DSL,Yes,No,No,No,No,Yes,No,No
5219-YIPTK,33,Month-to-month,Fiber optic,Yes,Yes,No,Yes,Yes,No,Yes,Yes
5032-MIYKT,1,Month-to-month,Fiber optic,Yes,No,No,No,No,No,No,No
7396-VJUZB,4,Month-to-month,DSL,Yes,No,No,No,No,No,No,No
9717-QEBGU,2,Month-to-month,Fiber optic,Yes,No,No,No,No,No,No,No
5172-RKOCB,72,Two year,Fiber optic,Yes,Yes,Yes,Yes,No,Yes,Yes,Yes
6509-TSGWN,37,Month-to-month,No,Yes,Yes,No internet service,No internet service,No internet service,No internet service,No internet service,No internet service
3540-RZJYU,15,Month-to-month,Fiber optic,Yes,No,Yes,No,No,No,Yes,No
3178-CIFOT,23,One year,No,Yes,No,No internet service,No internet service,No internet service,No internet service,No internet service,No internet service
2091-MJTFX,30,Month-to-month,DSL,No,No phone service,No,No,No,Yes,Yes,Yes
4530-NDRKU,42,One year,No,Yes,No,No internet service,No internet service,No internet service,No internet service,No internet service,No internet service
5985-TBABQ,32,One year,DSL,Yes,Yes,Yes,No,No,No,Yes,Yes
9800-ONTFE,22,Month-to-month,Fiber optic,Yes,Yes,No,No,No,No,No,No
6743-HHQPF,42,Month-to-month,DSL,No,No phone service,No,No,No,No,No,No
8455-HIRAQ,8,Month-to-month,DSL,Yes,No,No,No,No,No,No,No
6616-AALSR,65,Two year,Fiber optic,Yes,Yes,Yes,No,Yes,No,Yes,Yes
0883-EIBTI,2,Month-to-month,No,Yes,No,No internet service,No internet service,No internet service,No internet service,No internet service,No internet service
9415-ZNBSX,70,Two year,DSL,Yes,Yes,Yes,Yes,Yes,Yes,Yes,Yes
4018-KJYUY,22,Month-to-month,No,Yes,No,No internet service,No internet service,No internet service,No internet service,No internet service,No internet service
0722-TROQR,4,Month-to-month,Fiber optic,Yes,Yes,No,No,No,No,No,No
7571-YXDAD,2,Month-to-month,Fiber optic,Yes,Yes,No,No,No,No,No,No
3884-UEBXB,67,Two year,DSL,No,No phone service,Yes,Yes,No,No,No,No
8780-RSYYU,25,Month-to-month,No,Yes,No,No internet service,No internet service,No internet service,No internet service,No internet service,No internet service
5537-UXXVS,20,Month-to-month,No,Yes,No,No internet service,No internet service,No internet service,No internet service,No internet service,No internet service
1791-PQHBB,2,Month-to-month,DSL,Yes,No,Yes,No,No,No,No,Yes
8701-DGLVH,51,Two year,No,Yes,No,No internet service,No internet service,No internet service,No internet service,No internet service,No internet service
8741-LQOBK,46,Month-to-month,DSL,No,No phone service,Yes,Yes,No,No,No,No
3393-FMZPV,25,Month-to-month,Fiber optic,Yes,Yes,No,Yes,No,No,Yes,Yes
8082-GHXOP,13,Month-to-month,DSL,Yes,No,No,No,No,No,No,No
6402-ZFPPI,25,Month-to-month,Fiber optic,Yes,Yes,Yes,Yes,No,No,Yes,Yes
0980-FEXWF,26,One year,DSL,Yes,No,No,No,Yes,No,No,No
7486-KSRVI,43,One year,Fiber optic,Yes,Yes,No,No,No,Yes,Yes,Yes
3011-WQKSZ,19,Month-to-month,No,Yes,No,No internet service,No internet service,No internet service,No internet service,No internet service,No internet service
8443-WVPSS,10,Month-to-month,Fiber optic,Yes,No,No,Yes,No,Yes,Yes,Yes
3006-XIMLN,2,Month-to-month,Fiber optic,Yes,Yes,No,No,No,No,Yes,Yes
8218-FFJDS,72,Two year,DSL,Yes,Yes,Yes,Yes,No,Yes,Yes,Yes
1986-PHGZF,18,Month-to-month,DSL,Yes,Yes,Yes,Yes,No,No,No,No
9965-YOKZB,9,Month-to-month,Fiber optic,Yes,Yes,No,No,No,No,No,Yes
0504-HHAPI,27,Month-to-month,Fiber optic,Yes,Yes,No,No,Yes,No,No,Yes
9360-OMDZZ,24,Month-to-month,Fiber optic,Yes,Yes,No,No,No,No,Yes,Yes
6305-YLBMM,69,One year,Fiber optic,Yes,No,No,Yes,Yes,Yes,Yes,Yes
0345-XMMUG,46,Two year,Fiber optic,Yes,Yes,No,Yes,Yes,Yes,Yes,Yes
8024-XNAFQ,72,Two year,Fiber optic,Yes,Yes,Yes,Yes,Yes,Yes,No,Yes
3647-GMGDH,22,Month-to-month,Fiber optic,Yes,No,No,No,Yes,No,Yes,Yes
2988-GBIVW,70,Month-to-month,Fiber optic,Yes,Yes,Yes,No,No,No,No,Yes
2832-SCUCO,2,Month-to-month,No,Yes,No,No internet service,No internet service,No internet service,No internet service,No internet service,No internet service
7036-ZZKBD,31,Month-to-month,DSL,Yes,No,No,No,Yes,Yes,No,Yes
3791-LGQCY,56,Month-to-month,Fiber optic,Yes,Yes,No,No,Yes,No,Yes,Yes
0265-PSUAE,16,Month-to-month,Fiber optic,Yes,No,Yes,No,Yes,No,Yes,Yes
0463-TXOAK,52,Two year,No,Yes,Yes,No internet service,No internet service,No internet service,No internet service,No internet service,No internet service
0594-UFTUL,13,Month-to-month,No,Yes,No,No internet service,No internet service,No internet service,No internet service,No internet service,No internet service
9509-MPYOD,35,One year,No,Yes,No,No internet service,No internet service,No internet service,No internet service,No internet service,No internet service
9128-CPXKI,59,Two year,Fiber optic,Yes,No,No,No,Yes,No,Yes,Yes
0129-KPTWJ,72,Month-to-month,Fiber optic,Yes,No,No,No,Yes,No,Yes,Yes
8166-ZZTFS,66,Two year,DSL,Yes,Yes,No,Yes,Yes,No,Yes,Yes
5855-EIBDE,49,Two year,Fiber optic,Yes,Yes,Yes,Yes,Yes,Yes,No,Yes
5365-LLFYV,2,Month-to-month,DSL,Yes,No,No,No,No,No,No,No
5956-YHHRX,21,Month-to-month,Fiber optic,Yes,Yes,No,Yes,Yes,No,Yes,Yes
6008-NAIXK,54,One year,DSL,No,No phone service,No,Yes,Yes,No,Yes,Yes
2956-GGUCQ,24,Month-to-month,Fiber optic,Yes,Yes,Yes,No,No,No,No,No
1928-BXYIV,1,Month-to-month,DSL,Yes,Yes,Yes,Yes,No,No,No,No
5760-FXFVO,6,Month-to-month,Fiber optic,Yes,No,Yes,Yes,No,No,No,No
6595-COKXZ,1,Month-to-month,DSL,Yes,No,No,No,No,No,No,No
0961-ZWLVI,49,One year,Fiber optic,Yes,Yes,Yes,Yes,Yes,No,Yes,Yes
5181-OABFK,56,Two year,DSL,Yes,No,Yes,Yes,Yes,No,No,No
4007-NHVHI,56,Month-to-month,Fiber optic,Yes,Yes,Yes,Yes,No,No,No,Yes
7816-VGHTO,6,Two year,DSL,No,No phone service,No,Yes,Yes,Yes,No,No
5871-DGTXZ,32,One year,No,Yes,No,No internet service,No internet service,No internet service,No internet service,No internet service,No internet service
7550-WIQVA,50,One year,Fiber optic,Yes,Yes,Yes,Yes,Yes,No,Yes,Yes
7544-ZVIKX,58,One year,Fiber optic,Yes,Yes,No,No,Yes,Yes,Yes,Yes
0016-QLJIS,65,Two year,DSL,Yes,Yes,Yes,Yes,Yes,Yes,Yes,Yes
7508-DQAKK,64,Two year,DSL,Yes,Yes,Yes,Yes,Yes,Yes,Yes,Yes
5176-OLSKT,66,Two year,DSL,Yes,Yes,Yes,Yes,Yes,No,No,No
9356-AXGMP,38,One year,Fiber optic,Yes,Yes,Yes,No,Yes,Yes,Yes,Yes
3556-BVQGL,20,One year,No,Yes,No,No internet service,No internet service,No internet service,No internet service,No internet service,No internet service
0362-ZBZWJ,36,Month-to-month,Fiber optic,Yes,Yes,No,No,No,No,No,Yes
8979-CAMGB,64,One year,Fiber optic,Yes,Yes,No,No,Yes,Yes,Yes,Yes
4211-MMAZN,1,Month-to-month,No,Yes,No,No internet service,No internet service,No internet service,No internet service,No internet service,No internet service
7581-EBBOU,60,One year,DSL,Yes,No,No,Yes,Yes,Yes,Yes,No
4274-OWWYO,1,Month-to-month,Fiber optic,Yes,No,No,Yes,No,No,No,No
5073-RZGBK,50,One year,DSL,Yes,Yes,Yes,Yes,Yes,Yes,No,Yes
1541-ETJZO,1,Month-to-month,DSL,Yes,Yes,No,No,Yes,Yes,No,No
2192-CKRLV,72,Two year,DSL,No,No phone service,Yes,Yes,Yes,No,No,Yes
3154-HMWUU,60,Two year,No,Yes,No,No internet service,No internet service,No internet service,No internet service,No internet service,No internet service
6119-SPUDB,46,Two year,DSL,No,No phone service,Yes,No,Yes,Yes,No,No
6522-OIQSX,69,Two year,DSL,No,No phone service,No,Yes,Yes,No,Yes,Yes
7813-ZGGAW,31,Month-to-month,Fiber optic,Yes,Yes,No,No,Yes,Yes,Yes,No
8748-HFWBO,19,One year,No,Yes,No,No internet service,No internet service,No internet service,No internet service,No internet service,No internet service
1052-QJIBV,71,Two year,No,Yes,No,No internet service,No internet service,No internet service,No internet service,No internet service,No internet service
1319-YLZJG,12,Month-to-month,Fiber optic,Yes,No,Yes,Yes,Yes,No,No,No
4106-HADHQ,39,One year,DSL,Yes,No,Yes,No,Yes,Yes,Yes,Yes
0723-FDLAY,44,One year,DSL,Yes,Yes,No,Yes,Yes,Yes,Yes,Yes
3050-RLLXC,56,Two year,DSL,Yes,Yes,Yes,Yes,Yes,Yes,Yes,No
9298-WGMRW,72,Two year,Fiber optic,Yes,Yes,Yes,Yes,Yes,Yes,Yes,Yes
2369-UAPKZ,5,Month-to-month,Fiber optic,Yes,Yes,No,Yes,Yes,No,Yes,Yes
3088-LHEFH,11,Month-to-month,Fiber optic,Yes,Yes,Yes,No,No,No,No,No
2778-OCLGR,24,Month-to-month,DSL,No,No phone service,Yes,No,No,No,No,Yes
6583-KQJLK,15,Month-to-month,Fiber optic,Yes,No,No,Yes,No,No,Yes,Yes
8544-JNBOX,72,Two year,No,Yes,No,No internet service,No internet service,No internet service,No internet service,No internet service,No internet service
6681-ZSEXG,56,Two year,DSL,Yes,Yes,No,Yes,Yes,No,No,No
6139-ZZRBQ,64,Two year,No,Yes,No,No internet service,No internet service,No internet service,No internet service,No internet service,No internet service
6116-RFVHN,34,Month-to-month,Fiber optic,Yes,Yes,No,No,Yes,No,Yes,Yes
0637-KVDLV,2,Month-to-month,Fiber optic,Yes,Yes,No,No,No,No,No,No
8884-FEEWR,35,One year,No,Yes,No,No internet service,No internet service,No internet service,No internet service,No internet service,No internet service
3125-RAHBV,22,One year,No,Yes,No,No internet service,No internet service,No internet service,No internet service,No internet service,No internet service
6633-MPWBS,5,Month-to-month,DSL,Yes,No,No,No,No,Yes,No,No
0373-AIVNJ,9,One year,DSL,No,No phone service,Yes,Yes,Yes,No,No,No
8785-EPNCG,11,Month-to-month,No,Yes,Yes,No internet service,No internet service,No internet service,No internet service,No internet service,No internet service
1682-VCOIO,23,One year,No,Yes,No,No internet service,No internet service,No internet service,No internet service,No internet service,No internet service
5729-KLZAR,4,Month-to-month,Fiber optic,Yes,No,No,No,No,No,No,Yes
2072-ZVJJX,68,Two year,No,Yes,Yes,No internet service,No internet service,No internet service,No internet service,No internet service,No internet service
8849-AYPTR,33,Month-to-month,Fiber optic,Yes,No,No,No,No,No,Yes,Yes
9518-IMLHK,31,Month-to-month,DSL,Yes,No,Yes,Yes,Yes,Yes,Yes,No
1582-RAFML,1,Month-to-month,DSL,Yes,Yes,No,Yes,No,Yes,No,No
3646-ITDGM,56,Two year,No,Yes,No,No internet service,No internet service,No internet service,No internet service,No internet service,No internet service
8740-CRYFY,1,Month-to-month,Fiber optic,Yes,No,No,No,No,No,Yes,No
3569-VLDHH,66,One year,DSL,Yes,No,Yes,Yes,Yes,Yes,Yes,No
8224-KDLKN,72,Two year,No,Yes,Yes,No internet service,No internet service,No internet service,No internet service,No internet service,No internet service
7594-LZNWR,34,Month-to-month,Fiber optic,Yes,No,No,No,No,No,No,No
4001-TSBTV,58,Month-to-month,Fiber optic,Yes,No,No,Yes,Yes,No,Yes,No
2962-XPMCQ,2,Month-to-month,DSL,Yes,No,No,No,No,No,No,No
8727-XDPUD,37,Two year,DSL,No,No phone service,No,No,No,No,Yes,No
1043-UXOVO,71,Two year,Fiber optic,Yes,Yes,Yes,Yes,Yes,Yes,Yes,Yes
1064-FBXNK,1,One year,No,Yes,No,No internet service,No internet service,No internet service,No internet service,No internet service,No internet service
3996-ZNWYK,71,Two year,No,Yes,No,No internet service,No internet service,No internet service,No internet service,No internet service,No internet service
2878-DHMIN,35,One year,No,Yes,No,No internet service,No internet service,No internet service,No internet service,No internet service,No internet service
7762-ONLJY,6,One year,No,Yes,No,No internet service,No internet service,No internet service,No internet service,No internet service,No internet service
1678-FYZOW,3,Month-to-month,Fiber optic,Yes,No,No,No,No,No,Yes,No
5795-BKOYE,69,One year,DSL,Yes,No,No,Yes,Yes,Yes,No,No
8627-EHGIP,44,One year,DSL,No,No phone service,No,Yes,Yes,No,Yes,Yes
7402-PWYJJ,53,One year,Fiber optic,Yes,Yes,No,No,No,Yes,No,Yes
5480-TBGPH,24,Month-to-month,Fiber optic,Yes,No,No,Yes,Yes,No,Yes,Yes
0018-NYROU,5,Month-to-month,Fiber optic,Yes,No,No,No,No,No,No,No
7501-VTYLJ,2,Month-to-month,DSL,Yes,No,No,Yes,No,No,No,No
7608-RGIRO,62,Two year,No,Yes,Yes,No internet service,No internet service,No internet service,No internet service,No internet service,No internet service
0480-BIXDE,19,Month-to-month,Fiber optic,Yes,No,No,No,Yes,No,Yes,Yes
5895-QSXOD,9,Month-to-month,Fiber optic,Yes,No,No,No,No,No,No,No
9814-AOUDH,53,Two year,No,Yes,No,No internet service,No internet service,No internet service,No internet service,No internet service,No internet service
6175-IRFIT,5,Month-to-month,Fiber optic,Yes,No,No,No,No,No,No,Yes
8760-ZRHKE,71,One year,DSL,Yes,Yes,Yes,Yes,No,No,Yes,No
1622-HSHSF,1,Month-to-month,No,Yes,No,No internet service,No internet service,No internet service,No internet service,No internet service,No internet service
8854-CCVSQ,18,Month-to-month,Fiber optic,Yes,Yes,No,Yes,No,No,No,No
6749-UTDVX,72,Two year,Fiber optic,Yes,Yes,No,Yes,Yes,No,Yes,Yes
5542-DHSXL,4,Month-to-month,DSL,Yes,No,Yes,Yes,No,No,No,No
9102-OXKFY,59,Two year,DSL,Yes,Yes,No,No,Yes,No,No,No
0511-JTEOY,1,Month-to-month,Fiber optic,Yes,No,No,No,No,No,No,No
5216-WASFJ,31,Month-to-month,Fiber optic,Yes,Yes,No,No,No,No,No,Yes
7808-DVWEP,3,Month-to-month,No,Yes,No,No internet service,No internet service,No internet service,No internet service,No internet service,No internet service
7067-KSAZT,65,One year,Fiber optic,Yes,Yes,No,Yes,Yes,No,Yes,Yes
2284-VFLKH,49,One year,Fiber optic,Yes,No,No,No,Yes,Yes,Yes,Yes
0366-NQSHS,2,Month-to-month,No,Yes,No,No internet service,No internet service,No internet service,No internet service,No internet service,No internet service
6532-YLWSI,53,One year,No,Yes,No,No internet service,No internet service,No internet service,No internet service,No internet service,No internet service
3807-BPOMJ,55,One year,Fiber optic,Yes,No,Yes,No,No,No,Yes,Yes
3892-NXAZG,72,Two year,Fiber optic,Yes,Yes,Yes,Yes,Yes,Yes,Yes,Yes
4948-WBBKL,36,Month-to-month,Fiber optic,Yes,Yes,No,No,No,No,No,No
4182-BGSIQ,10,Month-to-month,No,Yes,No,No internet service,No internet service,No internet service,No internet service,No internet service,No internet service
9300-AGZNL,1,Month-to-month,Fiber optic,Yes,Yes,No,No,No,No,Yes,Yes
0988-AADSA,72,Two year,DSL,Yes,Yes,Yes,Yes,Yes,Yes,No,Yes
9972-NKTFD,28,Month-to-month,DSL,Yes,No,No,Yes,No,Yes,No,No
3717-LNXKW,38,Month-to-month,Fiber optic,Yes,Yes,Yes,No,No,No,Yes,No
5734-EJKXG,61,One year,Fiber optic,Yes,Yes,Yes,Yes,Yes,Yes,Yes,Yes
2207-RYYRL,52,Two year,No,Yes,Yes,No internet service,No internet service,No internet service,No internet service,No internet service,No internet service
6729-FZWSY,67,One year,No,Yes,No,No internet service,No internet service,No internet service,No internet service,No internet service,No internet service
9695-IDRZR,34,Two year,Fiber optic,Yes,Yes,Yes,Yes,Yes,Yes,Yes,Yes
8144-DGHXP,54,Two year,DSL,Yes,No,Yes,No,Yes,Yes,Yes,Yes
7814-LEEVE,1,Month-to-month,No,Yes,No,No internet service,No internet service,No internet service,No internet service,No internet service,No internet service
1112-CUNAO,15,Month-to-month,Fiber optic,Yes,Yes,No,Yes,No,No,No,Yes
5175-AOBHI,4,Month-to-month,DSL,Yes,No,No,No,No,No,No,No
5174-RNGBH,9,Month-to-month,DSL,Yes,No,No,Yes,No,Yes,Yes,No
8631-WUXGY,46,Month-to-month,Fiber optic,Yes,No,No,Yes,Yes,No,Yes,Yes
7270-BDIOA,22,Month-to-month,Fiber optic,Yes,Yes,No,No,No,Yes,Yes,No
9565-JSNFM,38,One year,Fiber optic,Yes,No,No,No,No,No,No,No
5906-DVAPM,55,One year,DSL,Yes,Yes,Yes,Yes,No,Yes,Yes,No
6654-QGBZZ,1,Month-to-month,No,Yes,No,No internet service,No internet service,No internet service,No internet service,No internet service,No internet service
8348-JLBUG,64,One year,Fiber optic,Yes,No,Yes,No,Yes,No,No,No
0607-DAAHE,53,Two year,No,Yes,No,No internet service,No internet service,No internet service,No internet service,No internet service,No internet service
5641-DMBFJ,58,Two year,DSL,Yes,Yes,Yes,No,Yes,Yes,Yes,Yes
9200-NLNPD,56,One year,DSL,No,No phone service,No,No,Yes,Yes,Yes,Yes
2664-XJZNO,72,Two year,Fiber optic,Yes,No,Yes,No,Yes,Yes,Yes,Yes
9732-KPKBW,1,Month-to-month,DSL,Yes,No,Yes,No,No,Yes,No,No
3339-EAQNV,72,One year,Fiber optic,Yes,Yes,No,Yes,No,No,Yes,Yes
0921-OHLVP,22,Month-to-month,Fiber optic,Yes,Yes,No,No,No,No,No,Yes
3389-YGYAI,8,Month-to-month,Fiber optic,Yes,Yes,No,Yes,Yes,No,Yes,Yes
9560-ARGQJ,16,Month-to-month,Fiber optic,Yes,No,No,No,No,No,Yes,No
8350-NYMVI,39,Month-to-month,DSL,No,No phone service,No,Yes,Yes,Yes,No,No
1600-DILPE,12,Month-to-month,DSL,Yes,No,No,No,No,No,No,No
0536-ESJEP,54,Two year,DSL,Yes,No,Yes,Yes,No,No,Yes,Yes
4654-GGUII,18,One year,DSL,No,No phone service,Yes,Yes,No,Yes,No,No
6478-HRRCZ,32,One year,DSL,Yes,No,Yes,Yes,No,Yes,No,Yes
8510-BBWMU,41,One year,No,Yes,No,No internet service,No internet service,No internet service,No internet service,No internet service,No internet service
6857-TKDJV,67,Two year,No,Yes,Yes,No internet service,No internet service,No internet service,No internet service,No internet service,No internet service
2360-RDGRO,65,Month-to-month,Fiber optic,Yes,Yes,Yes,No,Yes,No,Yes,Yes
0584-BJQGZ,25,Month-to-month,DSL,Yes,Yes,Yes,Yes,Yes,Yes,Yes,No
5134-IKDAY,1,Month-to-month,Fiber optic,Yes,No,No,No,No,No,No,No
1360-XFJMR,67,One year,Fiber optic,Yes,Yes,No,Yes,Yes,Yes,Yes,Yes
3070-DVEYC,7,Month-to-month,Fiber optic,Yes,Yes,No,No,No,No,No,No
5730-RIITO,43,Month-to-month,DSL,No,No phone service,Yes,Yes,No,No,No,No
9058-MJLZC,24,Month-to-month,Fiber optic,Yes,No,Yes,No,No,No,Yes,Yes
5707-ORNDZ,9,Month-to-month,DSL,Yes,Yes,Yes,No,No,No,No,No
0902-XKXPN,69,Two year,No,Yes,No,No internet service,No internet service,No internet service,No internet service,No internet service,No internet service
5177-RVZNU,37,One year,No,Yes,No,No internet service,No internet service,No internet service,No internet service,No internet service,No internet service
0056-EPFBG,20,Two year,DSL,No,No phone service,Yes,No,Yes,Yes,No,No
8993-IZEUX,7,Month-to-month,Fiber optic,Yes,No,No,No,No,No,No,No
8696-JKZNU,37,Month-to-month,Fiber optic,Yes,Yes,No,No,No,No,No,No
5380-AFSSK,5,Month-to-month,Fiber optic,Yes,Yes,No,No,No,No,Yes,Yes
8190-ZTQFB,41,One year,DSL,No,No phone service,No,No,Yes,No,Yes,Yes
0931-MHTEM,54,One year,Fiber optic,Yes,No,Yes,Yes,No,No,Yes,Yes
2055-PDADH,3,Month-to-month,Fiber optic,Yes,No,No,No,No,No,No,No
7515-LODFU,69,Two year,No,Yes,No,No internet service,No internet service,No internet service,No internet service,No internet service,No internet service
0440-UEDAI,53,One year,Fiber optic,Yes,No,No,Yes,Yes,Yes,No,Yes
1337-BOZWO,18,One year,DSL,No,No phone service,No,Yes,Yes,No,Yes,No
0868-VJRDR,64,Two year,Fiber optic,Yes,No,Yes,Yes,No,Yes,Yes,Yes
8714-EUHJO,31,Month-to-month,Fiber optic,Yes,Yes,No,Yes,No,No,No,Yes
6344-SFJVH,20,Month-to-month,DSL,No,No phone service,No,No,No,No,No,No
3950-VPYJB,57,One year,DSL,Yes,No,Yes,Yes,No,Yes,No,No
8041-TMEID,63,Two year,Fiber optic,Yes,Yes,Yes,Yes,Yes,No,Yes,Yes
7321-ZNSLA,13,Two year,DSL,No,No phone service,Yes,Yes,No,Yes,No,No
6941-KXRRV,48,One year,DSL,Yes,No,No,Yes,No,No,No,Yes
3721-CNEYS,2,Month-to-month,Fiber optic,Yes,No,No,No,No,No,No,No
8727-JQFHV,57,Two year,No,Yes,No,No internet service,No internet service,No internet service,No internet service,No internet service,No internet service
9475-NNDGC,71,One year,Fiber optic,Yes,Yes,No,Yes,Yes,Yes,Yes,Yes
1355-KUSBG,7,Month-to-month,DSL,Yes,Yes,No,No,No,No,No,No
3688-FTHLT,16,Month-to-month,DSL,Yes,Yes,No,No,No,No,No,Yes
0899-LIIBW,34,Month-to-month,Fiber optic,Yes,Yes,No,No,Yes,No,Yes,Yes
2568-OIADY,37,Month-to-month,Fiber optic,Yes,Yes,No,No,Yes,No,Yes,Yes
1384-RCUXW,16,Month-to-month,Fiber optic,Yes,Yes,No,Yes,No,No,No,No
5825-XJOCM,48,One year,DSL,Yes,Yes,Yes,Yes,Yes,No,No,No
6848-YLDFR,58,One year,DSL,Yes,No,No,Yes,No,Yes,Yes,Yes
8125-QPFJD,72,Two year,DSL,Yes,Yes,Yes,No,Yes,Yes,Yes,Yes
2320-YKQBO,7,Month-to-month,No,Yes,No,No internet service,No internet service,No internet service,No internet service,No internet service,No internet service
1193-RTSLK,38,Month-to-month,Fiber optic,Yes,No,Yes,Yes,Yes,No,No,No
2302-ANTDP,48,Month-to-month,Fiber optic,Yes,Yes,Yes,Yes,Yes,Yes,Yes,Yes
5923-GXUOC,10,Month-to-month,Fiber optic,Yes,No,Yes,Yes,Yes,No,Yes,Yes
4973-RLZVI,30,One year,DSL,Yes,No,Yes,Yes,Yes,Yes,Yes,No
7869-ZYDST,31,Month-to-month,DSL,Yes,Yes,No,No,No,No,Yes,No
4501-UYKBC,46,One year,DSL,Yes,Yes,No,No,Yes,Yes,No,Yes
1215-EXRMO,50,Two year,No,Yes,No,No internet service,No internet service,No internet service,No internet service,No internet service,No internet service
2305-MRGLV,28,Month-to-month,Fiber optic,Yes,No,No,No,No,Yes,No,No
8404-VIOMB,66,Two year,DSL,No,No phone service,Yes,Yes,Yes,Yes,Yes,Yes
5233-GEEAX,8,Month-to-month,DSL,No,No phone service,No,No,Yes,No,No,No
2359-KLTEK,41,Month-to-month,Fiber optic,Yes,No,No,No,Yes,No,Yes,Yes
5304-EFJLP,72,Two year,Fiber optic,Yes,Yes,No,Yes,Yes,Yes,Yes,Yes
2673-ZALNP,7,One year,No,Yes,No,No internet service,No internet service,No internet service,No internet service,No internet service,No internet service
9184-GALIL,38,Month-to-month,No,Yes,No,No internet service,No internet service,No internet service,No internet service,No internet service,No internet service
4393-RYCRE,44,One year,Fiber optic,Yes,No,Yes,Yes,Yes,No,Yes,Yes
9746-MDMBK,47,One year,Fiber optic,Yes,Yes,Yes,Yes,Yes,Yes,Yes,Yes
3162-ZJZFU,53,Month-to-month,Fiber optic,Yes,No,No,Yes,No,Yes,Yes,No
8404-GFGCZ,4,Month-to-month,DSL,Yes,Yes,No,No,Yes,No,Yes,No
8875-AKBYH,20,Month-to-month,Fiber optic,Yes,Yes,No,No,No,No,Yes,No
4432-ADRLB,2,Month-to-month,DSL,Yes,No,No,No,No,No,No,No
0533-UCAAU,57,One year,DSL,Yes,Yes,No,Yes,Yes,No,Yes,No
1394-SUIUH,44,Month-to-month,Fiber optic,Yes,No,Yes,Yes,No,Yes,No,No
3521-MNKLV,24,Month-to-month,DSL,Yes,No,No,No,Yes,No,No,No
2533-TIBIX,15,Month-to-month,DSL,No,No phone service,Yes,No,No,No,No,No
8993-PHFWD,3,Month-to-month,DSL,No,No phone service,No,No,No,No,No,No
1565-RHDJD,4,Month-to-month,Fiber optic,Yes,Yes,No,Yes,Yes,No,No,No
7137-RYLPP,37,Month-to-month,Fiber optic,Yes,Yes,No,No,No,No,Yes,No
3765-JXVKY,1,Month-to-month,Fiber optic,Yes,No,No,Yes,No,No,No,No
5092-STPKP,24,Month-to-month,DSL,Yes,No,Yes,No,No,Yes,No,No
7330-WZLNC,5,Month-to-month,Fiber optic,Yes,Yes,No,Yes,No,No,Yes,No
0114-PEGZZ,33,Month-to-month,Fiber optic,Yes,Yes,No,Yes,Yes,No,Yes,Yes
3359-DSRKA,58,Two year,No,Yes,No,No internet service,No internet service,No internet service,No internet service,No internet service,No internet service
8639-NHQEI,72,Two year,Fiber optic,Yes,Yes,Yes,Yes,No,No,Yes,No
7161-DFHUF,71,Two year,No,Yes,Yes,No internet service,No internet service,No internet service,No internet service,No internet service,No internet service
3957-LXOLK,28,Month-to-month,Fiber optic,Yes,Yes,No,Yes,Yes,No,Yes,Yes
3720-DBRWL,51,Two year,DSL,Yes,No,Yes,Yes,Yes,Yes,Yes,Yes
6635-MYYYZ,30,One year,DSL,Yes,No,Yes,Yes,Yes,Yes,Yes,Yes
8565-WUXZU,72,Two year,Fiber optic,Yes,No,Yes,Yes,No,Yes,No,No
5281-BUZGT,36,Month-to-month,Fiber optic,Yes,Yes,Yes,No,No,No,Yes,No
4994-OBRSZ,14,Two year,DSL,Yes,No,Yes,Yes,Yes,Yes,No,Yes
0562-FGDCR,72,Two year,DSL,Yes,Yes,Yes,Yes,No,Yes,Yes,No
2436-QBZFP,22,Month-to-month,DSL,No,No phone service,No,Yes,No,No,Yes,No
3420-YJLQT,2,Month-to-month,Fiber optic,Yes,Yes,No,Yes,No,No,No,No
6040-CGACY,15,Month-to-month,No,Yes,No,No internet service,No internet service,No internet service,No internet service,No internet service,No internet service
6582-PLFUU,51,Two year,No,Yes,No,No internet service,No internet service,No internet service,No internet service,No internet service,No internet service
8242-PDSGJ,70,Two year,DSL,No,No phone service,Yes,No,Yes,Yes,No,No
0264-CNITK,71,Two year,No,Yes,No,No internet service,No internet service,No internet service,No internet service,No internet service,No internet service
0089-IIQKO,39,Month-to-month,Fiber optic,Yes,Yes,No,No,No,Yes,Yes,Yes
7839-NUIAA,61,Month-to-month,DSL,Yes,Yes,Yes,Yes,No,No,No,No
6075-QMNRR,52,Month-to-month,DSL,Yes,No,Yes,No,No,No,No,No
5378-IKEEG,1,Month-to-month,DSL,No,No phone service,No,No,No,No,Yes,No
5966-EMAZU,64,One year,Fiber optic,Yes,Yes,Yes,No,Yes,Yes,Yes,Yes
0440-EKDCF,62,Two year,DSL,Yes,No,No,Yes,Yes,Yes,No,No
4774-HHGGS,30,Two year,No,Yes,No,No internet service,No internet service,No internet service,No internet service,No internet service,No internet service
2718-GAXQD,4,Month-to-month,DSL,Yes,No,No,No,No,No,No,No
2055-BFOCC,63,One year,DSL,Yes,No,Yes,Yes,Yes,Yes,Yes,Yes
8180-AKMJV,1,Month-to-month,DSL,Yes,No,No,No,No,No,No,No
4298-OYIFC,15,Month-to-month,Fiber optic,Yes,Yes,No,No,Yes,Yes,Yes,Yes
5566-SOEZD,27,One year,Fiber optic,Yes,No,Yes,Yes,No,No,No,No
9842-EFSYY,4,Month-to-month,DSL,No,No phone service,Yes,Yes,Yes,No,Yes,Yes
2272-WUSPA,72,Two year,Fiber optic,Yes,Yes,Yes,Yes,Yes,No,Yes,Yes
4584-LBNMK,45,One year,No,Yes,Yes,No internet service,No internet service,No internet service,No internet service,No internet service,No internet service
3898-GUYTS,45,Month-to-month,Fiber optic,Yes,Yes,Yes,Yes,No,Yes,Yes,No
0930-EHUZA,36,One year,DSL,Yes,No,Yes,Yes,Yes,Yes,Yes,No
6413-XKKPU,17,Month-to-month,Fiber optic,Yes,No,Yes,No,Yes,No,Yes,No
9975-SKRNR,1,Month-to-month,No,Yes,No,No internet service,No internet service,No internet service,No internet service,No internet service,No internet service
3703-KBKZP,16,Month-to-month,Fiber optic,Yes,Yes,No,No,No,No,No,No
1449-XQEMT,3,Month-to-month,No,Yes,No,No internet service,No internet service,No internet service,No internet service,No internet service,No internet service
2626-URJFX,4,Month-to-month,DSL,Yes,Yes,No,No,No,No,No,No
4973-MGTON,71,Two year,DSL,Yes,No,Yes,Yes,Yes,Yes,Yes,Yes
3682-YEUWS,10,Month-to-month,No,Yes,Yes,No internet service,No internet service,No internet service,No internet service,No internet service,No internet service
1223-UNPKS,20,Two year,No,Yes,No,No internet service,No internet service,No internet service,No internet service,No internet service,No internet service
2612-RRIDN,4,Month-to-month,Fiber optic,Yes,No,No,No,No,No,Yes,No
4735-ASGMA,26,Month-to-month,Fiber optic,Yes,Yes,No,No,Yes,No,Yes,Yes
3446-QDSZF,4,Month-to-month,DSL,Yes,No,No,No,No,No,Yes,No
3669-LVWZB,5,Month-to-month,DSL,No,No phone service,No,Yes,No,No,Yes,Yes
6892-EZDTG,4,Month-to-month,Fiber optic,Yes,Yes,No,Yes,No,No,Yes,No
5117-IFGPS,29,Month-to-month,Fiber optic,Yes,Yes,No,No,No,No,No,Yes
7379-FNIUJ,2,Month-to-month,Fiber optic,Yes,No,Yes,Yes,No,No,Yes,Yes
1627-AFWVJ,29,Two year,No,Yes,No,No internet service,No internet service,No internet service,No internet service,No internet service,No internet service
9725-SCPZG,1,Month-to-month,Fiber optic,Yes,No,No,No,No,No,Yes,Yes
5884-GCYMI,1,Month-to-month,Fiber optic,Yes,No,No,No,No,No,No,No
3217-FZDMN,8,Month-to-month,Fiber optic,Yes,No,No,No,Yes,No,Yes,Yes
4486-EFAEB,13,Month-to-month,No,Yes,No,No internet service,No internet service,No internet service,No internet service,No internet service,No internet service
0060-FUALY,59,Month-to-month,Fiber optic,Yes,Yes,Yes,Yes,No,No,Yes,No
7853-GVUDZ,1,Month-to-month,No,Yes,No,No internet service,No internet service,No internet service,No internet service,No internet service,No internet service
7480-QNVZJ,50,Month-to-month,Fiber optic,Yes,Yes,No,No,No,No,Yes,Yes
6954-OOYZZ,18,Month-to-month,DSL,Yes,No,No,No,No,No,No,No
7088-FBAWU,17,Month-to-month,DSL,Yes,No,Yes,Yes,No,No,Yes,Yes
8313-AFGBW,47,Two year,DSL,Yes,No,No,Yes,Yes,No,Yes,Yes
3943-KDREE,26,Month-to-month,Fiber optic,Yes,Yes,No,No,No,No,No,No
9239-ZBZZV,6,Month-to-month,DSL,No,No phone service,No,No,Yes,No,Yes,Yes
3097-IDVPU,19,Month-to-month,DSL,Yes,Yes,No,No,No,No,No,No
4398-HSCJH,3,Month-to-month,DSL,Yes,Yes,No,No,No,Yes,Yes,No
2197-OMWGI,68,Two year,DSL,No,No phone service,No,Yes,Yes,No,Yes,Yes
2303-PJYHN,2,Month-to-month,No,Yes,No,No internet service,No internet service,No internet service,No internet service,No internet service,No internet service
9795-VOWON,7,One year,DSL,No,No phone service,No,No,No,No,No,No
1237-WIYYZ,18,Month-to-month,No,Yes,No,No internet service,No internet service,No internet service,No internet service,No internet service,No internet service
1987-AUELQ,71,Two year,No,Yes,Yes,No internet service,No internet service,No internet service,No internet service,No internet service,No internet service
7852-LECYP,13,Month-to-month,Fiber optic,Yes,Yes,Yes,Yes,No,No,No,Yes
4430-UZIPO,3,Month-to-month,DSL,No,No phone service,No,Yes,No,Yes,No,No
4822-LPTYJ,72,Two year,Fiber optic,Yes,Yes,No,Yes,Yes,No,Yes,Yes
8165-CBKXO,66,Two year,DSL,No,No phone service,No,Yes,Yes,No,Yes,Yes
6527-PZFPV,24,One year,No,Yes,No,No internet service,No internet service,No internet service,No internet service,No internet service,No internet service
4855-SNKMY,1,Month-to-month,DSL,Yes,No,No,No,No,No,No,No
9593-CVZKR,56,Two year,No,Yes,Yes,No internet service,No internet service,No internet service,No internet service,No internet service,No internet service
8595-SIZNC,22,One year,No,Yes,Yes,No internet service,No internet service,No internet service,No internet service,No internet service,No internet service
8008-HAWED,14,Month-to-month,DSL,No,No phone service,No,No,Yes,No,Yes,Yes
7124-UGSUR,61,One year,Fiber optic,Yes,Yes,No,Yes,Yes,No,Yes,Yes
1862-SKORY,40,Month-to-month,DSL,No,No phone service,No,Yes,No,No,Yes,No
5236-XMZJY,42,Month-to-month,DSL,Yes,No,Yes,Yes,Yes,No,No,No
4827-DPADN,72,Two year,DSL,Yes,Yes,Yes,No,Yes,Yes,Yes,Yes
2694-CIUMO,12,Month-to-month,Fiber optic,Yes,Yes,No,No,No,Yes,No,No
5846-ABOBJ,71,Two year,No,Yes,Yes,No internet service,No internet service,No internet service,No internet service,No internet service,No internet service
1439-LCGVL,26,One year,No,Yes,No,No internet service,No internet service,No internet service,No internet service,No internet service,No internet service
0909-SDHNU,7,Month-to-month,DSL,No,No phone service,Yes,No,No,No,No,No
4647-XXZAM,6,Month-to-month,DSL,Yes,No,No,No,No,No,No,No
1502-XFCVR,58,One year,Fiber optic,Yes,No,Yes,Yes,Yes,No,Yes,Yes
7740-KKCXF,51,Month-to-month,DSL,No,No phone service,No,Yes,No,No,No,No
5360-XGYAZ,72,Two year,DSL,No,No phone service,Yes,Yes,Yes,Yes,Yes,Yes
9692-TUSXH,18,Month-to-month,Fiber optic,Yes,No,Yes,No,No,No,Yes,Yes
7912-SYRQT,7,Month-to-month,Fiber optic,Yes,Yes,No,No,No,No,No,No
3557-HTYWR,47,Two year,DSL,Yes,Yes,Yes,Yes,No,Yes,No,Yes
4816-JBHOV,2,Month-to-month,DSL,Yes,No,No,No,No,No,No,No
8920-NAVAY,62,One year,Fiber optic,Yes,Yes,No,Yes,Yes,Yes,Yes,Yes
1699-TLDLZ,16,Two year,No,Yes,No,No internet service,No internet service,No internet service,No internet service,No internet service,No internet service
5600-PDUJF,6,Month-to-month,DSL,Yes,No,No,No,No,Yes,No,No
8292-TYSPY,19,Month-to-month,DSL,Yes,No,No,No,Yes,Yes,No,No
0567-XRHCU,69,Two year,DSL,No,No phone service,Yes,No,Yes,No,No,Yes
1867-BDVFH,11,Month-to-month,Fiber optic,Yes,Yes,No,No,No,No,No,No
2067-QYTCF,64,Month-to-month,Fiber optic,Yes,Yes,No,Yes,Yes,Yes,Yes,Yes
2359-QWQUL,39,One year,Fiber optic,Yes,No,Yes,No,Yes,Yes,Yes,Yes
9103-TCIHJ,15,Month-to-month,DSL,Yes,Yes,Yes,No,No,No,No,No
7407-SUJIZ,25,Month-to-month,No,Yes,No,No internet service,No internet service,No internet service,No internet service,No internet service,No internet service
9150-KPBJQ,6,Two year,No,Yes,No,No internet service,No internet service,No internet service,No internet service,No internet service,No internet service
0052-DCKON,66,One year,Fiber optic,Yes,Yes,Yes,Yes,Yes,Yes,Yes,Yes
3654-ARMGP,61,Two year,DSL,Yes,Yes,No,Yes,Yes,Yes,Yes,Yes
9699-UBQFS,43,Month-to-month,Fiber optic,Yes,Yes,Yes,Yes,No,No,Yes,No
9367-TCUYN,12,Month-to-month,No,Yes,No,No internet service,No internet service,No internet service,No internet service,No internet service,No internet service
1261-FWTTE,23,Month-to-month,DSL,No,No phone service,No,No,No,No,No,Yes
3528-HFRIQ,71,Month-to-month,DSL,No,No phone service,No,Yes,Yes,No,Yes,Yes
0708-SJDIS,34,Month-to-month,DSL,Yes,Yes,No,No,No,Yes,Yes,No
4140-WJAWW,5,Month-to-month,No,Yes,No,No internet service,No internet service,No internet service,No internet service,No internet service,No internet service
2073-QBVBI,41,One year,DSL,No,No phone service,No,Yes,No,Yes,No,No
6928-ONTRW,72,Two year,No,Yes,No,No internet service,No internet service,No internet service,No internet service,No internet service,No internet service
3320-VEOYC,14,Month-to-month,Fiber optic,Yes,Yes,No,No,No,No,Yes,Yes
5231-FIQPA,41,Two year,No,Yes,No,No internet service,No internet service,No internet service,No internet service,No internet service,No internet service
6617-WLBQC,23,One year,Fiber optic,Yes,Yes,Yes,No,No,No,No,No
2599-CIPQE,71,Two year,Fiber optic,Yes,No,Yes,Yes,Yes,Yes,Yes,Yes
6653-CBBOM,1,Month-to-month,Fiber optic,Yes,No,No,No,No,No,No,No
8774-GSBUN,72,Two year,No,Yes,Yes,No internet service,No internet service,No internet service,No internet service,No internet service,No internet service
7326-RIGQZ,6,Month-to-month,Fiber optic,Yes,No,No,No,No,No,No,No
1401-FTHFQ,23,One year,No,Yes,No,No internet service,No internet service,No internet service,No internet service,No internet service,No internet service
3247-ZVOUO,10,Month-to-month,Fiber optic,Yes,Yes,No,No,No,No,No,Yes
0254-FNMCI,72,Two year,Fiber optic,Yes,No,Yes,Yes,Yes,Yes,Yes,Yes
1848-LBZHY,7,Month-to-month,DSL,Yes,No,Yes,No,No,No,No,No
6101-IMRMM,6,Month-to-month,Fiber optic,Yes,No,No,No,Yes,No,Yes,Yes
8118-TJAFG,9,Month-to-month,Fiber optic,Yes,No,No,Yes,No,Yes,Yes,Yes
5429-LWCMV,12,Month-to-month,Fiber optic,Yes,Yes,No,Yes,No,No,No,Yes
7298-IZWLY,1,Month-to-month,No,Yes,No,No internet service,No internet service,No internet service,No internet service,No internet service,No internet service
9758-MFWGD,48,One year,DSL,No,No phone service,No,Yes,No,No,No,No
3955-JBZZM,20,Month-to-month,Fiber optic,Yes,No,No,No,No,No,Yes,No
1268-ASBGA,16,Month-to-month,Fiber optic,Yes,Yes,No,No,No,No,No,Yes
8943-URTMR,2,Month-to-month,Fiber optic,Yes,No,No,No,No,No,Yes,No
4815-TUMEQ,10,One year,No,Yes,No,No internet service,No internet service,No internet service,No internet service,No internet service,No internet service
4713-LZDRV,2,Month-to-month,Fiber optic,Yes,No,No,No,No,No,No,Yes
9909-IDLEK,20,Month-to-month,Fiber optic,Yes,Yes,No,Yes,No,Yes,Yes,No
4092-OFQZS,20,One year,No,Yes,No,No internet service,No internet service,No internet service,No internet service,No internet service,No internet service
1561-BWHIN,19,One year,No,Yes,No,No internet service,No internet service,No internet service,No internet service,No internet service,No internet service
4325-NFSKC,19,Month-to-month,Fiber optic,Yes,Yes,Yes,No,No,No,Yes,No
9927-DSWDF,22,Month-to-month,Fiber optic,Yes,No,Yes,Yes,No,Yes,Yes,Yes
9500-LTVBP,35,Month-to-month,Fiber optic,Yes,Yes,No,No,No,Yes,No,No
7252-NTGSS,1,Month-to-month,DSL,Yes,No,No,No,No,No,No,No
8149-AIQCG,39,Month-to-month,Fiber optic,Yes,Yes,No,No,No,No,No,No
1360-JYXKQ,54,One year,Fiber optic,Yes,No,No,No,Yes,Yes,Yes,Yes
2955-PSXOE,1,Month-to-month,No,Yes,No,No internet service,No internet service,No internet service,No internet service,No internet service,No internet service
7762-URZQH,66,Two year,Fiber optic,Yes,Yes,Yes,No,Yes,No,Yes,Yes
0899-WZRSD,56,Month-to-month,Fiber optic,Yes,Yes,Yes,No,No,Yes,Yes,Yes
3255-GRXMG,18,Month-to-month,DSL,Yes,No,No,No,No,No,No,No
4828-FAZPK,16,Month-to-month,Fiber optic,Yes,Yes,No,Yes,No,No,No,No
6094-ZIVKX,68,One year,DSL,Yes,No,Yes,No,Yes,No,No,No
6925-BAYGL,53,Two year,No,Yes,Yes,No internet service,No internet service,No internet service,No internet service,No internet service,No internet service
3262-EIDHV,72,Two year,DSL,Yes,Yes,Yes,No,Yes,Yes,Yes,Yes
7354-OIJLX,9,Month-to-month,Fiber optic,Yes,Yes,No,No,No,No,No,No
1376-HHBDV,30,Month-to-month,DSL,Yes,No,Yes,No,No,No,No,No
6907-NZZIJ,36,Month-to-month,Fiber optic,Yes,Yes,No,Yes,No,No,Yes,Yes
6133-OZILE,18,Month-to-month,DSL,No,No phone service,No,No,Yes,Yes,No,No
4135-FRWKJ,55,One year,DSL,Yes,Yes,Yes,No,Yes,Yes,Yes,No
2911-UREFD,39,Month-to-month,DSL,No,No phone service,Yes,No,Yes,No,Yes,Yes
3744-ZRRDZ,21,Month-to-month,Fiber optic,Yes,Yes,No,Yes,No,No,No,No
5673-TIYIB,2,Month-to-month,DSL,No,No phone service,No,Yes,Yes,Yes,No,No
6551-ZCOTS,33,One year,No,Yes,Yes,No internet service,No internet service,No internet service,No internet service,No internet service,No internet service
7191-ADRGF,44,Two year,DSL,No,No phone service,No,Yes,Yes,No,Yes,Yes
5018-LXQQG,30,Month-to-month,DSL,Yes,No,Yes,No,No,Yes,No,Yes
6892-BOGQE,71,Two year,No,Yes,No,No internet service,No internet service,No internet service,No internet service,No internet service,No internet service
1602-IJQQE,4,Month-to-month,Fiber optic,Yes,Yes,No,No,No,No,No,No
4628-WQCQQ,35,One year,Fiber optic,Yes,No,No,No,Yes,No,Yes,No
1746-TGTWV,1,Month-to-month,Fiber optic,Yes,No,No,No,Yes,No,No,No
5995-SNNEW,23,Month-to-month,Fiber optic,Yes,Yes,No,Yes,Yes,No,Yes,Yes
8050-WYBND,22,One year,DSL,No,No phone service,No,No,Yes,No,Yes,Yes
2821-WARNZ,49,One year,No,Yes,No,No internet service,No internet service,No internet service,No internet service,No internet service,No internet service
4879-GZLFH,42,Month-to-month,Fiber optic,Yes,No,No,No,Yes,No,Yes,Yes
1644-IRKSF,33,One year,Fiber optic,Yes,No,No,No,Yes,No,Yes,Yes
8314-HTWVE,7,Two year,No,Yes,No,No internet service,No internet service,No internet service,No internet service,No internet service,No internet service
9402-ROUMJ,67,One year,Fiber optic,Yes,Yes,Yes,No,Yes,Yes,No,Yes
2507-QZPQS,15,Month-to-month,Fiber optic,Yes,Yes,No,Yes,No,Yes,No,Yes
7159-NOKYQ,67,Two year,Fiber optic,Yes,Yes,No,Yes,Yes,No,No,Yes
5707-ZMDJP,53,Two year,DSL,Yes,No,Yes,Yes,No,Yes,Yes,No
8779-YIQQA,21,One year,No,Yes,No,No internet service,No internet service,No internet service,No internet service,No internet service,No internet service
7136-IHZJA,40,Month-to-month,DSL,Yes,No,Yes,Yes,No,Yes,No,Yes
8966-OIQHG,22,One year,No,Yes,No,No internet service,No internet service,No internet service,No internet service,No internet service,No internet service
7074-STDCN,39,Month-to-month,DSL,No,No phone service,No,No,No,Yes,No,Yes
3705-PSNGL,45,One year,No,Yes,No,No internet service,No internet service,No internet service,No internet service,No internet service,No internet service
8739-QOTTN,2,Month-to-month,No,Yes,No,No internet service,No internet service,No internet service,No internet service,No internet service,No internet service
1399-OUPJN,57,Two year,No,Yes,No,No internet service,No internet service,No internet service,No internet service,No internet service,No internet service
0277-BKSQP,8,Month-to-month,DSL,Yes,No,No,No,No,No,Yes,No
6502-HCJTI,7,Month-to-month,Fiber optic,Yes,Yes,Yes,Yes,No,No,No,Yes
2606-RMDHZ,6,Month-to-month,DSL,No,No phone service,No,Yes,No,No,No,No
5774-XZTQC,7,Month-to-month,No,Yes,No,No internet service,No internet service,No internet service,No internet service,No internet service,No internet service
2676-SSLTO,49,Two year,DSL,Yes,Yes,No,No,No,Yes,Yes,No
6266-QHOJZ,65,One year,Fiber optic,Yes,Yes,Yes,Yes,No,Yes,No,No
7269-JISCY,55,One year,DSL,Yes,No,No,No,No,No,No,No
0363-SVHYR,71,Two year,DSL,Yes,Yes,Yes,Yes,Yes,Yes,Yes,Yes
8547-NSBBO,35,Month-to-month,Fiber optic,Yes,Yes,Yes,Yes,Yes,Yes,No,No
8258-GSTJK,3,Month-to-month,Fiber optic,Yes,Yes,No,No,No,No,No,No
6861-OKBCE,11,Month-to-month,No,Yes,No,No internet service,No internet service,No internet service,No internet service,No internet service,No internet service
9940-RHLFB,1,Month-to-month,Fiber optic,Yes,No,No,No,Yes,No,No,No
6591-QGOYB,17,Month-to-month,Fiber optic,Yes,Yes,Yes,Yes,Yes,Yes,Yes,No
9070-BCKQP,72,Two year,Fiber optic,Yes,Yes,Yes,No,Yes,Yes,Yes,Yes
6421-SZVEM,28,One year,Fiber optic,Yes,No,Yes,No,No,No,No,Yes
1328-EUZHC,18,Two year,No,Yes,No,No internet service,No internet service,No internet service,No internet service,No internet service,No internet service
2995-UPRYS,40,One year,Fiber optic,Yes,No,No,Yes,No,Yes,Yes,Yes
8878-RYUKI,52,Month-to-month,DSL,Yes,No,No,No,Yes,No,No,Yes
9633-DENPU,47,Month-to-month,DSL,Yes,No,No,Yes,No,No,Yes,No
7811-JIVPF,23,Month-to-month,DSL,Yes,No,No,No,Yes,No,No,No
7113-HIPFI,66,Two year,DSL,Yes,No,Yes,Yes,Yes,Yes,No,No
8541-QVFKM,8,Month-to-month,Fiber optic,Yes,Yes,No,No,No,No,No,No
6686-YPGHK,47,Month-to-month,Fiber optic,Yes,No,Yes,No,No,No,No,Yes
1383-EZRWL,7,Month-to-month,No,Yes,No,No internet service,No internet service,No internet service,No internet service,No internet service,No internet service
9258-CNWAC,71,Two year,Fiber optic,Yes,Yes,Yes,Yes,Yes,Yes,Yes,Yes
5371-VYLSX,50,Month-to-month,Fiber optic,Yes,Yes,Yes,Yes,No,No,No,No
6374-AFWOX,46,Two year,DSL,Yes,No,Yes,Yes,Yes,Yes,No,No
4759-TRPLW,1,Month-to-month,Fiber optic,Yes,No,No,No,No,No,No,No
5317-FLPJF,66,Two year,DSL,No,No phone service,Yes,No,Yes,Yes,Yes,Yes
7621-VPNET,42,Month-to-month,Fiber optic,Yes,Yes,No,No,Yes,Yes,No,No
6034-YMTOB,5,Month-to-month,Fiber optic,Yes,No,No,No,No,Yes,No,No
8563-IIOXK,7,One year,DSL,Yes,No,Yes,No,No,No,No,No
4903-CNOZC,29,One year,DSL,Yes,Yes,No,Yes,Yes,No,No,Yes
4353-HYOJD,27,Month-to-month,DSL,Yes,No,No,Yes,No,No,No,No
8020-BWHYL,15,Month-to-month,Fiber optic,Yes,No,No,Yes,No,No,No,No
7267-FRMJW,25,Two year,No,Yes,No,No internet service,No internet service,No internet service,No internet service,No internet service,No internet service
2982-VPSGI,11,Month-to-month,Fiber optic,Yes,Yes,No,No,No,No,Yes,Yes
4188-FRABG,57,Month-to-month,Fiber optic,Yes,Yes,Yes,Yes,Yes,Yes,Yes,No
8199-ZLLSA,67,One year,Fiber optic,Yes,Yes,Yes,Yes,Yes,Yes,Yes,Yes
4128-ETESU,47,Month-to-month,Fiber optic,Yes,Yes,No,No,Yes,No,Yes,Yes
0620-DLSLK,13,Month-to-month,Fiber optic,Yes,No,No,No,No,No,Yes,No
4625-EWPTF,8,Month-to-month,DSL,No,No phone service,Yes,No,No,No,No,No
5980-NOPLP,44,Month-to-month,Fiber optic,Yes,Yes,No,No,No,No,Yes,Yes
3850-OKINF,71,One year,DSL,Yes,Yes,Yes,No,No,No,Yes,No
6892-XPFPU,24,Month-to-month,Fiber optic,Yes,Yes,No,Yes,Yes,No,Yes,Yes
8010-EZLOU,15,Month-to-month,Fiber optic,Yes,Yes,No,Yes,No,No,No,No
1156-ZFYDO,1,Month-to-month,No,Yes,No,No internet service,No internet service,No internet service,No internet service,No internet service,No internet service
3295-YVUSR,2,Month-to-month,Fiber optic,Yes,Yes,No,No,No,No,No,No
8016-NCFVO,55,Month-to-month,Fiber optic,Yes,Yes,Yes,Yes,Yes,Yes,Yes,Yes
4119-ZYPZY,71,Two year,Fiber optic,Yes,Yes,No,Yes,No,Yes,Yes,Yes
5549-ZGHFB,50,Two year,No,Yes,Yes,No internet service,No internet service,No internet service,No internet service,No internet service,No internet service
7577-SWIFR,1,Month-to-month,Fiber optic,Yes,No,No,No,No,No,Yes,Yes
0303-WMMRN,5,Month-to-month,No,Yes,No,No internet service,No internet service,No internet service,No internet service,No internet service,No internet service
6408-OTUBZ,66,One year,Fiber optic,Yes,Yes,Yes,Yes,Yes,Yes,Yes,No
5204-HMGYF,49,One year,DSL,Yes,No,Yes,Yes,Yes,Yes,Yes,Yes
1078-TDCRN,3,Month-to-month,DSL,No,No phone service,No,Yes,No,No,No,No
3727-OVPRY,66,One year,No,Yes,Yes,No internet service,No internet service,No internet service,No internet service,No internet service,No internet service
3797-FKOGQ,11,Month-to-month,Fiber optic,Yes,Yes,No,No,No,No,No,Yes
7622-NXQZR,28,Month-to-month,DSL,No,No phone service,No,No,No,Yes,No,No
6196-HBOBZ,65,Two year,Fiber optic,Yes,Yes,Yes,Yes,Yes,No,Yes,No
3970-XGJDU,62,Two year,No,Yes,No,No internet service,No internet service,No internet service,No internet service,No internet service,No internet service
7017-VFULY,2,Month-to-month,No,Yes,No,No internet service,No internet service,No internet service,No internet service,No internet service,No internet service
5562-YJQGT,2,Month-to-month,No,Yes,No,No internet service,No internet service,No internet service,No internet service,No internet service,No internet service
8807-OPMBM,55,Two year,No,Yes,Yes,No internet service,No internet service,No internet service,No internet service,No internet service,No internet service
5439-WIKXB,41,Month-to-month,Fiber optic,Yes,No,No,Yes,No,No,Yes,Yes
9874-QLCLH,17,Month-to-month,Fiber optic,Yes,Yes,Yes,No,Yes,No,Yes,Yes
8294-UIMBA,30,One year,Fiber optic,Yes,No,No,No,No,Yes,Yes,Yes
8109-YUOHE,17,One year,DSL,Yes,No,Yes,Yes,No,No,No,No
5840-NVDCG,16,Two year,DSL,Yes,No,Yes,Yes,No,Yes,No,Yes
8092-NLTGF,72,Two year,No,Yes,Yes,No internet service,No internet service,No internet service,No internet service,No internet service,No internet service
5928-QLDHB,9,Month-to-month,Fiber optic,Yes,Yes,No,No,No,No,No,No
9840-EFJQB,1,Month-to-month,Fiber optic,Yes,No,No,Yes,No,No,No,No
0696-UKTOX,23,Month-to-month,DSL,Yes,No,No,Yes,No,Yes,No,No
4801-KFYKL,8,Month-to-month,No,Yes,No,No internet service,No internet service,No internet service,No internet service,No internet service,No internet service
3472-OAOOR,19,Month-to-month,DSL,No,No phone service,Yes,Yes,No,No,No,No
6135-OZQVA,7,Month-to-month,DSL,Yes,Yes,Yes,No,No,No,No,No
8062-YBDOE,1,Month-to-month,Fiber optic,Yes,No,No,No,No,No,No,No
2252-JHJGE,61,One year,Fiber optic,Yes,Yes,Yes,No,Yes,No,Yes,Yes
4188-PCPIG,57,Two year,DSL,Yes,No,Yes,Yes,No,Yes,Yes,No
6000-APYLU,9,Month-to-month,Fiber optic,Yes,No,No,No,No,No,No,Yes
7105-BENQF,15,One year,DSL,Yes,No,Yes,No,Yes,No,No,Yes
7721-DVEKZ,1,Month-to-month,No,Yes,No,No internet service,No internet service,No internet service,No internet service,No internet service,No internet service
3566-VVORZ,12,Month-to-month,DSL,Yes,No,No,No,No,No,No,No
9507-HSMMZ,54,Two year,No,Yes,No,No internet service,No internet service,No internet service,No internet service,No internet service,No internet service
2480-SQIOB,4,Month-to-month,DSL,Yes,No,No,No,No,No,No,No
0947-IDHRQ,7,Month-to-month,Fiber optic,Yes,No,No,No,No,No,Yes,No
7813-TKCVO,20,One year,No,Yes,No,No internet service,No internet service,No internet service,No internet service,No internet service,No internet service
0128-MKWSG,26,Month-to-month,DSL,No,No phone service,Yes,No,No,Yes,No,Yes
3672-YITQD,36,Month-to-month,Fiber optic,Yes,Yes,No,No,No,No,No,Yes
4350-ZTLPI,53,One year,Fiber optic,Yes,Yes,No,Yes,Yes,Yes,Yes,Yes
9048-JVYVF,3,Month-to-month,DSL,Yes,No,No,No,No,Yes,Yes,Yes
0361-HJRDX,68,Two year,DSL,No,No phone service,Yes,Yes,Yes,Yes,Yes,Yes
5727-MYATE,72,Two year,DSL,Yes,Yes,Yes,Yes,Yes,Yes,Yes,Yes
3823-KYNQY,12,One year,No,Yes,Yes,No internet service,No internet service,No internet service,No internet service,No internet service,No internet service
8988-ECPJR,34,Month-to-month,Fiber optic,Yes,Yes,No,Yes,No,No,No,No
7570-WELNY,68,Two year,Fiber optic,Yes,Yes,Yes,Yes,No,No,No,No
3021-VLNRJ,50,One year,DSL,Yes,No,Yes,No,Yes,Yes,Yes,No
3776-EKTKM,1,Month-to-month,DSL,No,No phone service,No,No,No,No,Yes,No
2080-CAZNM,41,Month-to-month,Fiber optic,Yes,Yes,No,Yes,Yes,No,Yes,Yes
1028-FFNJK,30,Month-to-month,Fiber optic,Yes,Yes,No,No,No,Yes,Yes,Yes
6907-FLBER,1,Month-to-month,DSL,Yes,Yes,No,Yes,No,No,No,No
3001-UNBTL,29,Month-to-month,Fiber optic,Yes,Yes,No,No,Yes,No,Yes,Yes
5982-PSMKW,23,Two year,DSL,Yes,Yes,Yes,Yes,Yes,Yes,Yes,Yes
3507-GASNP,60,Two year,No,Yes,No,No internet service,No internet service,No internet service,No internet service,No internet service,No internet service
7096-ZNBZI,72,Two year,No,Yes,Yes,No internet service,No internet service,No internet service,No internet service,No internet service,No internet service
1902-XBTFB,22,Month-to-month,Fiber optic,Yes,No,No,Yes,Yes,No,Yes,No
1676-MQAOA,72,Two year,DSL,Yes,No,Yes,Yes,Yes,Yes,Yes,No
0786-IVLAW,66,One year,Fiber optic,Yes,Yes,No,Yes,Yes,No,Yes,Yes
7566-DSRLQ,72,Two year,Fiber optic,Yes,Yes,No,Yes,Yes,Yes,Yes,Yes
0643-OKLRP,47,Month-to-month,Fiber optic,Yes,Yes,Yes,No,No,No,No,No
7245-JMTTQ,51,One year,Fiber optic,Yes,Yes,No,Yes,Yes,Yes,Yes,Yes
6050-IJRHS,70,One year,Fiber optic,Yes,Yes,No,Yes,Yes,No,Yes,Yes
6202-JVYEU,9,One year,No,Yes,No,No internet service,No internet service,No internet service,No internet service,No internet service,No internet service
8591-TKMZH,59,Two year,Fiber optic,Yes,Yes,Yes,Yes,No,Yes,Yes,Yes
0734-OXWBT,3,Month-to-month,DSL,Yes,No,No,No,No,Yes,Yes,Yes
4282-ACRXS,38,Month-to-month,DSL,No,No phone service,No,No,No,No,No,No
0365-TRTPY,37,Month-to-month,Fiber optic,Yes,Yes,Yes,Yes,Yes,No,No,No
7349-ALMUX,37,Two year,DSL,Yes,No,Yes,Yes,Yes,Yes,No,No
9381-NDKME,24,Month-to-month,DSL,No,No phone service,No,No,Yes,No,No,Yes
6502-KUGLL,14,Month-to-month,DSL,Yes,No,Yes,Yes,No,Yes,No,No
1841-YSJGV,72,Two year,Fiber optic,Yes,Yes,Yes,Yes,No,Yes,Yes,Yes
2794-XIMMO,53,One year,DSL,No,No phone service,No,Yes,Yes,Yes,Yes,Yes
8382-SHQEH,8,Month-to-month,Fiber optic,Yes,Yes,No,No,No,No,No,Yes
3511-BFTJW,72,Two year,DSL,No,No phone service,Yes,Yes,Yes,No,No,No
7668-XCFYV,17,Month-to-month,Fiber optic,Yes,Yes,No,No,No,No,Yes,Yes
2983-ZANRP,2,Month-to-month,Fiber optic,Yes,No,No,Yes,No,No,No,No
7845-URHJN,8,Month-to-month,No,Yes,No,No internet service,No internet service,No internet service,No internet service,No internet service,No internet service
3034-ZBEQN,48,One year,DSL,No,No phone service,No,Yes,Yes,No,No,No
5018-HEKFO,10,Month-to-month,No,Yes,Yes,No internet service,No internet service,No internet service,No internet service,No internet service,No internet service
2923-ARZLG,0,One year,No,Yes,No,No internet service,No internet service,No internet service,No internet service,No internet service,No internet service
3976-NLDEZ,1,Month-to-month,No,Yes,No,No internet service,No internet service,No internet service,No internet service,No internet service,No internet service
2282-YGNOR,29,One year,DSL,Yes,No,Yes,No,Yes,Yes,No,No
5336-UFNZP,65,One year,Fiber optic,Yes,Yes,No,Yes,Yes,No,Yes,Yes
6854-EXGSF,8,Month-to-month,DSL,Yes,Yes,Yes,Yes,Yes,No,No,No
1241-EZFMJ,61,Two year,No,Yes,Yes,No internet service,No internet service,No internet service,No internet service,No internet service,No internet service
9233-PSYHO,45,One year,Fiber optic,Yes,Yes,No,No,Yes,No,Yes,Yes
5376-PCKNB,72,One year,Fiber optic,Yes,Yes,No,Yes,Yes,No,Yes,Yes
8044-BGWPI,12,Month-to-month,No,Yes,No,No internet service,No internet service,No internet service,No internet service,No internet service,No internet service
4060-LDNLU,7,Month-to-month,Fiber optic,Yes,Yes,No,No,No,No,Yes,Yes
3589-PPVKW,9,Month-to-month,DSL,Yes,No,No,No,No,No,No,No
8327-LZKAS,43,One year,Fiber optic,Yes,Yes,No,No,Yes,Yes,Yes,Yes
5887-IKKYO,58,Two year,Fiber optic,Yes,Yes,No,No,Yes,Yes,No,Yes
1075-BGWOH,16,Month-to-month,Fiber optic,Yes,Yes,No,No,Yes,No,Yes,Yes
1755-RMCXH,2,Month-to-month,No,Yes,No,No internet service,No internet service,No internet service,No internet service,No internet service,No internet service
0302-JOIVN,8,Month-to-month,Fiber optic,Yes,No,No,Yes,Yes,No,Yes,Yes
3858-XHYJO,40,One year,Fiber optic,Yes,Yes,Yes,No,Yes,No,Yes,Yes
4299-SIMNS,9,Month-to-month,Fiber optic,Yes,Yes,Yes,No,No,No,No,No
7025-IWFHT,41,One year,Fiber optic,Yes,No,No,Yes,No,Yes,Yes,No
6261-LHRTG,26,Month-to-month,DSL,Yes,No,No,Yes,Yes,No,No,No
7841-FCRQD,33,One year,DSL,Yes,No,No,Yes,No,Yes,No,No
2056-EVGZL,68,One year,Fiber optic,Yes,No,No,Yes,Yes,Yes,Yes,Yes
8777-MBMTS,65,Two year,Fiber optic,Yes,No,No,Yes,Yes,Yes,Yes,Yes
7753-USQYQ,55,One year,DSL,Yes,No,No,Yes,No,Yes,No,Yes
5366-IJEQJ,20,Month-to-month,Fiber optic,Yes,Yes,No,No,Yes,No,Yes,No
7661-CPURM,19,One year,Fiber optic,Yes,No,No,No,No,Yes,No,Yes
6233-HXJMX,45,Month-to-month,Fiber optic,Yes,Yes,No,No,Yes,No,No,Yes
5902-WBLSE,70,Two year,No,Yes,No,No internet service,No internet service,No internet service,No internet service,No internet service,No internet service
1981-INRFU,2,Month-to-month,Fiber optic,Yes,No,No,No,No,No,Yes,No
4971-PUYQO,27,Month-to-month,Fiber optic,Yes,Yes,No,No,No,No,Yes,Yes
3239-TPHPZ,12,Two year,No,Yes,No,No internet service,No internet service,No internet service,No internet service,No internet service,No internet service
5115-GZDEL,72,Two year,DSL,No,No phone service,Yes,Yes,Yes,Yes,Yes,Yes
3338-CVVEH,12,Month-to-month,Fiber optic,Yes,Yes,No,No,No,No,Yes,Yes
8485-GJCDN,5,Month-to-month,Fiber optic,Yes,No,No,No,No,No,No,No
2615-YVMYX,71,Month-to-month,Fiber optic,Yes,Yes,Yes,Yes,Yes,No,Yes,Yes
2851-STERV,35,One year,DSL,Yes,No,No,No,Yes,Yes,Yes,Yes
4393-GEADV,70,Two year,Fiber optic,Yes,Yes,Yes,Yes,Yes,Yes,Yes,Yes
8486-AYEQH,31,Month-to-month,Fiber optic,Yes,Yes,No,No,No,No,No,No
1527-SXDPN,52,Two year,Fiber optic,Yes,Yes,No,No,Yes,Yes,No,Yes
6029-WTIPC,37,Month-to-month,Fiber optic,Yes,Yes,No,No,Yes,No,Yes,Yes
8634-CILSZ,69,One year,Fiber optic,Yes,Yes,No,Yes,No,Yes,Yes,Yes
5419-JKZNQ,30,Month-to-month,Fiber optic,Yes,Yes,No,No,No,No,No,No
2495-KZNFB,33,Month-to-month,Fiber optic,Yes,Yes,Yes,No,No,No,No,Yes
1409-PHXTF,54,Two year,Fiber optic,Yes,Yes,No,Yes,Yes,Yes,Yes,Yes
4560-WQAQW,59,One year,DSL,Yes,Yes,Yes,No,No,Yes,No,Yes
9591-YVTEB,55,Month-to-month,DSL,No,No phone service,Yes,Yes,No,No,Yes,No
9309-BZGNT,69,One year,DSL,No,No phone service,No,No,Yes,No,No,No
4274-DRSQT,66,One year,Fiber optic,Yes,Yes,No,Yes,No,No,Yes,No
2027-DNKIV,37,One year,DSL,Yes,No,Yes,No,Yes,Yes,No,No
8075-GXIUB,9,One year,No,Yes,No,No internet service,No internet service,No internet service,No internet service,No internet service,No internet service
2885-HIJDH,69,Two year,DSL,Yes,Yes,Yes,No,Yes,Yes,Yes,Yes
5424-RLQLC,10,Month-to-month,DSL,Yes,No,No,Yes,No,No,Yes,No
6682-QJDGB,40,Month-to-month,DSL,Yes,No,Yes,Yes,No,No,No,No
6507-DTJZV,13,Month-to-month,DSL,Yes,No,No,No,No,No,Yes,Yes
8780-IXSTS,6,Month-to-month,Fiber optic,Yes,Yes,No,Yes,No,No,Yes,No
7673-BQGKU,69,Two year,No,Yes,No,No internet service,No internet service,No internet service,No internet service,No internet service,No internet service
6723-WSNTY,66,One year,Fiber optic,Yes,Yes,No,Yes,Yes,Yes,Yes,Yes
9530-EHPOH,11,Month-to-month,DSL,Yes,Yes,No,No,Yes,No,No,No
2725-IWWBA,46,One year,DSL,Yes,No,Yes,No,Yes,Yes,No,No
0345-HKJVM,6,Month-to-month,Fiber optic,Yes,No,No,No,No,No,Yes,Yes
1061-PNTHC,56,Month-to-month,Fiber optic,Yes,Yes,Yes,No,Yes,Yes,Yes,Yes
0394-YONDK,70,Two year,No,Yes,Yes,No internet service,No internet service,No internet service,No internet service,No internet service,No internet service
6574-MCOEH,33,One year,DSL,Yes,Yes,No,No,Yes,Yes,Yes,Yes
7399-QHBJS,72,Two year,DSL,Yes,Yes,Yes,Yes,No,Yes,No,No
3049-SOLAY,3,Month-to-month,Fiber optic,Yes,Yes,No,No,No,No,Yes,Yes
0997-YTLNY,19,Month-to-month,DSL,Yes,No,No,No,No,Yes,No,No
3317-HRTNN,5,Month-to-month,DSL,No,No phone service,No,No,No,No,Yes,Yes
9479-HYNYL,71,Two year,DSL,Yes,No,No,Yes,Yes,Yes,Yes,Yes
3235-ETOOB,8,Month-to-month,Fiber optic,Yes,No,Yes,No,No,No,No,No
9708-KFDBY,1,Month-to-month,No,Yes,No,No internet service,No internet service,No internet service,No internet service,No internet service,No internet service
8058-INTPH,1,Month-to-month,Fiber optic,Yes,No,No,No,No,No,Yes,No
3642-GKTCT,61,One year,Fiber optic,Yes,Yes,Yes,Yes,Yes,Yes,Yes,Yes
0774-RMNUW,71,Two year,DSL,No,No phone service,Yes,Yes,No,Yes,Yes,Yes
1334-PDUKM,68,One year,Fiber optic,Yes,Yes,No,Yes,Yes,No,No,No
0756-MPZRL,46,One year,DSL,No,No phone service,No,No,Yes,Yes,No,No
2242-MFOTG,33,One year,Fiber optic,Yes,Yes,Yes,No,No,No,No,No
2927-CVULT,53,Two year,Fiber optic,Yes,Yes,Yes,Yes,Yes,Yes,No,Yes
2144-BFDSO,50,Month-to-month,Fiber optic,Yes,Yes,Yes,Yes,Yes,No,Yes,Yes
8745-PVESG,57,One year,DSL,No,No phone service,Yes,No,Yes,Yes,No,No
7647-GYYKX,54,Two year,No,Yes,No,No internet service,No internet service,No internet service,No internet service,No internet service,No internet service
5647-FXOTP,60,Month-to-month,Fiber optic,Yes,Yes,No,Yes,Yes,No,Yes,Yes
5569-OUICF,28,Month-to-month,Fiber optic,Yes,Yes,No,No,No,Yes,Yes,Yes
8821-XNHVZ,1,Month-to-month,Fiber optic,Yes,No,No,No,No,No,Yes,No
2082-OJVTK,29,Month-to-month,Fiber optic,Yes,Yes,No,No,Yes,No,No,Yes
9700-ISPUP,10,Month-to-month,DSL,Yes,No,No,Yes,No,Yes,No,Yes
9839-ETQOE,43,Month-to-month,DSL,No,No phone service,Yes,Yes,Yes,No,No,No
6078-VESFR,13,Month-to-month,Fiber optic,Yes,No,No,No,No,No,No,No
9027-TMATR,43,Two year,DSL,Yes,No,Yes,No,Yes,Yes,Yes,Yes
5940-NFXKV,19,Month-to-month,Fiber optic,Yes,Yes,No,No,No,No,No,Yes
1941-HOSAM,1,Month-to-month,Fiber optic,Yes,No,No,No,No,No,Yes,Yes
9110-HSGTV,69,Two year,DSL,Yes,No,Yes,No,Yes,Yes,Yes,Yes
0704-VCUMB,61,Two year,No,Yes,No,No internet service,No internet service,No internet service,No internet service,No internet service,No internet service
6171-ZTVYB,43,Month-to-month,DSL,Yes,Yes,Yes,Yes,No,Yes,No,No
8053-WWDRO,6,Month-to-month,No,Yes,No,No internet service,No internet service,No internet service,No internet service,No internet service,No internet service
9564-KCLHR,1,Month-to-month,DSL,Yes,No,No,No,No,Yes,No,No
1935-IMVBB,56,Month-to-month,Fiber optic,Yes,No,No,No,No,No,Yes,Yes
2535-PBCGC,70,Two year,DSL,No,No phone service,Yes,Yes,Yes,Yes,Yes,Yes
2082-CEFLT,1,Month-to-month,DSL,Yes,No,No,No,No,No,No,No
1470-PSXNM,49,One year,Fiber optic,Yes,Yes,No,Yes,Yes,No,Yes,No
1213-NGCUN,6,Month-to-month,DSL,Yes,No,No,No,No,Yes,No,No
2498-XLDZR,32,Two year,DSL,Yes,No,Yes,Yes,Yes,Yes,No,Yes
9866-OCCKE,72,Two year,Fiber optic,Yes,Yes,Yes,No,Yes,Yes,Yes,Yes
5338-YHWYT,37,Two year,DSL,Yes,No,Yes,Yes,No,Yes,No,No
7718-UPSKJ,69,One year,Fiber optic,Yes,No,Yes,Yes,No,Yes,Yes,Yes
8731-WBBMB,26,Month-to-month,DSL,Yes,No,No,Yes,Yes,Yes,Yes,Yes
1448-CYWKC,58,One year,Fiber optic,Yes,Yes,No,Yes,Yes,No,Yes,Yes
7901-IIDQV,24,One year,DSL,Yes,Yes,No,No,No,Yes,No,No
2690-DVRVK,5,One year,No,Yes,No,No internet service,No internet service,No internet service,No internet service,No internet service,No internet service
5688-KZTSN,15,Month-to-month,No,Yes,No,No internet service,No internet service,No internet service,No internet service,No internet service,No internet service
1270-XKUCC,30,Two year,No,Yes,No,No internet service,No internet service,No internet service,No internet service,No internet service,No internet service
0334-ZFJSR,55,One year,DSL,Yes,Yes,Yes,Yes,No,Yes,No,No
2894-QOJRX,25,Month-to-month,DSL,No,No phone service,No,No,No,No,Yes,No
5747-PMBSQ,10,Month-to-month,Fiber optic,Yes,No,No,Yes,Yes,Yes,Yes,No
5583-EJXRD,44,Two year,DSL,No,No phone service,Yes,Yes,Yes,Yes,No,Yes
4565-EVZMJ,47,One year,DSL,Yes,No,Yes,Yes,No,Yes,No,No
3143-JQEGI,13,Month-to-month,Fiber optic,Yes,No,No,No,No,No,Yes,Yes
6386-SZZKH,49,Two year,Fiber optic,Yes,Yes,No,Yes,Yes,Yes,Yes,Yes
3327-YBAKM,64,One year,Fiber optic,Yes,No,Yes,No,No,Yes,Yes,Yes
9441-QHEVC,1,Month-to-month,No,Yes,No,No internet service,No internet service,No internet service,No internet service,No internet service,No internet service
6705-LNMDD,20,Month-to-month,DSL,Yes,No,No,No,No,Yes,No,No
2580-ASVVY,37,Two year,DSL,No,No phone service,Yes,No,No,Yes,Yes,No
3370-GQEAL,30,Month-to-month,Fiber optic,Yes,Yes,No,No,No,No,Yes,No
5032-USPKF,38,One year,DSL,Yes,Yes,Yes,Yes,Yes,No,Yes,Yes
2982-IHMFT,1,Month-to-month,Fiber optic,Yes,Yes,No,No,No,No,No,No
3521-SYVOR,37,Month-to-month,DSL,Yes,No,No,No,No,No,Yes,Yes
4254-QPEDE,52,Two year,DSL,No,No phone service,Yes,Yes,Yes,Yes,Yes,Yes
6283-GITPX,71,Two year,DSL,Yes,No,Yes,Yes,Yes,Yes,Yes,No
9526-JAWYF,26,Month-to-month,Fiber optic,Yes,No,No,Yes,Yes,No,Yes,No
0771-CHWSK,66,Two year,DSL,Yes,Yes,Yes,Yes,Yes,No,No,Yes
9788-HNGUT,72,Two year,Fiber optic,Yes,Yes,Yes,Yes,Yes,Yes,Yes,Yes
9495-REDIY,25,One year,DSL,No,No phone service,Yes,No,No,No,Yes,No
5375-XLDOF,69,Two year,Fiber optic,Yes,Yes,Yes,Yes,Yes,Yes,Yes,Yes
1172-VIYBP,53,Two year,DSL,Yes,Yes,Yes,Yes,No,No,No,Yes
5649-VUKMC,12,One year,Fiber optic,Yes,No,No,No,Yes,No,Yes,Yes
6559-PDZLR,26,Month-to-month,Fiber optic,Yes,No,No,No,Yes,Yes,Yes,Yes
8992-OBVDG,21,Month-to-month,DSL,Yes,No,No,No,Yes,No,No,Yes
4273-MBHYA,1,Month-to-month,Fiber optic,Yes,No,No,No,No,No,Yes,Yes
4724-WXVWF,48,Month-to-month,Fiber optic,Yes,Yes,Yes,No,No,Yes,No,Yes
5701-GUXDC,26,One year,DSL,No,No phone service,Yes,No,Yes,No,No,No
1460-UZPRJ,60,Two year,No,Yes,No,No internet service,No internet service,No internet service,No internet service,No internet service,No internet service
6082-GLJIX,18,Month-to-month,No,Yes,No,No internet service,No internet service,No internet service,No internet service,No internet service,No internet service
5143-EGQFK,10,Month-to-month,DSL,No,No phone service,No,No,No,Yes,No,No
4919-IKATY,5,Month-to-month,Fiber optic,Yes,Yes,Yes,No,Yes,No,No,No
2495-TTHBQ,4,One year,No,Yes,No,No internet service,No internet service,No internet service,No internet service,No internet service,No internet service
0485-ZBSLN,65,Two year,No,Yes,Yes,No internet service,No internet service,No internet service,No internet service,No internet service,No internet service
3810-PJUHR,70,Two year,No,Yes,Yes,No internet service,No internet service,No internet service,No internet service,No internet service,No internet service
9050-QLROH,18,Month-to-month,Fiber optic,Yes,Yes,No,No,Yes,No,No,Yes
0847-HGRML,62,Two year,No,Yes,No,No internet service,No internet service,No internet service,No internet service,No internet service,No internet service
8232-CTLKO,66,Two year,DSL,Yes,No,Yes,No,No,No,Yes,No
9227-YBAXE,65,Two year,DSL,Yes,Yes,Yes,Yes,No,Yes,Yes,Yes
6168-WFVVF,3,Month-to-month,Fiber optic,Yes,No,No,No,No,No,No,No
9860-LISIZ,34,Month-to-month,No,Yes,No,No internet service,No internet service,No internet service,No internet service,No internet service,No internet service
0112-QAWRZ,16,Month-to-month,Fiber optic,Yes,Yes,No,No,Yes,No,Yes,No
0877-SDMBN,54,One year,Fiber optic,Yes,Yes,Yes,No,Yes,No,Yes,Yes
2786-GCDPI,50,Month-to-month,Fiber optic,Yes,Yes,No,No,Yes,Yes,Yes,Yes
4043-MKDTV,71,Two year,Fiber optic,Yes,No,No,Yes,Yes,Yes,Yes,Yes
8065-YKXKD,10,Month-to-month,Fiber optic,Yes,Yes,No,No,No,No,No,No
9637-EIHEQ,1,Month-to-month,DSL,Yes,No,No,No,No,Yes,No,No
9229-RQABD,18,One year,No,Yes,Yes,No internet service,No internet service,No internet service,No internet service,No internet service,No internet service
8313-KTIHG,4,Month-to-month,DSL,Yes,No,No,No,No,Yes,Yes,No
5320-BRKGK,58,Two year,DSL,Yes,Yes,Yes,No,Yes,Yes,Yes,No
6284-KMNUF,56,One year,Fiber optic,Yes,Yes,Yes,No,No,No,Yes,Yes
9689-PTNPG,2,Month-to-month,Fiber optic,Yes,No,No,No,No,No,Yes,No
9465-RWMXL,32,Month-to-month,Fiber optic,Yes,Yes,No,No,Yes,No,No,No
6229-UOLQL,56,One year,DSL,No,No phone service,Yes,Yes,No,Yes,Yes,No
2362-IBOOY,36,Month-to-month,Fiber optic,Yes,Yes,No,No,No,No,No,Yes
3137-LUPIX,4,Month-to-month,DSL,Yes,Yes,No,No,No,Yes,Yes,No
0843-WTBXE,53,Month-to-month,Fiber optic,Yes,Yes,No,No,No,No,Yes,No
6143-JQKEA,10,Month-to-month,DSL,Yes,No,No,No,No,No,No,No
8676-OOQEJ,4,Month-to-month,DSL,No,No phone service,No,No,No,Yes,No,No
5515-IDEJJ,1,Month-to-month,No,Yes,No,No internet service,No internet service,No internet service,No internet service,No internet service,No internet service
9701-CDXHR,51,Month-to-month,Fiber optic,Yes,No,No,No,No,No,No,No
7450-NWRTR,12,Month-to-month,Fiber optic,Yes,Yes,No,No,Yes,No,Yes,Yes
8124-NZVGJ,6,One year,DSL,No,No phone service,No,No,No,Yes,Yes,Yes
2162-FRZAA,63,Two year,DSL,No,No phone service,No,Yes,Yes,Yes,No,No
5376-DEQCP,1,Month-to-month,Fiber optic,Yes,No,No,No,No,No,No,No
5118-MUEYH,48,Month-to-month,Fiber optic,Yes,Yes,No,Yes,No,Yes,Yes,Yes
9095-HFAFX,5,Month-to-month,Fiber optic,Yes,No,No,No,No,No,Yes,No
5627-TVBPP,35,One year,No,Yes,No,No internet service,No internet service,No internet service,No internet service,No internet service,No internet service
2379-ENZGV,6,Month-to-month,Fiber optic,Yes,No,No,Yes,No,No,Yes,No
3936-QQFLL,2,Month-to-month,No,Yes,No,No internet service,No internet service,No internet service,No internet service,No internet service,No internet service
2589-AYCRP,50,One year,No,Yes,No,No internet service,No internet service,No internet service,No internet service,No internet service,No internet service
4067-HLYQI,33,Month-to-month,Fiber optic,Yes,No,No,No,No,No,No,No
5124-EOGYE,31,Two year,No,Yes,No,No internet service,No internet service,No internet service,No internet service,No internet service,No internet service
5057-RKGLH,9,Two year,No,Yes,No,No internet service,No internet service,No internet service,No internet service,No internet service,No internet service
0292-WEGCH,54,Month-to-month,DSL,Yes,Yes,No,Yes,Yes,Yes,Yes,Yes
8910-ICHIU,46,One year,Fiber optic,Yes,No,Yes,Yes,Yes,No,Yes,No
4097-YODCF,34,One year,Fiber optic,Yes,Yes,Yes,Yes,No,No,Yes,Yes
9715-WZCLW,71,Two year,Fiber optic,Yes,Yes,Yes,No,No,No,Yes,Yes
9786-YWNHU,63,Two year,DSL,Yes,No,Yes,Yes,Yes,Yes,No,No
6407-GSJNL,51,Two year,No,Yes,Yes,No internet service,No internet service,No internet service,No internet service,No internet service,No internet service
6005-OBZPH,26,Month-to-month,Fiber optic,Yes,Yes,No,Yes,No,No,Yes,No
4049-ZPALD,64,Two year,Fiber optic,Yes,No,Yes,No,Yes,No,Yes,Yes
7932-WPTDS,1,Month-to-month,DSL,No,No phone service,No,No,No,No,No,No
3733-UOCWF,61,One year,Fiber optic,Yes,Yes,No,Yes,No,Yes,No,No
6833-JMZYP,15,Month-to-month,Fiber optic,Yes,No,No,No,Yes,No,Yes,Yes
2722-VOJQL,64,One year,Fiber optic,Yes,Yes,No,Yes,No,Yes,Yes,Yes
1310-QRITU,18,Month-to-month,DSL,Yes,Yes,No,No,No,No,No,No
8961-QDZZJ,57,One year,Fiber optic,Yes,No,No,Yes,No,No,Yes,Yes
9715-SBVSU,14,Two year,DSL,Yes,No,Yes,Yes,No,No,No,Yes
8490-BXHEO,18,Month-to-month,Fiber optic,Yes,Yes,No,Yes,No,No,No,No
7173-TETGO,72,Two year,Fiber optic,Yes,Yes,Yes,No,No,No,No,No
7929-SKFGK,70,Two year,Fiber optic,Yes,Yes,Yes,Yes,Yes,Yes,Yes,Yes
2300-RQGOI,38,Two year,No,Yes,No,No internet service,No internet service,No internet service,No internet service,No internet service,No internet service
3563-SVYLG,68,Two year,DSL,Yes,No,Yes,Yes,Yes,Yes,No,No
5228-EXCET,13,Month-to-month,Fiber optic,Yes,No,No,No,No,No,No,Yes
6435-VWCCY,65,Two year,Fiber optic,Yes,Yes,Yes,Yes,No,No,Yes,No
4998-IKFSE,30,Month-to-month,Fiber optic,Yes,Yes,No,No,Yes,No,Yes,Yes
8630-QSGXK,51,Two year,DSL,Yes,Yes,No,No,No,Yes,Yes,Yes
2455-USLMV,31,Month-to-month,Fiber optic,Yes,Yes,Yes,No,Yes,No,No,No
7394-FKDNK,9,Month-to-month,Fiber optic,Yes,No,No,No,No,No,Yes,Yes
9488-FVZCC,72,Two year,DSL,Yes,Yes,Yes,Yes,Yes,Yes,No,Yes
6331-LWDTQ,10,Month-to-month,DSL,Yes,Yes,No,No,No,No,Yes,Yes
5995-WWKKG,37,One year,No,Yes,No,No internet service,No internet service,No internet service,No internet service,No internet service,No internet service
1597-FZREH,2,Month-to-month,DSL,Yes,No,No,No,Yes,Yes,Yes,Yes
7879-CGSFV,55,One year,Fiber optic,Yes,No,Yes,Yes,No,No,Yes,Yes
9921-EZKBY,33,Month-to-month,Fiber optic,Yes,Yes,Yes,No,Yes,No,No,Yes
7432-FFVAR,46,One year,Fiber optic,Yes,No,No,No,Yes,Yes,No,Yes
7246-ZGQDF,1,Month-to-month,DSL,Yes,No,Yes,No,No,Yes,No,No
7000-WCEVQ,20,Month-to-month,DSL,Yes,Yes,No,No,No,No,No,Yes
0727-IWKVK,9,Month-to-month,Fiber optic,Yes,No,No,Yes,Yes,No,No,No
5959-BELXA,32,Month-to-month,Fiber optic,Yes,Yes,No,No,No,No,Yes,Yes
4456-RHSNB,19,Month-to-month,DSL,Yes,No,No,No,Yes,No,No,No
3512-IZIKN,70,Two year,DSL,Yes,Yes,Yes,No,Yes,Yes,No,No
2481-SBOYW,61,Two year,No,Yes,Yes,No internet service,No internet service,No internet service,No internet service,No internet service,No internet service
7109-MFBYV,26,Month-to-month,DSL,Yes,No,No,No,No,No,No,No
1833-TCXKK,45,Month-to-month,Fiber optic,Yes,Yes,No,Yes,Yes,No,Yes,Yes
1832-PEUTS,62,Two year,Fiber optic,Yes,Yes,No,No,Yes,No,Yes,No
6141-OOXUQ,1,Month-to-month,No,Yes,No,No internet service,No internet service,No internet service,No internet service,No internet service,No internet service
8660-BUETV,3,Month-to-month,DSL,Yes,No,No,No,No,No,No,No
0580-PIQHM,41,One year,Fiber optic,Yes,Yes,Yes,Yes,Yes,No,No,Yes
5696-CEIQJ,67,Two year,Fiber optic,Yes,No,No,Yes,Yes,Yes,Yes,Yes
7503-ZGUZJ,1,Month-to-month,Fiber optic,Yes,Yes,No,No,No,No,Yes,No
1696-HXOWK,71,One year,Fiber optic,Yes,Yes,Yes,Yes,No,No,Yes,No
3026-ATZYV,37,One year,DSL,Yes,No,Yes,Yes,No,No,Yes,Yes
4012-YCFAI,60,Two year,DSL,Yes,No,Yes,Yes,No,Yes,No,No
2506-TNFCO,1,Month-to-month,Fiber optic,Yes,No,No,No,No,No,No,No
9970-QBCDA,6,Month-to-month,No,Yes,No,No internet service,No internet service,No internet service,No internet service,No internet service,No internet service
8718-PTMEZ,13,Month-to-month,DSL,No,No phone service,No,Yes,No,No,No,No
9496-IVVRP,11,Month-to-month,DSL,Yes,No,Yes,No,No,No,No,No
2207-OBZNX,7,Month-to-month,DSL,Yes,No,Yes,No,No,No,No,No
2657-VPXTA,10,Month-to-month,Fiber optic,Yes,No,No,No,No,No,Yes,Yes
6551-VLJMV,34,Two year,No,Yes,No,No internet service,No internet service,No internet service,No internet service,No internet service,No internet service
1221-GHZEP,62,Two year,DSL,Yes,No,Yes,No,No,Yes,No,Yes
9289-LBQVU,64,One year,DSL,Yes,Yes,No,Yes,No,Yes,No,Yes
6142-VSJQO,1,Month-to-month,DSL,Yes,No,No,No,No,No,No,No
3458-IDMFK,25,Two year,No,Yes,No,No internet service,No internet service,No internet service,No internet service,No internet service,No internet service
6933-FHBZC,26,One year,DSL,Yes,No,No,Yes,Yes,No,No,No
0221-NAUXK,10,One year,No,Yes,No,No internet service,No internet service,No internet service,No internet service,No internet service,No internet service
9770-KXGQU,53,One year,Fiber optic,Yes,Yes,Yes,Yes,Yes,No,Yes,No
6437-UKHMV,7,Month-to-month,Fiber optic,Yes,No,No,No,No,No,Yes,No
6538-POCHL,33,Month-to-month,Fiber optic,Yes,No,No,Yes,Yes,No,No,No
6726-NNFWD,71,Two year,Fiber optic,Yes,No,No,Yes,Yes,No,No,Yes
3002-WQZWT,29,Month-to-month,Fiber optic,Yes,Yes,No,No,No,No,No,No
4277-UDIEF,24,Month-to-month,DSL,Yes,Yes,Yes,No,No,Yes,Yes,Yes
1208-NBVFH,20,Month-to-month,DSL,Yes,No,No,No,Yes,No,No,No
4912-PIGUY,1,Month-to-month,Fiber optic,Yes,Yes,No,No,No,No,Yes,No
1114-CENIM,54,Month-to-month,DSL,Yes,Yes,No,Yes,No,No,No,No
6060-DRTNL,5,Month-to-month,Fiber optic,Yes,No,No,No,Yes,No,Yes,No
2725-TTRIQ,72,Two year,DSL,Yes,Yes,Yes,No,Yes,Yes,Yes,Yes
3374-TTZTK,52,Two year,Fiber optic,Yes,No,Yes,Yes,Yes,Yes,Yes,Yes
8990-ZXLSU,9,Month-to-month,Fiber optic,Yes,No,No,No,No,No,No,No
2275-RBYQS,1,Month-to-month,DSL,Yes,No,No,No,No,No,No,No
8473-VUVJN,1,Month-to-month,Fiber optic,Yes,Yes,No,No,No,No,No,No
6289-CPNLD,33,One year,DSL,Yes,No,No,No,Yes,Yes,Yes,Yes
5536-SLHPM,55,Month-to-month,Fiber optic,Yes,Yes,No,No,Yes,No,No,No
4419-UJMUS,69,Two year,Fiber optic,Yes,Yes,No,No,No,Yes,Yes,Yes
7794-JASDG,1,Month-to-month,DSL,Yes,No,Yes,No,No,No,No,No
7609-YBPXG,54,Two year,DSL,Yes,Yes,Yes,No,Yes,Yes,Yes,Yes
5519-TEEUH,33,One year,No,Yes,No,No internet service,No internet service,No internet service,No internet service,No internet service,No internet service
7856-GANIL,45,One year,Fiber optic,Yes,Yes,No,Yes,Yes,Yes,Yes,No
0804-XBFBV,11,Month-to-month,DSL,No,No phone service,No,No,No,No,No,No
2676-OXPPQ,6,Month-to-month,DSL,Yes,No,Yes,Yes,No,No,No,No
3703-TTEPD,21,Month-to-month,DSL,Yes,No,Yes,No,Yes,No,Yes,No
2799-TSLAG,65,Two year,No,Yes,Yes,No internet service,No internet service,No internet service,No internet service,No internet service,No internet service
0196-VULGZ,6,Month-to-month,Fiber optic,Yes,Yes,No,No,No,No,No,Yes
8837-VVWLQ,8,Month-to-month,Fiber optic,Yes,No,Yes,No,No,No,Yes,No
2696-NARTR,11,Month-to-month,Fiber optic,Yes,No,No,No,No,Yes,No,No
2208-NKVVH,43,Two year,No,Yes,Yes,No internet service,No internet service,No internet service,No internet service,No internet service,No internet service
7614-QVWQL,49,One year,DSL,No,No phone service,No,Yes,No,No,Yes,Yes
1976-CFOCS,1,Month-to-month,DSL,Yes,No,No,No,No,No,No,No
4631-OACRM,15,Month-to-month,Fiber optic,Yes,No,No,No,No,No,No,Yes
7139-JZFVG,60,Two year,DSL,Yes,No,Yes,Yes,Yes,No,No,No
4987-GQWPO,17,Month-to-month,DSL,No,No phone service,No,No,No,No,No,No
3755-JBMNH,16,Month-to-month,Fiber optic,Yes,No,No,No,No,No,No,No
1757-TCATG,35,One year,No,Yes,No,No internet service,No internet service,No internet service,No internet service,No internet service,No internet service
6345-ULYRW,44,One year,Fiber optic,Yes,Yes,No,Yes,No,No,No,Yes
4776-XSKYQ,12,One year,DSL,No,No phone service,No,No,No,Yes,No,No
8048-DSDFQ,1,Month-to-month,No,Yes,No,No internet service,No internet service,No internet service,No internet service,No internet service,No internet service
5753-QQWPW,28,One year,DSL,Yes,No,Yes,Yes,No,Yes,No,No
6010-DDPPW,70,Two year,No,Yes,Yes,No internet service,No internet service,No internet service,No internet service,No internet service,No internet service
1809-DMJHQ,5,Month-to-month,DSL,Yes,No,No,No,No,No,No,No
6693-FRIRW,18,Month-to-month,Fiber optic,Yes,No,No,Yes,Yes,No,Yes,Yes
6586-MYGKD,70,Two year,DSL,Yes,Yes,Yes,No,No,Yes,Yes,Yes
3173-NVMPX,9,Month-to-month,DSL,Yes,Yes,No,Yes,No,No,No,No
0248-PGHBZ,67,Two year,Fiber optic,Yes,No,Yes,Yes,No,Yes,Yes,No
0623-GDISB,1,Month-to-month,DSL,Yes,No,Yes,No,No,No,No,No
2892-GESUL,18,Two year,No,Yes,No,No internet service,No internet service,No internet service,No internet service,No internet service,No internet service
6923-EFPNL,4,Month-to-month,DSL,Yes,Yes,No,No,No,No,No,No
7472-EQOAV,71,One year,Fiber optic,Yes,No,Yes,Yes,Yes,No,No,No
9574-RKJIF,30,Month-to-month,Fiber optic,Yes,Yes,Yes,Yes,No,No,Yes,No
2043-WVTQJ,1,Month-to-month,DSL,Yes,No,Yes,No,Yes,No,No,No
8034-RYTVV,55,One year,Fiber optic,Yes,Yes,Yes,No,Yes,No,No,No
3863-QSTYI,59,Month-to-month,DSL,Yes,No,No,No,Yes,Yes,Yes,No
2619-WFQWU,1,Month-to-month,Fiber optic,Yes,No,No,No,No,No,No,No
5044-LRQAQ,7,Month-to-month,Fiber optic,Yes,No,No,No,No,No,No,No
1716-LSAMB,45,Two year,DSL,Yes,No,Yes,No,No,Yes,No,No
1333-PBMXB,54,One year,No,Yes,Yes,No internet service,No internet service,No internet service,No internet service,No internet service,No internet service
6546-OPBBH,51,One year,No,Yes,Yes,No internet service,No internet service,No internet service,No internet service,No internet service,No internet service
5985-BEHZK,72,One year,Fiber optic,Yes,Yes,No,Yes,Yes,No,Yes,Yes
9127-QRZMH,44,One year,DSL,Yes,No,Yes,Yes,No,Yes,No,No
5919-VCZYM,2,Month-to-month,No,Yes,No,No internet service,No internet service,No internet service,No internet service,No internet service,No internet service
9644-KVCNC,66,One year,Fiber optic,Yes,Yes,No,No,Yes,No,Yes,No
2137-DQMEV,68,One year,DSL,No,No phone service,Yes,Yes,No,No,Yes,No
8174-LNWMW,31,Two year,No,Yes,No,No internet service,No internet service,No internet service,No internet service,No internet service,No internet service
9279-CJEOJ,21,Month-to-month,Fiber optic,Yes,Yes,No,No,No,No,Yes,Yes
7964-VEXDG,21,Month-to-month,Fiber optic,Yes,Yes,Yes,No,No,No,No,No
2404-JIBFC,55,Two year,DSL,Yes,Yes,Yes,No,Yes,Yes,Yes,Yes
0778-NELLA,9,Month-to-month,DSL,No,No phone service,No,No,No,No,Yes,No
8029-XYPWT,71,Two year,Fiber optic,Yes,Yes,Yes,Yes,Yes,Yes,Yes,Yes
4614-NUVZD,1,Month-to-month,Fiber optic,Yes,No,No,No,No,No,No,Yes
4632-PAOYU,22,One year,No,Yes,No,No internet service,No internet service,No internet service,No internet service,No internet service,No internet service
3803-KMQFW,1,Month-to-month,No,Yes,No,No internet service,No internet service,No internet service,No internet service,No internet service,No internet service
6804-GDMOI,61,Two year,Fiber optic,Yes,Yes,No,No,Yes,Yes,Yes,Yes
2990-OGYTD,67,Two year,DSL,Yes,Yes,No,Yes,Yes,Yes,Yes,Yes
6646-JPPHA,14,Month-to-month,Fiber optic,Yes,No,Yes,Yes,No,No,No,No
9572-MTILT,59,Month-to-month,Fiber optic,Yes,Yes,Yes,Yes,Yes,Yes,Yes,No
7658-UYUQS,21,Month-to-month,Fiber optic,Yes,No,No,No,Yes,No,Yes,No
7880-XSOJX,4,Month-to-month,DSL,No,No phone service,Yes,Yes,No,Yes,No,No
9611-CTWIH,3,Month-to-month,Fiber optic,Yes,No,No,No,No,No,Yes,Yes
4589-IUAJB,70,Two year,No,Yes,Yes,No internet service,No internet service,No internet service,No internet service,No internet service,No internet service
0329-GTIAJ,3,Month-to-month,Fiber optic,Yes,No,No,Yes,No,Yes,Yes,Yes
8746-BFOAJ,21,One year,No,Yes,No,No internet service,No internet service,No internet service,No internet service,No internet service,No internet service
8457-XIGKN,20,Month-to-month,No,Yes,No,No internet service,No internet service,No internet service,No internet service,No internet service,No internet service
6072-NUQCB,22,One year,No,Yes,No,No internet service,No internet service,No internet service,No internet service,No internet service,No internet service
6629-CZTTH,1,Month-to-month,DSL,Yes,No,No,No,No,No,No,Yes
8838-GPHZP,63,Two year,No,Yes,No,No internet service,No internet service,No internet service,No internet service,No internet service,No internet service
8750-QWZAJ,70,Two year,No,Yes,No,No internet service,No internet service,No internet service,No internet service,No internet service,No internet service
5364-EVNIB,13,Month-to-month,Fiber optic,Yes,No,No,Yes,Yes,No,No,No
6918-UMQCG,5,Month-to-month,Fiber optic,Yes,No,No,No,No,No,Yes,No
0675-NCDYU,72,Two year,Fiber optic,Yes,Yes,Yes,Yes,Yes,Yes,Yes,Yes
6339-DKLMK,13,Month-to-month,DSL,No,No phone service,No,Yes,No,No,No,No
1346-PJWTK,61,Month-to-month,Fiber optic,Yes,No,No,Yes,Yes,Yes,No,Yes
5088-QZLRL,1,Month-to-month,No,Yes,No,No internet service,No internet service,No internet service,No internet service,No internet service,No internet service
8023-QHAIO,56,Month-to-month,Fiber optic,Yes,Yes,No,No,No,Yes,No,No
4397-FRLTA,4,Month-to-month,No,Yes,No,No internet service,No internet service,No internet service,No internet service,No internet service,No internet service
3057-VJJQE,35,Two year,DSL,Yes,Yes,Yes,No,No,No,No,No
5087-SUURX,18,Month-to-month,DSL,No,No phone service,No,No,Yes,No,Yes,No
2302-OUZXB,72,Two year,DSL,Yes,Yes,No,Yes,Yes,No,Yes,Yes
8133-ANHHJ,49,One year,Fiber optic,Yes,Yes,Yes,Yes,Yes,Yes,No,Yes
2270-CHBFN,44,Month-to-month,Fiber optic,Yes,Yes,Yes,Yes,Yes,Yes,No,No
0013-EXCHZ,3,Month-to-month,Fiber optic,Yes,No,No,No,No,Yes,Yes,No
5982-FPVQN,37,Month-to-month,Fiber optic,Yes,Yes,No,Yes,Yes,No,No,Yes
9107-UKCKY,61,One year,DSL,Yes,Yes,No,Yes,Yes,No,Yes,Yes
4654-ULTTN,70,Two year,DSL,Yes,Yes,Yes,No,Yes,Yes,No,Yes
5550-VFRLC,1,Month-to-month,Fiber optic,Yes,No,No,No,No,No,No,No
5546-BYZSM,41,Month-to-month,No,Yes,No,No internet service,No internet service,No internet service,No internet service,No internet service,No internet service
1492-KGETH,70,One year,DSL,Yes,Yes,Yes,Yes,Yes,Yes,No,Yes
4929-BSTRX,1,Month-to-month,DSL,Yes,No,No,No,No,No,Yes,No
4163-HFTUK,51,One year,No,Yes,No,No internet service,No internet service,No internet service,No internet service,No internet service,No internet service
8215-NGSPE,42,Two year,No,Yes,No,No internet service,No internet service,No internet service,No internet service,No internet service,No internet service
2225-ZRGSG,70,Two year,Fiber optic,Yes,Yes,Yes,Yes,Yes,Yes,No,No
8859-YSTWS,48,One year,No,Yes,No,No internet service,No internet service,No internet service,No internet service,No internet service,No internet service
5271-YNWVR,68,Two year,Fiber optic,Yes,Yes,Yes,Yes,Yes,Yes,Yes,Yes
7601-DHFWZ,48,Two year,No,Yes,Yes,No internet service,No internet service,No internet service,No internet service,No internet service,No internet service
2657-ALMWY,26,Month-to-month,Fiber optic,Yes,No,No,Yes,No,No,No,Yes
6330-JKLPC,11,Month-to-month,Fiber optic,Yes,Yes,No,Yes,No,No,No,No
4667-OHGKG,1,Month-to-month,No,Yes,No,No internet service,No internet service,No internet service,No internet service,No internet service,No internet service
1998-VHJHK,27,One year,No,Yes,No,No internet service,No internet service,No internet service,No internet service,No internet service,No internet service
1707-HABPF,46,One year,Fiber optic,Yes,No,No,Yes,Yes,No,Yes,No
1660-HSOOQ,1,Month-to-month,DSL,Yes,No,No,No,Yes,No,No,No
7253-UVNDW,46,Two year,DSL,Yes,No,No,No,Yes,Yes,No,No
0487-VVUVK,25,Month-to-month,No,Yes,No,No internet service,No internet service,No internet service,No internet service,No internet service,No internet service
7228-OMTPN,4,Month-to-month,Fiber optic,Yes,No,No,No,No,No,Yes,Yes
5063-IUOKK,13,Two year,No,Yes,No,No internet service,No internet service,No internet service,No internet service,No internet service,No internet service
4508-OEBEY,31,One year,DSL,Yes,No,Yes,Yes,Yes,Yes,No,Yes
0027-KWYKW,23,Month-to-month,Fiber optic,Yes,Yes,No,No,No,No,Yes,No
2308-STERM,2,Month-to-month,No,Yes,No,No internet service,No internet service,No internet service,No internet service,No internet service,No internet service
5982-XMDEX,65,Two year,No,Yes,Yes,No internet service,No internet service,No internet service,No internet service,No internet service,No internet service
6284-AHOOQ,22,Month-to-month,Fiber optic,Yes,Yes,No,No,No,Yes,Yes,No
6051-PTVNS,55,One year,No,Yes,No,No internet service,No internet service,No internet service,No internet service,No internet service,No internet service
2344-JMOGN,9,Month-to-month,Fiber optic,Yes,No,No,Yes,Yes,Yes,Yes,No
3799-ISUZQ,7,Month-to-month,Fiber optic,Yes,No,No,No,No,No,No,No
2877-VDUER,35,One year,DSL,No,No phone service,No,No,No,Yes,Yes,No
9152-AMKAK,6,Two year,DSL,Yes,No,Yes,No,Yes,Yes,Yes,Yes
1794-HBQTJ,1,Month-to-month,DSL,Yes,No,Yes,No,No,No,No,No
9432-VOFYX,17,Month-to-month,Fiber optic,Yes,No,No,No,No,No,No,No
8049-WJCLQ,10,Month-to-month,DSL,Yes,No,No,No,Yes,No,Yes,No
6586-PSJOX,15,One year,DSL,Yes,No,No,No,Yes,Yes,No,No
2460-FPSYH,40,Month-to-month,DSL,No,No phone service,Yes,Yes,No,No,Yes,Yes
9705-ZJBCG,13,One year,DSL,Yes,No,Yes,No,No,Yes,No,No
4818-DRBQT,29,Month-to-month,Fiber optic,Yes,Yes,No,Yes,No,No,No,No
1320-HTRDR,3,Month-to-month,Fiber optic,Yes,Yes,No,No,No,No,No,No
6847-KJLTS,58,Month-to-month,Fiber optic,Yes,Yes,No,No,No,Yes,Yes,Yes
9670-BPNXF,45,One year,DSL,Yes,No,Yes,Yes,No,Yes,No,No
3913-FCUUW,72,Two year,DSL,Yes,Yes,Yes,Yes,Yes,Yes,No,No
3301-VKTGC,68,One year,Fiber optic,Yes,Yes,Yes,Yes,No,No,No,No
1493-AMTIE,1,Month-to-month,No,Yes,No,No internet service,No internet service,No internet service,No internet service,No internet service,No internet service
9555-SAHUZ,38,Month-to-month,DSL,Yes,No,Yes,Yes,No,No,No,No
0816-TSPHQ,2,Month-to-month,No,Yes,No,No internet service,No internet service,No internet service,No internet service,No internet service,No internet service
9932-WBWIK,11,Month-to-month,No,Yes,No,No internet service,No internet service,No internet service,No internet service,No internet service,No internet service
4619-EVPHY,20,One year,Fiber optic,Yes,No,No,No,No,No,Yes,Yes
5286-YHCVC,72,Two year,Fiber optic,Yes,Yes,No,Yes,Yes,No,Yes,Yes
6424-ELEYH,3,Month-to-month,Fiber optic,Yes,Yes,No,No,No,No,No,No
4391-RESHN,23,Month-to-month,Fiber optic,Yes,Yes,No,No,Yes,Yes,Yes,Yes
9115-YQHGA,40,Month-to-month,DSL,Yes,No,No,No,No,Yes,No,No
4462-CYWMH,62,Month-to-month,Fiber optic,Yes,Yes,No,Yes,No,No,No,Yes
8963-MQVYN,22,Month-to-month,No,Yes,No,No internet service,No internet service,No internet service,No internet service,No internet service,No internet service
2458-EOMRE,11,Month-to-month,DSL,Yes,No,Yes,No,Yes,No,No,Yes
9334-GWGOW,7,Month-to-month,Fiber optic,Yes,Yes,No,No,No,No,No,No
6821-BUXUX,13,Month-to-month,Fiber optic,Yes,Yes,Yes,Yes,No,No,Yes,No
5028-HTLJB,1,Month-to-month,No,Yes,No,No internet service,No internet service,No internet service,No internet service,No internet service,No internet service
9801-GDWGV,39,Month-to-month,Fiber optic,Yes,Yes,No,Yes,Yes,No,Yes,Yes
6542-LWGXJ,3,Month-to-month,DSL,No,No phone service,No,No,No,No,No,No
5567-GZKQY,58,Two year,No,Yes,No,No internet service,No internet service,No internet service,No internet service,No internet service,No internet service
1222-LRYKO,6,Month-to-month,No,Yes,Yes,No internet service,No internet service,No internet service,No internet service,No internet service,No internet service
2320-JRSDE,1,Month-to-month,No,Yes,No,No internet service,No internet service,No internet service,No internet service,No internet service,No internet service
2087-QAREY,22,Month-to-month,DSL,Yes,No,No,Yes,Yes,No,No,No
0601-WZHJF,14,Month-to-month,DSL,No,No phone service,No,No,No,No,Yes,Yes
4423-JWZJN,64,One year,Fiber optic,Yes,Yes,No,No,Yes,No,No,Yes
5143-WMWOG,1,Month-to-month,No,Yes,No,No internet service,No internet service,No internet service,No internet service,No internet service,No internet service
6490-FGZAT,6,Month-to-month,No,Yes,No,No internet service,No internet service,No internet service,No internet service,No internet service,No internet service
5393-RXQSZ,1,Month-to-month,Fiber optic,Yes,No,No,No,No,No,No,Yes
7452-FOLON,39,One year,No,Yes,Yes,No internet service,No internet service,No internet service,No internet service,No internet service,No internet service
2320-TZRRH,20,One year,No,Yes,No,No internet service,No internet service,No internet service,No internet service,No internet service,No internet service
0231-LXVAP,1,Month-to-month,Fiber optic,Yes,No,No,No,No,Yes,No,No
9444-JTXHZ,1,Month-to-month,Fiber optic,Yes,No,No,No,Yes,No,No,No
4942-VZZOM,64,One year,DSL,Yes,Yes,Yes,No,No,No,Yes,No
5510-BOIUJ,1,Month-to-month,No,Yes,No,No internet service,No internet service,No internet service,No internet service,No internet service,No internet service
7502-BNYGS,46,Month-to-month,DSL,Yes,No,No,Yes,No,No,Yes,Yes
4291-HYEBC,28,One year,DSL,No,No phone service,No,Yes,No,No,No,Yes
6147-CBCRA,33,Month-to-month,No,Yes,No,No internet service,No internet service,No internet service,No internet service,No internet service,No internet service
6047-SUHPR,39,One year,DSL,Yes,No,Yes,Yes,Yes,No,No,No
4471-KXAUH,42,Month-to-month,Fiber optic,Yes,Yes,No,No,Yes,Yes,No,No
9752-ZNQUT,1,Month-to-month,DSL,Yes,No,No,Yes,No,No,No,No
7638-QVMVY,7,Month-to-month,Fiber optic,Yes,No,No,No,No,No,Yes,No
1576-PFZIW,70,Two year,Fiber optic,Yes,No,Yes,Yes,Yes,No,Yes,Yes
5666-MBJPT,65,Two year,No,Yes,Yes,No internet service,No internet service,No internet service,No internet service,No internet service,No internet service
7312-XSBAT,1,Month-to-month,DSL,Yes,No,Yes,No,No,No,No,No
3096-GKWEB,18,Month-to-month,Fiber optic,Yes,Yes,No,No,No,No,Yes,Yes
2371-JQHZZ,24,Month-to-month,Fiber optic,Yes,Yes,No,No,No,No,Yes,Yes
0674-GCDXG,63,Two year,DSL,Yes,Yes,Yes,No,Yes,Yes,No,Yes
1121-QSIVB,44,One year,DSL,Yes,Yes,No,Yes,No,No,Yes,Yes
4396-KLSEH,4,Month-to-month,No,Yes,No,No internet service,No internet service,No internet service,No internet service,No internet service,No internet service
3244-DCJWY,1,Month-to-month,Fiber optic,Yes,No,No,No,No,No,No,No
2824-MYYBN,37,Month-to-month,Fiber optic,Yes,Yes,No,No,No,No,Yes,Yes
0875-CABNR,10,Month-to-month,Fiber optic,Yes,No,No,No,Yes,No,No,Yes
6345-HOVES,34,Month-to-month,DSL,No,No phone service,No,No,No,No,No,No
8318-LCNBW,35,One year,DSL,No,No phone service,Yes,No,Yes,No,Yes,Yes
6469-QJKZW,4,Month-to-month,No,Yes,No,No internet service,No internet service,No internet service,No internet service,No internet service,No internet service
0147-ESWWR,39,Month-to-month,Fiber optic,Yes,Yes,No,No,No,Yes,Yes,Yes
1217-VASWC,43,One year,Fiber optic,Yes,No,No,Yes,Yes,No,Yes,Yes
7812-FZHPE,17,Month-to-month,No,Yes,Yes,No internet service,No internet service,No internet service,No internet service,No internet service,No internet service
6370-ZVHDV,61,Two year,No,Yes,Yes,No internet service,No internet service,No internet service,No internet service,No internet service,No internet service
5915-DGNVC,49,One year,DSL,Yes,Yes,Yes,Yes,Yes,No,No,Yes
6260-XLACS,4,One year,No,Yes,No,No internet service,No internet service,No internet service,No internet service,No internet service,No internet service
3566-CAAYU,64,Two year,DSL,No,No phone service,No,Yes,Yes,Yes,No,Yes
4983-CCWMC,3,Month-to-month,Fiber optic,Yes,No,No,No,No,No,No,No
9103-CXVOK,1,Month-to-month,No,Yes,No,No internet service,No internet service,No internet service,No internet service,No internet service,No internet service
2896-TBNBE,40,One year,Fiber optic,Yes,No,No,Yes,Yes,No,No,No
4797-AXPXK,1,Month-to-month,DSL,Yes,No,Yes,Yes,No,Yes,No,No
5229-PRWKT,8,Month-to-month,Fiber optic,Yes,Yes,No,No,No,No,No,Yes
6982-UQZLY,1,Month-to-month,No,Yes,No,No internet service,No internet service,No internet service,No internet service,No internet service,No internet service
2522-WLNSF,34,One year,DSL,Yes,No,No,No,Yes,Yes,Yes,No
3841-CONLJ,1,Month-to-month,DSL,No,No phone service,No,No,No,No,No,Yes
5057-LCOUI,39,Month-to-month,DSL,No,No phone service,No,No,Yes,No,Yes,Yes
0193-ESZXP,58,One year,Fiber optic,Yes,No,Yes,Yes,No,Yes,Yes,Yes
4475-NVTLU,45,Two year,No,Yes,No,No internet service,No internet service,No internet service,No internet service,No internet service,No internet service
4369-HTUIF,6,Month-to-month,Fiber optic,Yes,No,Yes,No,No,No,Yes,No
9386-LDCZR,43,One year,Fiber optic,Yes,No,Yes,Yes,Yes,Yes,No,No
9585-KKMFD,41,Two year,No,Yes,No,No internet service,No internet service,No internet service,No internet service,No internet service,No internet service
5399-ZIMKF,5,Month-to-month,Fiber optic,Yes,No,No,Yes,No,No,No,No
0336-KXKFK,72,Two year,DSL,No,No phone service,Yes,No,Yes,Yes,Yes,Yes
5619-XZZKR,4,One year,No,Yes,No,No internet service,No internet service,No internet service,No internet service,No internet service,No internet service
3948-FVVRP,9,Month-to-month,DSL,Yes,No,No,Yes,No,Yes,No,No
5327-XOKKY,72,Two year,DSL,Yes,Yes,No,No,Yes,No,Yes,Yes
0983-TATYJ,33,One year,DSL,Yes,No,No,No,No,Yes,No,No
1813-JYWTO,72,Two year,Fiber optic,Yes,Yes,Yes,No,No,No,No,No
0156-FVPTA,22,Month-to-month,DSL,Yes,No,Yes,No,No,Yes,No,No
1984-FCOWB,70,One year,Fiber optic,Yes,Yes,No,Yes,Yes,Yes,Yes,Yes
0654-HMSHN,21,Month-to-month,Fiber optic,Yes,Yes,No,Yes,Yes,No,Yes,Yes
6719-OXYBR,15,Month-to-month,Fiber optic,Yes,No,No,No,Yes,No,Yes,No
3312-ZWLGF,29,Month-to-month,Fiber optic,Yes,Yes,No,No,No,Yes,No,No
6476-YHMGA,15,Month-to-month,DSL,Yes,No,No,Yes,Yes,Yes,Yes,Yes
5287-QWLKY,71,Month-to-month,Fiber optic,Yes,Yes,Yes,Yes,No,No,Yes,Yes
0795-XCCTE,72,Two year,No,Yes,Yes,No internet service,No internet service,No internet service,No internet service,No internet service,No internet service
0168-XZKBB,19,Month-to-month,Fiber optic,Yes,Yes,No,No,No,No,Yes,No
3785-NRHYR,1,Month-to-month,No,Yes,No,No internet service,No internet service,No internet service,No internet service,No internet service,No internet service
5196-SGOAK,1,Month-to-month,Fiber optic,Yes,No,No,Yes,No,No,No,No
4537-DKTAL,2,Month-to-month,DSL,Yes,No,No,No,No,No,No,No
7072-MBHEV,11,Month-to-month,Fiber optic,Yes,Yes,No,No,Yes,No,No,No
5602-BVFMK,12,One year,No,Yes,No,No internet service,No internet service,No internet service,No internet service,No internet service,No internet service
6297-NOOPG,70,Two year,Fiber optic,Yes,Yes,No,Yes,Yes,Yes,Yes,Yes
1891-UAWWU,20,Month-to-month,Fiber optic,Yes,Yes,No,No,Yes,No,Yes,No
8204-TIFGJ,23,Month-to-month,No,Yes,No,No internet service,No internet service,No internet service,No internet service,No internet service,No internet service
8050-DVOJX,49,Two year,DSL,Yes,Yes,Yes,Yes,Yes,Yes,No,Yes
6108-OQZDQ,4,Month-to-month,Fiber optic,Yes,Yes,No,Yes,No,No,Yes,Yes
0363-QJVFX,32,Month-to-month,Fiber optic,Yes,Yes,Yes,Yes,No,Yes,Yes,Yes
8903-XEBGX,2,Month-to-month,DSL,Yes,No,No,No,No,No,No,Yes
8169-SAEJD,69,Two year,DSL,No,No phone service,Yes,Yes,No,No,Yes,Yes
9840-DVNDC,6,Month-to-month,Fiber optic,Yes,No,No,No,No,No,Yes,No
1089-XZWHH,24,Two year,No,Yes,No,No internet service,No internet service,No internet service,No internet service,No internet service,No internet service
2325-WINES,32,One year,Fiber optic,Yes,Yes,No,Yes,Yes,No,Yes,Yes
6064-ZATLR,27,Two year,DSL,Yes,No,Yes,Yes,No,No,No,No
3096-JRDSO,27,Month-to-month,Fiber optic,Yes,Yes,Yes,No,No,Yes,Yes,Yes
7824-PANSQ,58,Month-to-month,Fiber optic,Yes,Yes,No,No,No,Yes,No,No
8042-JVNFH,1,Month-to-month,Fiber optic,Yes,No,No,No,No,No,No,No
9648-BCHKM,18,Two year,No,Yes,Yes,No internet service,No internet service,No internet service,No internet service,No internet service,No internet service
2888-ADFAO,47,Two year,No,Yes,No,No internet service,No internet service,No internet service,No internet service,No internet service,No internet service
8707-HOEDG,70,Two year,Fiber optic,Yes,Yes,No,Yes,Yes,Yes,Yes,Yes
3374-LXDEV,13,Month-to-month,Fiber optic,Yes,Yes,No,Yes,Yes,Yes,No,No
4072-IPYLT,36,Month-to-month,DSL,Yes,No,Yes,No,No,No,No,No
7167-PCEYD,67,Two year,No,Yes,No,No internet service,No internet service,No internet service,No internet service,No internet service,No internet service
4936-YPJNK,10,Month-to-month,No,Yes,No,No internet service,No internet service,No internet service,No internet service,No internet service,No internet service
1580-BMCMR,19,Month-to-month,Fiber optic,Yes,No,Yes,No,No,No,No,Yes
4817-KEQSP,71,Two year,No,Yes,No,No internet service,No internet service,No internet service,No internet service,No internet service,No internet service
6408-WHTEF,72,Two year,DSL,Yes,Yes,Yes,Yes,Yes,Yes,Yes,Yes
9251-AWQGT,48,Two year,No,Yes,No,No internet service,No internet service,No internet service,No internet service,No internet service,No internet service
8749-CLJXC,1,Month-to-month,No,Yes,No,No internet service,No internet service,No internet service,No internet service,No internet service,No internet service
7989-VCQOH,18,Month-to-month,DSL,Yes,No,Yes,No,Yes,Yes,Yes,Yes
5049-GLYVG,1,Month-to-month,No,Yes,No,No internet service,No internet service,No internet service,No internet service,No internet service,No internet service
4199-QHJNM,67,Two year,Fiber optic,Yes,Yes,No,Yes,No,Yes,Yes,Yes
8882-TLVRW,69,Two year,DSL,No,No phone service,Yes,No,Yes,Yes,No,No
5883-GTGVD,19,Month-to-month,Fiber optic,Yes,Yes,No,Yes,No,No,Yes,Yes
5135-GRQJV,72,Two year,Fiber optic,Yes,Yes,Yes,Yes,Yes,Yes,Yes,Yes
2384-OVPSA,38,Two year,No,Yes,No,No internet service,No internet service,No internet service,No internet service,No internet service,No internet service
1371-WEPDS,40,One year,DSL,Yes,No,No,No,No,No,No,Yes
3580-GICBM,61,Two year,No,Yes,Yes,No internet service,No internet service,No internet service,No internet service,No internet service,No internet service
4817-QRJSX,10,Month-to-month,Fiber optic,Yes,Yes,No,Yes,No,No,No,No
9730-DRTMJ,32,One year,DSL,Yes,Yes,Yes,No,No,Yes,Yes,No
4686-UXDML,21,Month-to-month,Fiber optic,Yes,Yes,No,Yes,No,No,Yes,Yes
3349-ANQNH,59,One year,Fiber optic,Yes,Yes,No,No,Yes,No,Yes,Yes
2398-YPMUR,13,Month-to-month,Fiber optic,Yes,No,No,No,No,No,No,No
0932-YIXYU,47,Two year,No,Yes,No,No internet service,No internet service,No internet service,No internet service,No internet service,No internet service
7480-SPLEF,69,Two year,No,Yes,Yes,No internet service,No internet service,No internet service,No internet service,No internet service,No internet service
7636-XUHWW,2,Month-to-month,No,Yes,No,No internet service,No internet service,No internet service,No internet service,No internet service,No internet service
1431-CYWMH,22,Month-to-month,No,Yes,No,No internet service,No internet service,No internet service,No internet service,No internet service,No internet service
5937-EORGB,15,Month-to-month,Fiber optic,Yes,Yes,Yes,No,Yes,No,Yes,No
6349-JDHQP,53,Two year,No,Yes,No,No internet service,No internet service,No internet service,No internet service,No internet service,No internet service
5539-HIVAK,28,Month-to-month,No,Yes,Yes,No internet service,No internet service,No internet service,No internet service,No internet service,No internet service
5847-MXBEO,22,One year,No,Yes,No,No internet service,No internet service,No internet service,No internet service,No internet service,No internet service
9985-MWVIX,1,Month-to-month,Fiber optic,Yes,No,No,No,No,No,No,No
4583-PARNH,16,Month-to-month,Fiber optic,Yes,No,No,No,Yes,Yes,No,Yes
1116-FRYVH,48,Two year,DSL,No,No phone service,Yes,Yes,No,Yes,No,No
1421-HCERK,30,Month-to-month,Fiber optic,Yes,Yes,Yes,Yes,Yes,Yes,Yes,No
9633-XQABV,3,Month-to-month,Fiber optic,Yes,No,No,No,No,No,No,No
0716-BQNDX,57,Two year,Fiber optic,Yes,Yes,Yes,No,No,Yes,No,Yes
1265-XTECC,68,One year,Fiber optic,Yes,Yes,Yes,Yes,No,No,No,Yes
1183-CANVH,23,One year,DSL,Yes,No,No,No,No,Yes,Yes,No
1972-XMUWV,65,Two year,DSL,Yes,No,No,No,No,Yes,Yes,No
8679-LZBMD,44,One year,Fiber optic,Yes,No,No,No,No,No,Yes,Yes
3407-JMJQQ,71,Two year,Fiber optic,Yes,Yes,Yes,Yes,Yes,No,Yes,Yes
6252-DFGTK,37,One year,DSL,Yes,Yes,Yes,No,Yes,Yes,No,No
1539-LNKHM,12,Month-to-month,No,Yes,No,No internet service,No internet service,No internet service,No internet service,No internet service,No internet service
8645-KOMJQ,69,Two year,DSL,Yes,Yes,No,Yes,Yes,Yes,Yes,Yes
0289-IVARM,35,Month-to-month,DSL,Yes,No,Yes,Yes,Yes,No,No,No
9761-XUJWD,5,Month-to-month,DSL,Yes,No,No,Yes,No,Yes,No,Yes
4057-FKCZK,58,Two year,Fiber optic,Yes,Yes,No,No,No,No,Yes,No
4291-TPNFG,72,Two year,DSL,Yes,Yes,Yes,Yes,Yes,Yes,No,Yes
6087-YPWHO,72,Two year,DSL,Yes,Yes,Yes,Yes,Yes,Yes,No,No
3090-QFUVD,1,Month-to-month,No,Yes,No,No internet service,No internet service,No internet service,No internet service,No internet service,No internet service
2237-ZFSMY,39,One year,Fiber optic,Yes,No,Yes,No,Yes,Yes,Yes,No
1722-LDZJS,53,One year,No,Yes,No,No internet service,No internet service,No internet service,No internet service,No internet service,No internet service
1818-ESQMW,27,Month-to-month,Fiber optic,Yes,No,No,No,Yes,Yes,No,Yes
4871-JTKJF,1,Month-to-month,Fiber optic,Yes,No,No,No,No,No,No,No
1415-YFWLT,1,Month-to-month,Fiber optic,Yes,No,No,No,No,No,Yes,Yes
7401-RUBNK,18,Month-to-month,Fiber optic,Yes,No,Yes,No,No,No,No,No
0506-YLVKJ,46,Two year,No,Yes,No,No internet service,No internet service,No internet service,No internet service,No internet service,No internet service
8661-BOYNW,72,Two year,DSL,Yes,Yes,Yes,No,Yes,Yes,Yes,Yes
6711-VTNRE,36,Month-to-month,Fiber optic,Yes,No,No,No,Yes,Yes,No,Yes
4815-GBTCD,4,Month-to-month,DSL,No,No phone service,No,No,No,No,No,No
2805-AUFQN,25,Two year,No,Yes,No,No internet service,No internet service,No internet service,No internet service,No internet service,No internet service
0980-PVMRC,40,Month-to-month,DSL,No,No phone service,No,Yes,No,No,Yes,Yes
7233-DRTRF,63,Month-to-month,Fiber optic,Yes,Yes,No,Yes,Yes,No,Yes,Yes
3500-RMZLT,15,Month-to-month,Fiber optic,Yes,No,Yes,No,Yes,Yes,No,Yes
3873-NFTGI,14,Month-to-month,DSL,Yes,Yes,No,Yes,No,No,No,No
1162-ECVII,72,Two year,Fiber optic,Yes,Yes,No,Yes,Yes,Yes,Yes,Yes
7048-GXDAY,39,Month-to-month,Fiber optic,Yes,Yes,Yes,Yes,No,No,Yes,Yes
8571-ZCMCX,47,Two year,DSL,No,No phone service,Yes,Yes,Yes,No,Yes,Yes
1169-WCVAK,19,Month-to-month,Fiber optic,Yes,Yes,Yes,Yes,No,Yes,No,No
4548-SDBKE,5,Month-to-month,Fiber optic,Yes,Yes,No,No,No,No,Yes,No
8066-POXGX,13,Month-to-month,DSL,No,No phone service,No,No,No,No,No,Yes
7129-CAKJW,17,Month-to-month,Fiber optic,Yes,Yes,No,No,Yes,No,No,No
8695-ARGXZ,34,Month-to-month,Fiber optic,Yes,Yes,No,No,No,No,No,No
3570-YUEKJ,42,Month-to-month,DSL,Yes,No,No,Yes,No,No,No,No
4143-OOBWZ,5,Month-to-month,Fiber optic,Yes,Yes,No,Yes,No,No,No,No
1555-HAPSU,71,Two year,No,Yes,Yes,No internet service,No internet service,No internet service,No internet service,No internet service,No internet service
1697-NVVGY,19,Month-to-month,DSL,Yes,No,Yes,No,Yes,No,Yes,No
7854-EKTJL,2,Month-to-month,No,Yes,No,No internet service,No internet service,No internet service,No internet service,No internet service,No internet service
8464-EETCQ,57,Two year,No,Yes,No,No internet service,No internet service,No internet service,No internet service,No internet service,No internet service
2419-FSORS,72,Two year,Fiber optic,Yes,Yes,No,Yes,Yes,Yes,Yes,Yes
8132-YPVBX,6,Month-to-month,Fiber optic,Yes,No,No,Yes,No,No,No,Yes
9102-IAYHT,17,Month-to-month,Fiber optic,Yes,Yes,No,No,No,No,No,Yes
6754-LZUKA,61,Two year,DSL,Yes,Yes,No,Yes,Yes,No,Yes,Yes
3422-LYEPQ,1,Month-to-month,Fiber optic,Yes,No,No,No,No,No,No,No
8099-MZPUJ,48,Two year,Fiber optic,Yes,Yes,Yes,Yes,Yes,Yes,Yes,Yes
0787-LHDYT,16,Month-to-month,No,Yes,No,No internet service,No internet service,No internet service,No internet service,No internet service,No internet service
2642-DTVCO,9,Month-to-month,Fiber optic,Yes,Yes,No,No,No,No,No,Yes
0374-IOEGQ,3,Month-to-month,DSL,Yes,No,No,No,No,No,No,No
4361-JEIVL,1,Month-to-month,DSL,Yes,No,No,No,No,No,No,No
3197-NNYNB,65,Two year,Fiber optic,Yes,Yes,No,Yes,Yes,No,Yes,Yes
3396-DKDEL,70,Two year,Fiber optic,Yes,Yes,Yes,Yes,Yes,Yes,Yes,Yes
1752-OZXFY,60,One year,DSL,Yes,No,Yes,No,No,No,Yes,No
9066-QRSDU,69,One year,No,Yes,Yes,No internet service,No internet service,No internet service,No internet service,No internet service,No internet service
9112-WSNPU,35,Month-to-month,Fiber optic,Yes,No,No,No,No,No,No,No
9867-NNXLC,22,Month-to-month,No,Yes,No,No internet service,No internet service,No internet service,No internet service,No internet service,No internet service
5321-NTRKC,66,Two year,DSL,Yes,Yes,No,Yes,Yes,No,Yes,Yes
1363-TXLSL,1,Month-to-month,Fiber optic,Yes,No,No,No,No,No,No,No
9507-EXLTT,1,Month-to-month,Fiber optic,Yes,No,No,No,No,No,Yes,No
3161-GETRM,34,Month-to-month,Fiber optic,Yes,Yes,No,No,Yes,No,No,Yes
0402-OAMEN,72,Two year,No,Yes,Yes,No internet service,No internet service,No internet service,No internet service,No internet service,No internet service
6933-VLYFX,31,One year,DSL,No,No phone service,Yes,No,Yes,Yes,Yes,Yes
6754-WKSHP,30,One year,No,Yes,Yes,No internet service,No internet service,No internet service,No internet service,No internet service,No internet service
9846-GKXAS,9,Month-to-month,Fiber optic,Yes,No,No,No,No,No,Yes,Yes
6017-PPLPX,20,Month-to-month,Fiber optic,Yes,No,No,No,No,No,No,No
4976-LNFVV,19,Month-to-month,DSL,No,No phone service,No,Yes,Yes,No,No,No
5055-MGMGF,65,Month-to-month,Fiber optic,Yes,Yes,Yes,No,Yes,No,Yes,Yes
4641-FROLU,30,Two year,No,Yes,No,No internet service,No internet service,No internet service,No internet service,No internet service,No internet service
2862-JVEOY,6,One year,No,Yes,No,No internet service,No internet service,No internet service,No internet service,No internet service,No internet service
2969-QWUBZ,2,Month-to-month,DSL,No,No phone service,No,Yes,No,No,Yes,Yes
9822-BIIGN,53,Month-to-month,DSL,Yes,Yes,Yes,No,No,Yes,No,Yes
2077-MPJQO,7,Month-to-month,Fiber optic,Yes,Yes,No,No,No,No,No,No
1534-OULXE,61,One year,DSL,Yes,No,Yes,No,No,No,No,No
7136-RVDTZ,70,One year,DSL,No,No phone service,No,No,No,No,Yes,Yes
2971-SGAFL,13,Month-to-month,DSL,Yes,Yes,Yes,No,Yes,No,Yes,Yes
1480-IVEVR,35,One year,Fiber optic,Yes,Yes,No,No,Yes,No,No,No
2905-KFQUV,2,Month-to-month,Fiber optic,Yes,No,No,No,No,No,No,No
4581-SSPWD,3,Month-to-month,Fiber optic,Yes,Yes,No,No,No,No,No,No
3370-HXOPH,3,Month-to-month,Fiber optic,Yes,Yes,No,No,No,No,No,No
9391-YZEJW,62,One year,Fiber optic,Yes,Yes,No,No,No,No,Yes,Yes
9958-MEKUC,72,Two year,Fiber optic,Yes,Yes,Yes,Yes,Yes,Yes,No,Yes
0281-CNTZX,63,Two year,No,Yes,No,No internet service,No internet service,No internet service,No internet service,No internet service,No internet service
6927-WTFIV,20,Month-to-month,Fiber optic,Yes,No,No,No,No,No,No,No
4118-CEVPF,35,One year,Fiber optic,Yes,Yes,Yes,Yes,Yes,Yes,Yes,Yes
3398-ZOUAA,21,Month-to-month,Fiber optic,Yes,No,No,No,No,No,No,No
9114-VEPUF,62,One year,Fiber optic,Yes,Yes,Yes,Yes,No,No,No,Yes
7876-BEUTG,15,Month-to-month,DSL,Yes,Yes,No,No,No,No,No,No
2338-BQEZT,55,Month-to-month,DSL,Yes,No,Yes,No,No,No,No,No
9873-MNDKV,11,Month-to-month,DSL,Yes,No,No,No,No,No,No,No
0378-NHQXU,17,Month-to-month,Fiber optic,Yes,Yes,No,No,Yes,No,Yes,No
8241-JUIQO,61,One year,No,Yes,No,No internet service,No internet service,No internet service,No internet service,No internet service,No internet service
2194-IIQOF,71,Two year,DSL,Yes,Yes,Yes,Yes,Yes,Yes,Yes,Yes
4512-ZUIYL,2,Month-to-month,Fiber optic,Yes,No,No,No,No,No,No,No
9631-RXVJM,35,Two year,No,Yes,No,No internet service,No internet service,No internet service,No internet service,No internet service,No internet service
9584-EXCDZ,17,Month-to-month,Fiber optic,Yes,No,No,No,No,No,No,No
7969-AULMZ,21,Month-to-month,Fiber optic,Yes,Yes,No,No,No,No,Yes,Yes
5093-FEGLU,47,Two year,No,Yes,No,No internet service,No internet service,No internet service,No internet service,No internet service,No internet service
2621-UDNLU,3,Month-to-month,No,Yes,No,No internet service,No internet service,No internet service,No internet service,No internet service,No internet service
7526-IVLYU,3,Month-to-month,No,Yes,No,No internet service,No internet service,No internet service,No internet service,No internet service,No internet service
2428-HYUNX,44,Two year,No,Yes,No,No internet service,No internet service,No internet service,No internet service,No internet service,No internet service
9214-EKVXR,1,Month-to-month,DSL,Yes,No,No,No,No,No,No,No
3410-MHHUM,44,One year,Fiber optic,Yes,Yes,No,Yes,Yes,No,No,Yes
0568-ONFPC,5,Month-to-month,No,Yes,Yes,No internet service,No internet service,No internet service,No internet service,No internet service,No internet service
0733-VUNUW,24,Month-to-month,DSL,Yes,Yes,Yes,No,No,No,No,No
4550-EVXNY,1,Month-to-month,Fiber optic,Yes,No,No,No,No,No,No,No
2122-YWVYA,18,Month-to-month,Fiber optic,Yes,No,Yes,No,No,No,No,No
2968-SSGAA,10,Month-to-month,Fiber optic,Yes,Yes,No,No,Yes,No,Yes,Yes
2296-DKZFP,65,Two year,DSL,Yes,No,Yes,Yes,Yes,No,No,Yes
4844-JJWUY,1,Month-to-month,Fiber optic,Yes,No,No,Yes,No,No,No,Yes
6777-TGHTM,53,One year,Fiber optic,Yes,Yes,Yes,No,Yes,No,Yes,Yes
8909-BOLNL,3,One year,No,Yes,No,No internet service,No internet service,No internet service,No internet service,No internet service,No internet service
6603-YRDCJ,33,Two year,DSL,Yes,No,Yes,Yes,No,Yes,No,No
3538-WZPHD,3,Month-to-month,DSL,No,No phone service,No,Yes,No,No,No,No
3229-USWAR,34,One year,DSL,Yes,No,Yes,No,Yes,Yes,Yes,Yes
2138-VFAPZ,14,Two year,No,Yes,No,No internet service,No internet service,No internet service,No internet service,No internet service,No internet service
6131-JLWZM,13,Month-to-month,No,Yes,No,No internet service,No internet service,No internet service,No internet service,No internet service,No internet service
4785-QRJHC,46,One year,DSL,No,No phone service,No,Yes,Yes,Yes,Yes,Yes
0269-XFESX,23,One year,No,Yes,Yes,No internet service,No internet service,No internet service,No internet service,No internet service,No internet service
1709-EJDOX,47,Two year,No,Yes,No,No internet service,No internet service,No internet service,No internet service,No internet service,No internet service
4316-XCSLJ,17,Month-to-month,DSL,Yes,No,Yes,No,No,No,No,No
8610-WFCJF,49,Month-to-month,Fiber optic,Yes,Yes,No,No,No,No,Yes,Yes
9693-XMUOB,59,Month-to-month,DSL,No,No phone service,No,Yes,No,No,Yes,Yes
0383-CLDDA,69,Two year,DSL,Yes,Yes,Yes,No,Yes,Yes,Yes,Yes
4905-JEFDW,11,One year,DSL,No,No phone service,No,No,Yes,No,Yes,No
2709-UQGNP,10,Month-to-month,DSL,Yes,No,Yes,No,No,No,No,No
3549-ZTMNH,12,Two year,No,Yes,Yes,No internet service,No internet service,No internet service,No internet service,No internet service,No internet service
7881-INRLC,45,Month-to-month,Fiber optic,Yes,Yes,No,Yes,No,No,Yes,Yes
8033-ATFAS,39,Month-to-month,DSL,Yes,No,No,No,Yes,No,Yes,No
1635-NZATJ,71,Two year,No,Yes,Yes,No internet service,No internet service,No internet service,No internet service,No internet service,No internet service
0562-HKHML,71,Two year,No,Yes,Yes,No internet service,No internet service,No internet service,No internet service,No internet service,No internet service
8277-RVRSV,33,One year,No,Yes,Yes,No internet service,No internet service,No internet service,No internet service,No internet service,No internet service
9943-VSZUV,67,Month-to-month,Fiber optic,Yes,Yes,No,No,No,No,No,No
0117-LFRMW,37,Month-to-month,DSL,No,No phone service,Yes,Yes,Yes,No,No,No
6172-FECYY,49,Month-to-month,Fiber optic,Yes,Yes,No,No,No,No,Yes,No
7054-ENNGU,9,Month-to-month,DSL,Yes,No,No,Yes,No,No,No,No
1455-HFBXA,52,Two year,Fiber optic,Yes,Yes,Yes,No,Yes,Yes,No,No
9402-CXWPL,70,One year,Fiber optic,Yes,Yes,No,Yes,No,No,Yes,Yes
1628-BIZYP,1,Month-to-month,Fiber optic,Yes,No,No,Yes,No,No,No,Yes
1965-AKTSX,14,Month-to-month,Fiber optic,Yes,Yes,No,Yes,No,No,No,No
0082-LDZUE,1,Month-to-month,DSL,Yes,No,No,No,No,No,No,No
4786-UKSNZ,1,Month-to-month,No,Yes,No,No internet service,No internet service,No internet service,No internet service,No internet service,No internet service
5343-SGUBI,52,One year,Fiber optic,Yes,Yes,No,Yes,No,No,No,No
0856-NAOES,6,Month-to-month,DSL,Yes,No,No,No,Yes,No,Yes,No
1976-AZZPJ,7,Month-to-month,DSL,No,No phone service,Yes,Yes,No,No,No,No
7248-VZQLC,47,Month-to-month,Fiber optic,Yes,Yes,No,Yes,Yes,No,No,No
6156-UZDLF,26,One year,Fiber optic,Yes,No,Yes,No,Yes,Yes,No,No
3099-OONVS,25,Month-to-month,DSL,Yes,No,Yes,No,No,Yes,No,No
9500-WBGRP,69,Two year,No,Yes,No,No internet service,No internet service,No internet service,No internet service,No internet service,No internet service
5183-KLYEM,72,Two year,Fiber optic,Yes,Yes,Yes,Yes,Yes,Yes,Yes,Yes
5144-PQCDZ,4,Month-to-month,No,Yes,No,No internet service,No internet service,No internet service,No internet service,No internet service,No internet service
8514-VZHEB,59,Two year,No,Yes,No,No internet service,No internet service,No internet service,No internet service,No internet service,No internet service
6625-IUTTT,67,Two year,DSL,Yes,No,Yes,No,Yes,No,No,Yes
9355-NPPFS,26,Month-to-month,Fiber optic,Yes,No,No,No,No,No,No,Yes
0068-FIGTF,27,One year,DSL,Yes,No,No,Yes,Yes,Yes,Yes,Yes
5965-GGPRW,72,Two year,Fiber optic,Yes,Yes,Yes,No,Yes,No,Yes,Yes
8035-PWSEV,6,Month-to-month,Fiber optic,Yes,No,No,No,Yes,Yes,No,Yes
2236-HILPA,62,Two year,No,Yes,No,No internet service,No internet service,No internet service,No internet service,No internet service,No internet service
1840-BIUOG,20,One year,DSL,Yes,Yes,No,Yes,No,Yes,Yes,No
1356-MKYSK,6,Month-to-month,DSL,Yes,No,Yes,No,Yes,Yes,Yes,Yes
6080-LNESI,51,Two year,No,Yes,Yes,No internet service,No internet service,No internet service,No internet service,No internet service,No internet service
1830-IPXVJ,61,Two year,No,Yes,No,No internet service,No internet service,No internet service,No internet service,No internet service,No internet service
5828-DWPIL,62,Month-to-month,Fiber optic,Yes,Yes,Yes,Yes,Yes,No,No,No
8398-TBIYD,72,Two year,Fiber optic,Yes,Yes,Yes,No,No,Yes,No,No
0011-IGKFF,13,Month-to-month,Fiber optic,Yes,No,No,Yes,Yes,No,Yes,Yes
4192-GORJT,5,Month-to-month,Fiber optic,Yes,No,No,No,Yes,No,Yes,Yes
6496-SLWHQ,3,Month-to-month,Fiber optic,Yes,Yes,No,Yes,Yes,No,Yes,Yes
9912-GVSEQ,26,Month-to-month,Fiber optic,Yes,Yes,No,Yes,Yes,No,No,Yes
2931-FSOHN,13,Month-to-month,DSL,Yes,No,No,Yes,No,No,Yes,No
9418-RUKPH,38,Two year,No,Yes,No,No internet service,No internet service,No internet service,No internet service,No internet service,No internet service
5383-MMTWC,8,Month-to-month,Fiber optic,Yes,Yes,No,No,No,No,No,Yes
9971-ZWPBF,34,Month-to-month,Fiber optic,Yes,Yes,No,Yes,Yes,Yes,Yes,Yes
4712-AUQZO,18,Month-to-month,DSL,No,No phone service,Yes,No,Yes,No,No,No
9711-FJTBX,56,One year,Fiber optic,Yes,No,No,Yes,Yes,Yes,No,No
2908-ZTPNF,36,Month-to-month,DSL,No,No phone service,No,Yes,No,Yes,No,No
7240-ETPTR,9,Month-to-month,DSL,No,No phone service,No,No,Yes,No,Yes,Yes
2202-CUYXZ,1,Month-to-month,Fiber optic,Yes,No,No,No,Yes,No,Yes,No
5995-OIGLP,12,Month-to-month,DSL,Yes,No,Yes,No,No,Yes,No,No
8421-WZOOW,57,Month-to-month,Fiber optic,Yes,No,No,Yes,Yes,Yes,Yes,No
6261-RCVNS,42,One year,DSL,Yes,No,Yes,Yes,Yes,Yes,No,Yes
7951-QKZPL,33,Two year,No,Yes,Yes,No internet service,No internet service,No internet service,No internet service,No internet service,No internet service
1414-YADCW,70,Two year,Fiber optic,Yes,No,Yes,Yes,No,Yes,No,No
8756-RDDLT,68,Month-to-month,DSL,No,No phone service,No,Yes,No,Yes,No,Yes
2862-PFNIK,1,Month-to-month,DSL,No,No phone service,No,No,No,No,No,No
5816-QVHRX,37,Month-to-month,Fiber optic,Yes,Yes,No,No,No,Yes,Yes,Yes
4430-YHXGG,4,Month-to-month,No,Yes,Yes,No internet service,No internet service,No internet service,No internet service,No internet service,No internet service
6888-SBYAI,1,Month-to-month,DSL,Yes,No,Yes,No,No,No,No,No
7395-XWZOY,20,Month-to-month,DSL,No,No phone service,Yes,Yes,Yes,Yes,Yes,No
7169-YWAMK,72,Two year,DSL,Yes,No,Yes,Yes,No,Yes,Yes,No
3640-PHQXK,31,Month-to-month,Fiber optic,Yes,Yes,No,No,Yes,No,No,Yes
6877-LGWXO,18,Month-to-month,Fiber optic,Yes,No,No,No,No,No,No,Yes
6859-RKMZJ,11,Month-to-month,DSL,Yes,No,No,No,No,No,Yes,No
2729-VNVAP,33,Two year,No,Yes,No,No internet service,No internet service,No internet service,No internet service,No internet service,No internet service
2957-JIRMN,62,One year,Fiber optic,Yes,Yes,No,No,No,No,Yes,No
2049-BAFNW,1,Month-to-month,DSL,No,No phone service,No,No,Yes,Yes,No,No
3842-QTGDL,16,Month-to-month,Fiber optic,Yes,No,Yes,Yes,No,No,No,No
7163-OCEQI,22,One year,DSL,Yes,Yes,No,No,Yes,Yes,Yes,Yes
9782-LGXMC,49,Month-to-month,DSL,Yes,No,Yes,No,Yes,Yes,No,No
5975-BAICR,36,One year,DSL,Yes,No,Yes,No,Yes,No,No,Yes
8019-ENHXU,42,Month-to-month,Fiber optic,Yes,Yes,No,Yes,Yes,Yes,No,Yes
5167-GBFRE,4,Month-to-month,DSL,No,No phone service,No,No,No,No,No,No
9033-EOXWV,12,One year,DSL,Yes,Yes,No,No,No,Yes,Yes,Yes
4673-KKSLS,31,Month-to-month,Fiber optic,Yes,No,Yes,No,Yes,Yes,No,No
4853-OITSN,5,Month-to-month,Fiber optic,Yes,Yes,Yes,No,No,No,No,Yes
9800-OUIGR,66,Two year,No,Yes,No,No internet service,No internet service,No internet service,No internet service,No internet service,No internet service
1324-NLTJE,15,Month-to-month,DSL,Yes,Yes,No,No,No,Yes,No,No
2324-EFHVG,64,Two year,Fiber optic,Yes,Yes,No,Yes,Yes,No,Yes,Yes
7094-MSZAO,10,Month-to-month,No,Yes,No,No internet service,No internet service,No internet service,No internet service,No internet service,No internet service
1522-VVDMG,7,Month-to-month,Fiber optic,Yes,No,No,Yes,No,Yes,Yes,No
6907-CQGPN,29,Month-to-month,DSL,No,No phone service,No,Yes,No,Yes,No,No
0780-XNZFN,57,Two year,No,Yes,No,No internet service,No internet service,No internet service,No internet service,No internet service,No internet service
0239-OXEXL,46,Month-to-month,Fiber optic,Yes,Yes,Yes,Yes,No,No,No,No
2675-IJRGJ,53,Two year,No,Yes,No,No internet service,No internet service,No internet service,No internet service,No internet service,No internet service
7049-GKVZY,17,One year,DSL,Yes,No,Yes,Yes,No,Yes,Yes,Yes
8577-QSOCG,38,Two year,No,Yes,No,No internet service,No internet service,No internet service,No internet service,No internet service,No internet service
3721-CNZHX,15,One year,No,Yes,No,No internet service,No internet service,No internet service,No internet service,No internet service,No internet service
0212-ISBBF,22,Month-to-month,DSL,No,No phone service,No,Yes,No,No,Yes,Yes
9185-TQCVP,14,Month-to-month,Fiber optic,Yes,Yes,No,No,No,No,No,Yes
3585-YNADK,57,One year,DSL,Yes,Yes,No,Yes,Yes,Yes,Yes,No
5271-DBYSJ,11,Month-to-month,Fiber optic,Yes,No,No,No,No,No,No,Yes
1099-GODLO,1,Two year,No,Yes,No,No internet service,No internet service,No internet service,No internet service,No internet service,No internet service
6828-HMKWP,12,Two year,No,Yes,No,No internet service,No internet service,No internet service,No internet service,No internet service,No internet service
5567-WSELE,3,Month-to-month,Fiber optic,Yes,Yes,No,No,No,No,Yes,Yes
1472-TNCWL,36,Month-to-month,Fiber optic,Yes,No,No,Yes,No,No,Yes,Yes
8063-RJYNF,16,Month-to-month,Fiber optic,Yes,No,Yes,No,No,No,Yes,Yes
0687-ZVTHB,65,One year,DSL,Yes,Yes,Yes,Yes,Yes,No,No,Yes
2080-GKCWQ,2,Month-to-month,Fiber optic,Yes,No,No,Yes,No,No,No,No
9661-ACXBS,42,Month-to-month,Fiber optic,Yes,Yes,Yes,No,Yes,No,Yes,Yes
2193-SFWQW,72,Two year,Fiber optic,Yes,No,Yes,Yes,Yes,Yes,Yes,Yes
5656-JAMLX,62,Two year,No,Yes,No,No internet service,No internet service,No internet service,No internet service,No internet service,No internet service
3462-BJQQA,6,Month-to-month,Fiber optic,Yes,Yes,No,Yes,No,No,Yes,No
0442-TDYUO,48,Two year,No,Yes,No,No internet service,No internet service,No internet service,No internet service,No internet service,No internet service
6733-LRIZX,35,Two year,Fiber optic,Yes,Yes,Yes,No,Yes,Yes,Yes,Yes
9503-XJUME,52,One year,No,Yes,No,No internet service,No internet service,No internet service,No internet service,No internet service,No internet service
4367-NHWMM,1,Month-to-month,DSL,No,No phone service,No,No,No,No,No,No
3727-RJMEO,6,Month-to-month,Fiber optic,Yes,Yes,No,No,No,No,Yes,No
3779-OSWCF,71,Two year,DSL,Yes,Yes,Yes,Yes,Yes,Yes,Yes,Yes
6736-DHUQI,67,One year,Fiber optic,Yes,No,Yes,Yes,Yes,No,No,No
3915-ODIYG,60,One year,DSL,Yes,Yes,Yes,Yes,No,No,No,Yes
1360-RCYRT,23,Month-to-month,DSL,No,No phone service,No,No,No,Yes,No,No
2724-FJDYW,39,One year,DSL,No,No phone service,No,No,Yes,Yes,Yes,Yes
4451-RWASJ,15,One year,No,Yes,No,No internet service,No internet service,No internet service,No internet service,No internet service,No internet service
6646-VRFOL,53,Month-to-month,Fiber optic,Yes,Yes,No,Yes,Yes,No,Yes,Yes
3460-TJBWI,24,Two year,No,Yes,Yes,No internet service,No internet service,No internet service,No internet service,No internet service,No internet service
5917-HBSDW,37,Month-to-month,No,Yes,No,No internet service,No internet service,No internet service,No internet service,No internet service,No internet service
5685-IIXLY,5,Month-to-month,Fiber optic,Yes,No,No,Yes,No,No,No,Yes
5671-UUNXD,50,One year,Fiber optic,Yes,Yes,No,No,No,Yes,Yes,Yes
0956-ACVZC,54,One year,Fiber optic,Yes,No,No,No,Yes,No,Yes,Yes
2325-NBPZG,3,Month-to-month,Fiber optic,Yes,No,Yes,No,No,No,No,No
4250-ZBWLV,68,One year,Fiber optic,Yes,Yes,No,Yes,Yes,Yes,Yes,Yes
4482-FTFFX,5,Month-to-month,DSL,Yes,No,No,No,Yes,Yes,No,No
8859-DZTGQ,33,Two year,No,Yes,No,No internet service,No internet service,No internet service,No internet service,No internet service,No internet service
0440-MOGPM,41,One year,DSL,Yes,Yes,No,Yes,Yes,No,Yes,Yes
0020-JDNXP,34,One year,DSL,No,No phone service,Yes,No,Yes,Yes,Yes,Yes
3752-CQSJI,13,Month-to-month,No,Yes,No,No internet service,No internet service,No internet service,No internet service,No internet service,No internet service
5025-GOOKI,20,Month-to-month,No,Yes,No,No internet service,No internet service,No internet service,No internet service,No internet service,No internet service
4698-KVLLG,51,Two year,No,Yes,No,No internet service,No internet service,No internet service,No internet service,No internet service,No internet service
5095-AESKG,3,Month-to-month,Fiber optic,Yes,Yes,No,Yes,No,No,No,Yes
2887-JPYLU,41,Month-to-month,DSL,Yes,No,No,No,No,No,No,No
4770-QAZXN,13,Month-to-month,No,Yes,No,No internet service,No internet service,No internet service,No internet service,No internet service,No internet service
4896-CPRPF,35,Two year,No,Yes,Yes,No internet service,No internet service,No internet service,No internet service,No internet service,No internet service
1871-MOWRM,12,Month-to-month,Fiber optic,Yes,No,Yes,No,No,Yes,No,No
9714-EDSUC,4,Month-to-month,Fiber optic,Yes,No,Yes,Yes,No,Yes,No,Yes
2027-OAQQC,43,Month-to-month,DSL,No,No phone service,No,No,Yes,No,Yes,Yes
0282-NVSJS,12,Month-to-month,DSL,No,No phone service,No,No,No,Yes,No,No
9090-SGQXL,68,Month-to-month,Fiber optic,Yes,Yes,No,Yes,Yes,No,Yes,Yes
6595-YGXIT,25,Month-to-month,Fiber optic,Yes,Yes,No,Yes,No,No,Yes,No
7353-YOWFP,7,One year,No,Yes,No,No internet service,No internet service,No internet service,No internet service,No internet service,No internet service
9835-ZIITK,66,One year,Fiber optic,Yes,Yes,No,Yes,Yes,Yes,Yes,Yes
8008-ESFLK,53,One year,Fiber optic,Yes,No,Yes,Yes,Yes,Yes,Yes,Yes
7537-CBQUZ,63,Month-to-month,Fiber optic,Yes,Yes,Yes,Yes,Yes,No,Yes,Yes
1555-DJEQW,70,Two year,Fiber optic,Yes,Yes,Yes,Yes,Yes,Yes,Yes,Yes
5649-TJHOV,27,Month-to-month,DSL,No,No phone service,No,No,No,No,No,Yes
0519-XUZJU,1,Month-to-month,Fiber optic,Yes,No,No,No,No,No,No,No
3363-EWLGO,5,Month-to-month,No,Yes,No,No internet service,No internet service,No internet service,No internet service,No internet service,No internet service
4750-UKWJK,37,One year,No,Yes,No,No internet service,No internet service,No internet service,No internet service,No internet service,No internet service
6338-AVWCY,3,Month-to-month,DSL,No,No phone service,No,No,Yes,No,Yes,No
1689-YQBYY,12,Month-to-month,Fiber optic,Yes,Yes,No,No,No,No,No,No
4487-ZYJZK,38,One year,No,Yes,No,No internet service,No internet service,No internet service,No internet service,No internet service,No internet service
2959-FENLU,9,Month-to-month,Fiber optic,Yes,No,No,No,Yes,No,No,Yes
0708-LGSMF,13,Month-to-month,DSL,Yes,Yes,Yes,No,No,No,No,Yes
9253-QXKBE,29,Month-to-month,Fiber optic,Yes,Yes,No,No,No,No,Yes,Yes
7634-HLQJR,47,Two year,No,Yes,No,No internet service,No internet service,No internet service,No internet service,No internet service,No internet service
0487-RPVUM,61,Month-to-month,Fiber optic,Yes,Yes,Yes,No,Yes,Yes,Yes,No
4079-ULGFR,16,Month-to-month,No,Yes,No,No internet service,No internet service,No internet service,No internet service,No internet service,No internet service
2516-XSJKX,41,Two year,DSL,Yes,No,Yes,Yes,No,Yes,Yes,Yes
0057-QBUQH,43,Two year,No,Yes,Yes,No internet service,No internet service,No internet service,No internet service,No internet service,No internet service
9445-SZLCH,36,Month-to-month,Fiber optic,Yes,Yes,No,Yes,Yes,No,Yes,No
6599-SFQVE,6,Month-to-month,DSL,Yes,No,No,No,No,No,No,Yes
8331-ZXFOE,58,One year,DSL,Yes,Yes,Yes,Yes,Yes,Yes,No,No
4003-FUSHP,19,Month-to-month,DSL,Yes,No,No,No,No,Yes,Yes,No
0356-ERHVT,11,Month-to-month,DSL,Yes,No,No,No,No,No,No,No
7325-ENZFI,39,One year,DSL,No,No phone service,Yes,Yes,No,Yes,No,No
4884-ZTHVF,8,Month-to-month,Fiber optic,Yes,No,No,Yes,No,No,Yes,No
3920-HIHMQ,26,Month-to-month,DSL,Yes,Yes,No,No,No,No,No,No
3055-OYMSE,53,Month-to-month,Fiber optic,Yes,No,No,Yes,No,No,No,No
0613-WUXUM,70,Two year,No,Yes,No,No internet service,No internet service,No internet service,No internet service,No internet service,No internet service
7568-PODML,1,Month-to-month,DSL,No,No phone service,No,No,No,No,Yes,Yes
4458-KVRBJ,59,Two year,No,Yes,Yes,No internet service,No internet service,No internet service,No internet service,No internet service,No internet service
5349-IECLD,2,Month-to-month,Fiber optic,Yes,No,No,No,Yes,No,Yes,Yes
1397-XKKWR,7,One year,DSL,No,No phone service,Yes,No,Yes,No,No,No
3945-GFWQL,12,Month-to-month,DSL,Yes,No,No,No,No,No,No,No
8097-OMULG,59,One year,DSL,Yes,No,No,Yes,Yes,Yes,Yes,Yes
6013-BHCAW,61,Two year,DSL,Yes,Yes,No,No,Yes,Yes,Yes,Yes
0401-WDBXM,72,Two year,Fiber optic,Yes,Yes,Yes,No,Yes,No,Yes,Yes
3387-PLKUI,13,Month-to-month,No,Yes,No,No internet service,No internet service,No internet service,No internet service,No internet service,No internet service
6096-EGVTU,64,One year,No,Yes,Yes,No internet service,No internet service,No internet service,No internet service,No internet service,No internet service
3797-VTIDR,1,Month-to-month,DSL,No,No phone service,No,No,No,No,No,No
5081-NWSUP,10,One year,DSL,Yes,No,No,Yes,No,Yes,No,Yes
2580-ATZSQ,65,One year,DSL,Yes,No,Yes,Yes,Yes,No,No,No
8085-MSNLK,62,Two year,Fiber optic,Yes,Yes,Yes,Yes,Yes,Yes,Yes,Yes
9691-HKOVS,55,One year,DSL,Yes,Yes,Yes,Yes,Yes,Yes,Yes,Yes
9881-VCZEP,25,Month-to-month,DSL,Yes,Yes,No,Yes,No,No,No,No
9526-BIHHD,1,Month-to-month,DSL,No,No phone service,Yes,No,No,No,No,No
8757-TFHHJ,1,Month-to-month,DSL,Yes,No,Yes,No,No,No,No,No
4523-WXCEF,59,Month-to-month,Fiber optic,Yes,Yes,No,Yes,No,No,Yes,Yes
1468-DEFNC,64,Two year,No,Yes,Yes,No internet service,No internet service,No internet service,No internet service,No internet service,No internet service
5119-KEPFY,36,Month-to-month,Fiber optic,Yes,Yes,No,No,No,No,Yes,Yes
8364-TRMMK,3,Month-to-month,DSL,Yes,Yes,No,No,No,No,No,No
0916-KNFAJ,61,Two year,DSL,Yes,Yes,Yes,No,Yes,No,No,Yes
8319-QBEHW,26,One year,DSL,No,No phone service,No,Yes,No,No,Yes,No
3063-QFSZL,1,Month-to-month,DSL,Yes,No,No,No,No,No,No,Yes
8775-LHDJH,1,Month-to-month,Fiber optic,Yes,Yes,No,Yes,No,No,Yes,No
9625-QNLUX,68,Two year,Fiber optic,Yes,No,Yes,Yes,Yes,No,Yes,Yes
3097-NQYSN,2,Month-to-month,Fiber optic,Yes,Yes,No,No,No,No,Yes,No
4024-CSNBY,72,Two year,Fiber optic,Yes,Yes,Yes,Yes,Yes,Yes,No,No
7110-BDTWG,71,Two year,DSL,No,No phone service,No,No,Yes,Yes,No,Yes
7493-GVFIO,57,Two year,No,Yes,No,No internet service,No internet service,No internet service,No internet service,No internet service,No internet service
0690-SRQID,4,Month-to-month,No,Yes,No,No internet service,No internet service,No internet service,No internet service,No internet service,No internet service
9605-WGJVW,1,Month-to-month,Fiber optic,Yes,No,No,No,No,No,No,No
9114-DPSIA,72,Two year,DSL,Yes,Yes,Yes,Yes,Yes,Yes,No,Yes
4700-UBQMV,21,One year,DSL,Yes,Yes,Yes,No,No,No,Yes,Yes
7711-GQBZC,71,Two year,No,Yes,Yes,No internet service,No internet service,No internet service,No internet service,No internet service,No internet service
3565-UNOCC,29,Month-to-month,Fiber optic,Yes,Yes,No,No,Yes,No,Yes,Yes
4627-MIHJH,69,Two year,Fiber optic,Yes,Yes,Yes,No,Yes,Yes,Yes,Yes
9795-NREXC,64,Two year,DSL,Yes,Yes,Yes,No,Yes,Yes,Yes,Yes
8573-CGOCC,16,Month-to-month,No,Yes,No,No internet service,No internet service,No internet service,No internet service,No internet service,No internet service
7356-AYNJP,4,One year,No,Yes,Yes,No internet service,No internet service,No internet service,No internet service,No internet service,No internet service
9249-FXSCK,52,One year,Fiber optic,Yes,Yes,Yes,Yes,No,Yes,Yes,Yes
5493-SDRDQ,2,Month-to-month,DSL,Yes,No,Yes,No,Yes,No,No,No
6286-SUUWT,1,Month-to-month,No,Yes,No,No internet service,No internet service,No internet service,No internet service,No internet service,No internet service
4819-HJPIW,18,Month-to-month,DSL,No,No phone service,No,No,No,No,No,No
8654-DHAOW,2,Month-to-month,DSL,Yes,Yes,No,Yes,No,No,No,No
5438-QMDDL,19,Month-to-month,DSL,Yes,No,No,Yes,No,No,No,Yes
9812-GHVRI,40,Month-to-month,Fiber optic,Yes,Yes,No,No,No,No,No,Yes
5553-AOINX,66,One year,Fiber optic,Yes,Yes,No,Yes,Yes,No,Yes,Yes
1228-ZLNBX,21,Month-to-month,Fiber optic,Yes,Yes,No,No,No,No,No,No
4226-KKDON,8,Month-to-month,DSL,Yes,No,No,Yes,No,Yes,Yes,No
3831-YCPUO,72,Two year,Fiber optic,Yes,No,Yes,Yes,Yes,Yes,Yes,Yes
7445-WMRBW,48,One year,DSL,Yes,Yes,No,Yes,Yes,Yes,Yes,No
3308-DGHKL,69,Two year,No,Yes,No,No internet service,No internet service,No internet service,No internet service,No internet service,No internet service
9924-JPRMC,72,Two year,Fiber optic,Yes,Yes,Yes,Yes,Yes,Yes,Yes,Yes
0080-EMYVY,14,One year,DSL,Yes,No,No,Yes,No,No,No,No
6218-KNUBD,6,Month-to-month,DSL,Yes,No,No,Yes,No,No,Yes,No
7337-CINUD,8,Two year,No,Yes,No,No internet service,No internet service,No internet service,No internet service,No internet service,No internet service
7609-NRNCA,17,One year,No,Yes,No,No internet service,No internet service,No internet service,No internet service,No internet service,No internet service
0623-EJQEG,65,One year,Fiber optic,Yes,Yes,Yes,No,No,Yes,No,Yes
7153-CHRBV,57,One year,DSL,Yes,No,Yes,No,Yes,Yes,No,No
0871-URUWO,13,Month-to-month,Fiber optic,Yes,Yes,No,No,Yes,No,Yes,Yes
9190-MFJLN,19,Month-to-month,Fiber optic,Yes,No,No,No,Yes,No,Yes,Yes
6198-PNNSZ,56,One year,Fiber optic,Yes,Yes,Yes,Yes,Yes,No,Yes,Yes
3317-VLGQT,14,Month-to-month,Fiber optic,Yes,No,No,No,No,No,No,Yes
4132-POCZS,52,Month-to-month,DSL,No,No phone service,Yes,No,No,No,No,Yes
5614-DNZCE,58,Two year,DSL,Yes,No,Yes,Yes,Yes,Yes,No,No
1095-JUDTC,47,Month-to-month,Fiber optic,Yes,Yes,No,Yes,No,Yes,Yes,No
3896-RCYYE,67,Month-to-month,DSL,No,No phone service,No,No,Yes,Yes,Yes,Yes
9638-JIQYA,2,Month-to-month,DSL,No,No phone service,No,No,No,No,No,No
3258-SANFR,6,Month-to-month,DSL,Yes,No,No,No,No,No,No,No
3726-TBHQT,71,Two year,Fiber optic,Yes,Yes,Yes,Yes,Yes,Yes,Yes,Yes
3190-ITQXP,46,Two year,No,Yes,No,No internet service,No internet service,No internet service,No internet service,No internet service,No internet service
0870-VEMYL,5,Month-to-month,DSL,Yes,No,Yes,No,No,Yes,No,No
4833-QTJNO,67,Month-to-month,Fiber optic,Yes,Yes,Yes,Yes,No,No,No,No
3039-MJSLN,3,Month-to-month,No,Yes,No,No internet service,No internet service,No internet service,No internet service,No internet service,No internet service
0178-CIIKR,3,Month-to-month,No,Yes,No,No internet service,No internet service,No internet service,No internet service,No internet service,No internet service
5385-SUIRI,52,Month-to-month,Fiber optic,Yes,Yes,Yes,No,Yes,No,Yes,Yes
3982-XWFZQ,42,Month-to-month,DSL,Yes,Yes,No,No,No,No,No,No
5774-QPLTF,50,One year,No,Yes,No,No internet service,No internet service,No internet service,No internet service,No internet service,No internet service
2322-VCZHZ,23,Month-to-month,Fiber optic,Yes,No,Yes,Yes,No,No,No,Yes
5010-IPEAQ,67,Two year,DSL,No,No phone service,Yes,Yes,Yes,Yes,Yes,No
4009-ALQFH,25,Month-to-month,Fiber optic,Yes,No,No,Yes,Yes,No,Yes,Yes
6383-ZTSIW,39,One year,Fiber optic,Yes,No,Yes,Yes,No,No,Yes,Yes
8990-YOZLV,69,Two year,DSL,Yes,Yes,Yes,Yes,No,Yes,No,No
3069-SSVSN,1,One year,DSL,No,No phone service,No,No,No,No,No,No
5222-IMUKT,32,Month-to-month,Fiber optic,Yes,No,No,No,No,No,Yes,Yes
3627-FCRDW,9,Month-to-month,Fiber optic,Yes,No,No,No,No,No,No,No
7562-GSUHK,16,Month-to-month,Fiber optic,Yes,No,No,Yes,Yes,No,No,Yes
6685-XSHHU,60,Two year,No,Yes,No,No internet service,No internet service,No internet service,No internet service,No internet service,No internet service
8901-UPRHR,72,Two year,Fiber optic,Yes,Yes,No,Yes,Yes,Yes,Yes,Yes
4903-UYAVB,5,Month-to-month,No,Yes,No,No internet service,No internet service,No internet service,No internet service,No internet service,No internet service
0118-JPNOY,26,Month-to-month,Fiber optic,Yes,No,Yes,No,No,No,Yes,No
6776-TLWOI,3,Month-to-month,No,Yes,No,No internet service,No internet service,No internet service,No internet service,No internet service,No internet service
3845-FXCYS,2,Month-to-month,No,Yes,No,No internet service,No internet service,No internet service,No internet service,No internet service,No internet service
5857-XRECV,2,One year,No,Yes,No,No internet service,No internet service,No internet service,No internet service,No internet service,No internet service
0725-CXOTM,36,One year,DSL,Yes,Yes,Yes,No,Yes,Yes,Yes,Yes
4343-EJVQB,7,Month-to-month,Fiber optic,Yes,No,Yes,No,No,No,No,No
9000-PLFUZ,60,Two year,DSL,No,No phone service,No,Yes,No,No,Yes,Yes
3427-GGZZI,19,Month-to-month,Fiber optic,Yes,Yes,No,Yes,No,No,No,Yes
7779-ORAEL,45,Two year,DSL,Yes,Yes,Yes,No,Yes,Yes,No,Yes
0644-OQMDK,4,Month-to-month,Fiber optic,Yes,No,No,No,No,No,No,No
4077-CROMM,31,Month-to-month,Fiber optic,Yes,Yes,No,No,Yes,Yes,Yes,Yes
3154-CFSZG,47,Month-to-month,Fiber optic,Yes,No,Yes,No,Yes,No,No,Yes
2868-MZAGQ,1,Month-to-month,Fiber optic,Yes,No,No,No,No,No,No,Yes
4847-QNOKA,1,Month-to-month,DSL,Yes,No,No,No,No,No,No,No
2220-IAHLS,1,Month-to-month,No,Yes,No,No internet service,No internet service,No internet service,No internet service,No internet service,No internet service
1658-XUHBX,59,Month-to-month,Fiber optic,Yes,Yes,No,No,Yes,No,No,Yes
6379-RXJRQ,10,Month-to-month,Fiber optic,Yes,No,No,No,No,No,No,No
2378-HTWFW,35,Month-to-month,Fiber optic,Yes,Yes,Yes,No,No,No,No,Yes
8650-RHRKE,4,Month-to-month,DSL,No,No phone service,No,No,Yes,No,No,No
4377-VDHYI,32,One year,Fiber optic,Yes,No,Yes,Yes,No,No,No,Yes
0475-RIJEP,43,Month-to-month,Fiber optic,Yes,Yes,No,Yes,No,No,No,No
1260-TTRXI,4,Month-to-month,DSL,Yes,No,No,No,No,No,No,Yes
3719-TDVQB,54,Two year,No,Yes,No,No internet service,No internet service,No internet service,No internet service,No internet service,No internet service
6328-ZPBGN,11,Month-to-month,Fiber optic,Yes,Yes,No,No,No,No,Yes,Yes
0201-MIBOL,66,Two year,Fiber optic,Yes,Yes,Yes,No,No,No,Yes,Yes
4937-QPZPO,61,One year,Fiber optic,Yes,Yes,No,No,Yes,No,Yes,Yes
2925-VDZHY,72,Two year,DSL,Yes,Yes,Yes,Yes,Yes,Yes,Yes,Yes
6981-TDRFT,44,One year,DSL,No,No phone service,No,No,Yes,Yes,Yes,Yes
3413-CSSTH,41,Month-to-month,DSL,Yes,Yes,No,No,Yes,No,No,No
8033-VCZGH,50,One year,Fiber optic,Yes,Yes,Yes,No,Yes,No,Yes,Yes
4789-KWMXN,47,One year,Fiber optic,Yes,Yes,Yes,No,Yes,Yes,Yes,Yes
0224-NIJLP,8,Two year,No,Yes,No,No internet service,No internet service,No internet service,No internet service,No internet service,No internet service
7542-CYDDM,18,Month-to-month,No,Yes,No,No internet service,No internet service,No internet service,No internet service,No internet service,No internet service
4718-WXBGI,72,Two year,DSL,Yes,Yes,Yes,Yes,Yes,Yes,Yes,Yes
2867-UIMSS,1,Month-to-month,Fiber optic,Yes,No,No,No,No,No,No,Yes
8495-PRWFH,42,Month-to-month,DSL,Yes,Yes,No,No,Yes,No,No,No
0439-IFYUN,18,Month-to-month,Fiber optic,Yes,No,No,Yes,No,No,No,No
5716-LIBJC,13,One year,Fiber optic,Yes,Yes,No,Yes,Yes,No,Yes,Yes
2868-LLSKM,68,One year,Fiber optic,Yes,Yes,No,Yes,No,Yes,No,No
8111-RKSPX,4,Month-to-month,Fiber optic,Yes,Yes,No,No,No,No,No,No
2988-QRAJY,69,Two year,Fiber optic,Yes,Yes,Yes,Yes,Yes,No,Yes,Yes
1585-MQSSU,17,Month-to-month,DSL,Yes,No,No,No,No,Yes,No,No
0071-NDAFP,25,Two year,No,Yes,Yes,No internet service,No internet service,No internet service,No internet service,No internet service,No internet service
2856-NNASM,43,Month-to-month,Fiber optic,Yes,No,No,No,No,No,Yes,Yes
7328-ZJAJO,59,Two year,No,Yes,No,No internet service,No internet service,No internet service,No internet service,No internet service,No internet service
6458-CYIDZ,5,Month-to-month,Fiber optic,Yes,No,Yes,Yes,No,No,No,No
8559-CIZFV,21,One year,DSL,Yes,Yes,Yes,Yes,No,Yes,Yes,No
1090-PYKCI,69,One year,Fiber optic,Yes,Yes,Yes,Yes,Yes,Yes,Yes,No
3058-WQDRE,13,Month-to-month,DSL,No,No phone service,No,No,No,No,No,No
7547-EKNFS,42,Month-to-month,Fiber optic,Yes,Yes,No,Yes,Yes,No,Yes,No
2279-AXJJK,52,Month-to-month,Fiber optic,Yes,Yes,No,Yes,No,Yes,No,Yes
6769-DYBQN,46,Month-to-month,Fiber optic,Yes,No,Yes,No,No,No,No,Yes
0909-SELIE,61,Two year,DSL,Yes,Yes,Yes,Yes,Yes,Yes,No,Yes
3417-TSCIC,29,One year,DSL,No,No phone service,No,No,No,No,No,No
1042-HFUCW,25,One year,DSL,Yes,No,No,Yes,No,Yes,No,No
4439-JMPMT,5,Month-to-month,Fiber optic,Yes,No,No,No,No,Yes,Yes,No
6537-OTKMY,15,One year,DSL,No,No phone service,No,No,Yes,No,Yes,Yes
8999-EXMNO,19,Two year,No,Yes,No,No internet service,No internet service,No internet service,No internet service,No internet service,No internet service
6725-TPKJO,44,Two year,No,Yes,No,No internet service,No internet service,No internet service,No internet service,No internet service,No internet service
2446-BEGGB,6,Month-to-month,Fiber optic,Yes,Yes,No,Yes,No,No,Yes,Yes
7162-WPHPM,58,Two year,DSL,Yes,Yes,Yes,Yes,Yes,Yes,No,No
1599-MMYRQ,62,One year,Fiber optic,Yes,No,Yes,Yes,No,No,No,No
8821-KVZKQ,70,One year,DSL,No,No phone service,No,Yes,Yes,Yes,Yes,Yes
1496-GGSUK,1,Month-to-month,DSL,No,No phone service,No,No,No,No,No,No
6434-TTGJP,10,Two year,DSL,No,No phone service,Yes,Yes,Yes,Yes,No,Yes
0042-JVWOJ,26,One year,No,Yes,No,No internet service,No internet service,No internet service,No internet service,No internet service,No internet service
0130-SXOUN,66,Month-to-month,Fiber optic,Yes,Yes,No,Yes,No,No,No,Yes
2575-GFSOE,7,Month-to-month,Fiber optic,Yes,No,No,No,No,No,No,No
2330-PQGDQ,51,One year,Fiber optic,Yes,Yes,No,Yes,No,Yes,No,No
1452-UZOSF,72,Two year,Fiber optic,Yes,Yes,Yes,Yes,Yes,Yes,Yes,No
2097-YVPKN,65,Two year,No,Yes,Yes,No internet service,No internet service,No internet service,No internet service,No internet service,No internet service
2842-JTCCU,2,Month-to-month,DSL,Yes,No,No,No,No,No,No,No
8597-CTXVJ,70,One year,DSL,Yes,Yes,Yes,Yes,No,Yes,No,No
6631-HMANX,72,Two year,DSL,Yes,Yes,No,Yes,Yes,Yes,Yes,Yes
9962-BFPDU,1,Month-to-month,No,Yes,No,No internet service,No internet service,No internet service,No internet service,No internet service,No internet service
3296-SILRA,1,Month-to-month,Fiber optic,Yes,No,No,Yes,No,No,No,No
9681-OXGVC,5,Month-to-month,Fiber optic,Yes,Yes,No,No,Yes,No,Yes,Yes
6394-HHHZM,3,Month-to-month,No,Yes,No,No internet service,No internet service,No internet service,No internet service,No internet service,No internet service
5995-LFTLE,58,Two year,No,Yes,Yes,No internet service,No internet service,No internet service,No internet service,No internet service,No internet service
5180-UCIIQ,22,Month-to-month,DSL,No,No phone service,Yes,No,No,No,No,Yes
1932-UEDCX,33,Month-to-month,Fiber optic,Yes,Yes,No,Yes,No,No,Yes,Yes
7153-OANIO,1,Month-to-month,Fiber optic,Yes,No,No,No,No,No,No,No
5188-HGMLP,54,Month-to-month,Fiber optic,Yes,Yes,No,No,No,No,No,No
0665-XHDJU,72,Two year,Fiber optic,Yes,Yes,No,Yes,No,No,Yes,Yes
6521-YYTYI,1,Month-to-month,Fiber optic,Yes,Yes,No,No,No,No,Yes,Yes
8878-HMWBV,3,Month-to-month,DSL,Yes,No,No,No,Yes,No,No,No
8265-HKSOW,72,Two year,Fiber optic,Yes,Yes,Yes,Yes,Yes,Yes,No,Yes
3544-FBCAS,72,Two year,DSL,Yes,Yes,Yes,Yes,Yes,No,Yes,Yes
5331-RGMTT,54,Month-to-month,Fiber optic,Yes,Yes,No,No,Yes,No,Yes,Yes
4759-PXTAN,59,One year,DSL,Yes,Yes,No,Yes,No,Yes,Yes,Yes
7054-DMVAS,54,Two year,DSL,Yes,No,Yes,Yes,No,No,Yes,No
3428-MMGUB,60,Two year,Fiber optic,Yes,Yes,No,No,Yes,No,Yes,No
6549-BTYPG,60,Two year,DSL,No,No phone service,No,Yes,Yes,Yes,Yes,Yes
7823-JSOAG,3,Month-to-month,Fiber optic,Yes,Yes,No,No,No,No,No,No
3705-RHRFR,69,Two year,Fiber optic,Yes,Yes,Yes,No,No,No,Yes,Yes
9374-YOLBJ,1,Month-to-month,No,Yes,No,No internet service,No internet service,No internet service,No internet service,No internet service,No internet service
9074-KGVOX,50,Month-to-month,DSL,No,No phone service,Yes,No,No,No,Yes,No
6128-DAFVY,56,Month-to-month,DSL,No,No phone service,No,No,No,No,Yes,Yes
9933-QRGTX,60,Two year,Fiber optic,Yes,No,Yes,No,No,Yes,Yes,Yes
4476-OSWTN,69,One year,Fiber optic,Yes,Yes,Yes,No,Yes,Yes,Yes,Yes
3751-KTZEL,1,Month-to-month,DSL,No,No phone service,No,No,No,No,No,Yes
1977-STDKI,1,Month-to-month,Fiber optic,Yes,No,No,Yes,No,No,No,No
5066-GFJMM,3,Month-to-month,No,Yes,No,No internet service,No internet service,No internet service,No internet service,No internet service,No internet service
2661-GKBTK,60,Two year,DSL,Yes,No,No,Yes,No,Yes,Yes,Yes
0458-HEUZG,13,Two year,DSL,No,No phone service,No,No,Yes,Yes,No,No
7268-WNTCP,62,Two year,No,Yes,No,No internet service,No internet service,No internet service,No internet service,No internet service,No internet service
0824-VWDPO,45,One year,Fiber optic,Yes,Yes,Yes,Yes,No,No,No,Yes
8409-WQJUX,25,One year,DSL,No,No phone service,No,No,Yes,Yes,Yes,Yes
2578-JQPHZ,44,Two year,Fiber optic,Yes,No,No,No,Yes,Yes,Yes,Yes
3278-FSIXX,2,Month-to-month,DSL,Yes,No,No,No,No,No,No,No
5813-UECBU,33,Month-to-month,Fiber optic,Yes,Yes,No,Yes,Yes,No,No,No
0328-GRPMV,1,Month-to-month,Fiber optic,Yes,No,No,No,No,No,No,No
9746-UGFAC,22,One year,No,Yes,No,No internet service,No internet service,No internet service,No internet service,No internet service,No internet service
2946-KIQSP,35,Month-to-month,DSL,No,No phone service,No,No,Yes,Yes,No,No
0625-AFOHS,29,Two year,No,Yes,No,No internet service,No internet service,No internet service,No internet service,No internet service,No internet service
6726-WEXXK,27,One year,Fiber optic,Yes,Yes,Yes,No,Yes,No,No,No
4636-OLWOE,54,One year,DSL,Yes,No,No,Yes,Yes,Yes,No,No
4342-HENTK,2,Month-to-month,Fiber optic,Yes,No,No,No,No,No,No,No
4685-ERGHK,57,One year,Fiber optic,Yes,Yes,No,No,No,No,Yes,No
0885-HMGPY,62,Two year,DSL,Yes,Yes,Yes,Yes,Yes,Yes,No,No
5003-OKNNK,15,One year,No,Yes,No,No internet service,No internet service,No internet service,No internet service,No internet service,No internet service
4195-SMMNX,2,Month-to-month,No,Yes,No,No internet service,No internet service,No internet service,No internet service,No internet service,No internet service
7208-PSIHR,70,Two year,Fiber optic,Yes,Yes,No,No,Yes,Yes,Yes,Yes
4012-ZTHBR,21,Month-to-month,DSL,Yes,No,No,No,No,No,No,No
0489-WMEMG,23,One year,DSL,Yes,No,No,No,No,Yes,No,No
7435-ZNUYY,6,One year,No,Yes,No,No internet service,No internet service,No internet service,No internet service,No internet service,No internet service
1354-YZFNB,4,Two year,No,Yes,No,No internet service,No internet service,No internet service,No internet service,No internet service,No internet service
6956-SMUCM,3,Month-to-month,Fiber optic,Yes,No,Yes,No,Yes,No,Yes,Yes
2985-FMWYF,23,Month-to-month,Fiber optic,Yes,Yes,No,No,No,No,Yes,Yes
2812-ENYMO,26,One year,DSL,No,No phone service,Yes,No,No,Yes,Yes,Yes
2717-HVIZY,8,Month-to-month,No,Yes,No,No internet service,No internet service,No internet service,No internet service,No internet service,No internet service
3223-WZWJM,26,Month-to-month,Fiber optic,Yes,Yes,No,No,No,No,No,Yes
3422-GALYP,2,Month-to-month,Fiber optic,Yes,Yes,No,Yes,No,No,No,No
9053-JZFKV,67,Two year,Fiber optic,Yes,Yes,Yes,Yes,Yes,Yes,Yes,Yes
2530-ENDWQ,71,Two year,Fiber optic,Yes,Yes,No,No,No,No,Yes,Yes
2890-WFBHU,59,One year,DSL,Yes,Yes,Yes,Yes,Yes,Yes,No,Yes
0327-WFZSY,39,One year,Fiber optic,Yes,Yes,No,No,Yes,No,Yes,Yes
7977-HXJKU,21,Two year,No,Yes,No,No internet service,No internet service,No internet service,No internet service,No internet service,No internet service
6615-ZGEDR,1,Month-to-month,No,Yes,No,No internet service,No internet service,No internet service,No internet service,No internet service,No internet service
7033-CLAMM,48,Two year,No,Yes,No,No internet service,No internet service,No internet service,No internet service,No internet service,No internet service
4023-RTIQM,31,One year,DSL,No,No phone service,Yes,Yes,Yes,No,No,Yes
0864-FVJNJ,64,One year,Fiber optic,Yes,Yes,Yes,Yes,Yes,Yes,Yes,Yes
7356-IWLFW,46,Month-to-month,Fiber optic,Yes,Yes,No,Yes,No,No,No,No
9541-PWTWO,52,Two year,DSL,Yes,Yes,No,No,Yes,Yes,Yes,Yes
3967-VQOGC,67,Two year,No,Yes,Yes,No internet service,No internet service,No internet service,No internet service,No internet service,No internet service
7872-RDDLZ,67,Month-to-month,DSL,Yes,Yes,No,Yes,No,No,No,No
9250-WYPLL,5,Month-to-month,Fiber optic,Yes,Yes,No,No,No,No,No,No
6308-CQRBU,71,Two year,Fiber optic,Yes,Yes,No,Yes,Yes,Yes,Yes,Yes
2754-XBHTB,9,Month-to-month,Fiber optic,Yes,No,No,No,No,No,Yes,No
1597-LHYNC,26,Month-to-month,Fiber optic,Yes,Yes,Yes,Yes,No,No,No,Yes
0186-CAERR,71,One year,Fiber optic,Yes,Yes,Yes,Yes,Yes,Yes,Yes,Yes
3043-SUDUA,32,Month-to-month,No,Yes,No,No internet service,No internet service,No internet service,No internet service,No internet service,No internet service
5442-BHQNG,2,Month-to-month,Fiber optic,Yes,No,No,No,No,No,No,No
2169-RRLFW,71,Two year,No,Yes,Yes,No internet service,No internet service,No internet service,No internet service,No internet service,No internet service
5872-OEQNH,60,One year,DSL,No,No phone service,Yes,No,Yes,No,No,Yes
3162-KKZXO,55,One year,Fiber optic,Yes,Yes,No,No,Yes,No,Yes,Yes
7055-VKGDA,54,One year,Fiber optic,Yes,No,Yes,Yes,No,Yes,Yes,Yes
0754-UKWQP,2,Month-to-month,Fiber optic,Yes,No,No,No,Yes,No,Yes,Yes
8873-GLDMH,6,Month-to-month,Fiber optic,Yes,Yes,No,No,No,No,No,No
5696-JVVQY,48,Two year,DSL,Yes,No,Yes,Yes,Yes,No,No,Yes
8946-BFWSG,63,Two year,No,Yes,Yes,No internet service,No internet service,No internet service,No internet service,No internet service,No internet service
7493-TPUWZ,1,Month-to-month,Fiber optic,Yes,Yes,No,Yes,No,No,No,No
0547-HURJB,12,Month-to-month,No,Yes,No,No internet service,No internet service,No internet service,No internet service,No internet service,No internet service
8904-OPDCK,54,Month-to-month,DSL,No,No phone service,No,No,No,No,No,No
8845-LWKGE,30,One year,DSL,Yes,No,No,No,Yes,Yes,Yes,No
1577-HKTFG,30,Month-to-month,No,Yes,No,No internet service,No internet service,No internet service,No internet service,No internet service,No internet service
8752-STIVR,4,Month-to-month,Fiber optic,Yes,No,No,No,No,No,Yes,No
0691-NIKRI,40,One year,Fiber optic,Yes,Yes,No,No,Yes,Yes,Yes,Yes
5022-JNQEQ,9,Month-to-month,Fiber optic,Yes,No,No,No,No,Yes,No,No
4558-FANTW,17,Month-to-month,Fiber optic,Yes,No,Yes,No,No,Yes,Yes,No
3249-VHRIP,62,Two year,DSL,No,No phone service,No,Yes,Yes,No,No,Yes
3736-BLEPA,28,One year,Fiber optic,Yes,No,No,Yes,No,Yes,Yes,No
4701-LKOZD,70,Two year,DSL,Yes,Yes,Yes,Yes,Yes,Yes,Yes,Yes
6603-QWSPR,46,Two year,Fiber optic,Yes,No,No,Yes,Yes,Yes,Yes,Yes
9921-QFQUL,23,Month-to-month,Fiber optic,Yes,Yes,No,No,Yes,No,No,Yes
1929-ZCBHE,47,One year,DSL,No,No phone service,Yes,No,Yes,Yes,No,No
4378-MYPGO,68,Two year,Fiber optic,Yes,No,Yes,Yes,Yes,No,Yes,Yes
8651-ENBZX,60,One year,Fiber optic,Yes,Yes,No,No,Yes,Yes,Yes,Yes
4129-LYCOI,67,Two year,Fiber optic,Yes,Yes,No,Yes,No,Yes,Yes,Yes
7798-JVXYM,14,Month-to-month,DSL,Yes,No,No,No,No,Yes,Yes,Yes
8647-SDTWQ,57,Month-to-month,Fiber optic,Yes,Yes,No,No,No,No,No,No
2696-ECXKC,55,One year,Fiber optic,Yes,Yes,Yes,No,No,No,Yes,Yes
2081-KJSQF,1,Month-to-month,No,Yes,No,No internet service,No internet service,No internet service,No internet service,No internet service,No internet service
7623-TRNQN,1,Month-to-month,DSL,Yes,No,No,No,No,Yes,No,No
3323-CPBWR,23,Month-to-month,Fiber optic,Yes,Yes,No,No,Yes,Yes,Yes,No
9330-IJWIO,13,Month-to-month,Fiber optic,Yes,Yes,Yes,No,No,No,Yes,Yes
3384-CTMSF,47,Month-to-month,Fiber optic,Yes,Yes,No,Yes,Yes,No,Yes,Yes
0902-RFHOF,38,One year,No,Yes,No,No internet service,No internet service,No internet service,No internet service,No internet service,No internet service
9286-DOJGF,38,Month-to-month,Fiber optic,Yes,Yes,No,No,No,No,No,No
6048-QBXKL,2,Month-to-month,DSL,Yes,Yes,No,Yes,No,No,No,No
9661-MHUMO,1,Month-to-month,DSL,Yes,No,No,No,No,Yes,No,No
7718-RXDGG,15,Month-to-month,Fiber optic,Yes,No,No,No,No,No,No,No
1025-FALIX,26,Month-to-month,Fiber optic,Yes,No,No,No,No,No,No,No
3451-VAWLI,35,Two year,No,Yes,No,No internet service,No internet service,No internet service,No internet service,No internet service,No internet service
3407-QGWLG,3,Month-to-month,No,Yes,No,No internet service,No internet service,No internet service,No internet service,No internet service,No internet service
1842-EZJMK,50,Month-to-month,Fiber optic,Yes,Yes,No,Yes,No,Yes,Yes,Yes
2347-WKKAE,42,Month-to-month,Fiber optic,Yes,Yes,Yes,No,Yes,No,No,Yes
8735-DCXNF,10,Month-to-month,DSL,Yes,No,Yes,No,No,Yes,No,No
3214-IYUUQ,61,One year,Fiber optic,Yes,No,Yes,Yes,No,Yes,No,Yes
1936-UAFEH,68,Two year,Fiber optic,Yes,Yes,Yes,Yes,No,Yes,Yes,Yes
3587-PMCOY,10,One year,Fiber optic,Yes,No,Yes,No,Yes,No,Yes,Yes
8079-XRJRS,65,One year,Fiber optic,Yes,Yes,Yes,Yes,Yes,No,No,No
1027-LKKQQ,72,Two year,DSL,Yes,No,Yes,No,Yes,Yes,Yes,Yes
7148-XZPHA,55,Month-to-month,Fiber optic,Yes,No,No,Yes,No,Yes,No,No
8073-IJDCM,1,Month-to-month,No,Yes,No,No internet service,No internet service,No internet service,No internet service,No internet service,No internet service
5309-TAIKL,7,Month-to-month,DSL,Yes,No,No,No,Yes,Yes,No,Yes
6856-RAURS,2,Month-to-month,Fiber optic,Yes,Yes,No,No,No,No,No,No
8778-LMWTJ,9,Month-to-month,Fiber optic,Yes,No,Yes,No,No,No,No,No
9717-IOAAF,27,Two year,No,Yes,Yes,No internet service,No internet service,No internet service,No internet service,No internet service,No internet service
8884-ADFVN,7,Month-to-month,Fiber optic,Yes,Yes,No,No,Yes,No,Yes,Yes
2845-KDHVX,64,Two year,DSL,Yes,No,No,Yes,Yes,Yes,No,Yes
0848-SOMKO,70,Two year,DSL,No,No phone service,Yes,No,Yes,Yes,No,Yes
2720-WGKHP,2,Month-to-month,Fiber optic,Yes,Yes,No,No,No,No,Yes,Yes
6734-FQAJX,67,Two year,Fiber optic,Yes,No,Yes,Yes,No,Yes,Yes,Yes
2869-ADAWR,45,Month-to-month,Fiber optic,Yes,Yes,No,Yes,No,No,Yes,No
1535-VTJOQ,24,Two year,No,Yes,Yes,No internet service,No internet service,No internet service,No internet service,No internet service,No internet service
6368-TZZDT,4,Two year,No,Yes,No,No internet service,No internet service,No internet service,No internet service,No internet service,No internet service
0943-ZQPXH,44,Month-to-month,Fiber optic,Yes,No,No,No,Yes,No,Yes,Yes
1293-BSEUN,72,Two year,No,Yes,No,No internet service,No internet service,No internet service,No internet service,No internet service,No internet service
9894-EZEWG,1,Month-to-month,Fiber optic,Yes,No,No,Yes,No,No,No,No
1302-TPUBN,66,Two year,No,Yes,No,No internet service,No internet service,No internet service,No internet service,No internet service,No internet service
7851-FLGGQ,1,Month-to-month,DSL,No,No phone service,No,Yes,No,Yes,No,Yes
0637-UBJRP,13,Month-to-month,Fiber optic,Yes,No,Yes,No,No,No,No,Yes
0940-OUQEC,10,Month-to-month,Fiber optic,Yes,Yes,No,Yes,No,No,No,No
2378-VTKDH,65,Month-to-month,Fiber optic,Yes,Yes,No,Yes,Yes,No,Yes,Yes
0927-CNGRH,1,Month-to-month,No,Yes,No,No internet service,No internet service,No internet service,No internet service,No internet service,No internet service
8608-OZTLB,38,One year,DSL,Yes,No,Yes,Yes,Yes,Yes,Yes,No
2335-GSODA,23,Two year,DSL,No,No phone service,Yes,No,Yes,Yes,No,No
1952-DVVSW,10,One year,No,Yes,No,No internet service,No internet service,No internet service,No internet service,No internet service,No internet service
0702-PGIBZ,4,Month-to-month,Fiber optic,Yes,Yes,No,Yes,No,No,Yes,Yes
6656-GULJQ,72,Two year,DSL,Yes,Yes,Yes,No,Yes,Yes,Yes,Yes
9853-JFZDU,35,Month-to-month,DSL,Yes,No,No,Yes,No,Yes,No,No
1963-VAUKV,1,Month-to-month,No,Yes,No,No internet service,No internet service,No internet service,No internet service,No internet service,No internet service
3777-XROBG,58,Two year,No,Yes,No,No internet service,No internet service,No internet service,No internet service,No internet service,No internet service
6994-FGRHH,70,One year,Fiber optic,Yes,No,No,Yes,Yes,Yes,Yes,Yes
4000-VGMQP,38,One year,DSL,Yes,Yes,No,Yes,Yes,No,Yes,Yes
3999-WRNGR,60,Month-to-month,DSL,No,No phone service,No,Yes,No,No,Yes,Yes
3466-RITXD,26,Month-to-month,Fiber optic,Yes,Yes,Yes,Yes,No,No,Yes,No
2680-XKKNJ,8,One year,DSL,Yes,No,Yes,Yes,No,Yes,No,No
3058-HJCUY,41,One year,Fiber optic,Yes,Yes,No,No,Yes,Yes,Yes,Yes
2974-GGUXS,36,Month-to-month,Fiber optic,Yes,Yes,No,Yes,No,No,Yes,No
7994-XIRTR,54,One year,DSL,Yes,No,No,No,Yes,Yes,No,Yes
3259-FDWOY,71,Two year,Fiber optic,Yes,Yes,No,Yes,Yes,No,Yes,Yes
2101-RANCD,55,Month-to-month,Fiber optic,Yes,Yes,No,No,No,No,No,No
7921-BEPCI,72,Two year,DSL,Yes,Yes,Yes,Yes,No,No,No,No
0807-ZABDG,3,Month-to-month,DSL,Yes,No,Yes,No,No,Yes,No,No
8510-TMWYB,54,Two year,DSL,Yes,Yes,No,Yes,Yes,No,No,No
3258-ZKPAI,72,Two year,Fiber optic,Yes,Yes,Yes,Yes,Yes,Yes,Yes,Yes
1428-IEDPR,52,Two year,Fiber optic,Yes,Yes,Yes,No,Yes,Yes,Yes,Yes
5298-GSTLM,60,One year,Fiber optic,Yes,Yes,Yes,No,No,No,Yes,Yes
4450-YOOHP,39,Month-to-month,DSL,No,No phone service,No,No,Yes,No,Yes,Yes
6728-CZFEI,15,One year,DSL,Yes,No,No,No,No,No,Yes,No
5748-RNCJT,69,Two year,Fiber optic,Yes,Yes,No,No,Yes,Yes,Yes,Yes
3653-NCRDJ,43,One year,No,Yes,No,No internet service,No internet service,No internet service,No internet service,No internet service,No internet service
6121-TNHBO,63,One year,DSL,Yes,Yes,Yes,Yes,Yes,Yes,Yes,No
5119-NZPTV,2,Month-to-month,Fiber optic,Yes,No,No,No,No,No,No,No
6519-ZHPXP,72,Two year,Fiber optic,Yes,No,Yes,Yes,Yes,Yes,Yes,Yes
7739-LAXOG,32,Month-to-month,Fiber optic,Yes,Yes,No,No,Yes,No,No,Yes
3472-QPRCH,40,Two year,No,Yes,Yes,No internet service,No internet service,No internet service,No internet service,No internet service,No internet service
8224-UAXBZ,58,One year,DSL,No,No phone service,Yes,Yes,No,No,Yes,No
9610-WCESF,67,Two year,DSL,No,No phone service,Yes,No,No,Yes,Yes,No
9776-CLUJA,51,Month-to-month,Fiber optic,Yes,Yes,Yes,No,No,No,No,No
2486-WYVVE,31,One year,DSL,Yes,Yes,No,No,Yes,Yes,Yes,Yes
3865-ZYKAD,69,Month-to-month,Fiber optic,Yes,Yes,Yes,Yes,No,No,No,No
1422-DGUBX,32,One year,Fiber optic,Yes,Yes,No,No,No,Yes,No,No
2999-AANRQ,21,Two year,DSL,Yes,No,Yes,Yes,No,Yes,Yes,No
8668-KNZTI,52,One year,DSL,Yes,No,Yes,No,Yes,No,No,No
0480-KYJVA,72,Two year,No,Yes,Yes,No internet service,No internet service,No internet service,No internet service,No internet service,No internet service
6034-ZRYCV,72,Two year,DSL,No,No phone service,No,Yes,Yes,No,Yes,Yes
9746-YKGXB,52,One year,DSL,No,No phone service,Yes,No,Yes,No,No,Yes
3926-YZVVX,41,One year,DSL,Yes,No,No,No,No,Yes,No,No
6000-UKLWI,41,Two year,No,Yes,No,No internet service,No internet service,No internet service,No internet service,No internet service,No internet service
2079-FBMZK,6,Month-to-month,Fiber optic,Yes,No,No,No,No,No,No,No
6332-FBZRI,67,One year,DSL,Yes,Yes,Yes,Yes,Yes,Yes,No,No
2096-XOTMO,16,Month-to-month,No,Yes,No,No internet service,No internet service,No internet service,No internet service,No internet service,No internet service
3266-FTKHB,17,Two year,No,Yes,No,No internet service,No internet service,No internet service,No internet service,No internet service,No internet service
8221-EQDGL,35,Month-to-month,DSL,Yes,No,Yes,Yes,Yes,No,No,No
2346-LOCWC,58,Two year,No,Yes,No,No internet service,No internet service,No internet service,No internet service,No internet service,No internet service
6608-QQLVK,1,Month-to-month,DSL,Yes,No,No,No,Yes,No,No,No
0298-XACET,52,Two year,DSL,No,No phone service,No,Yes,Yes,Yes,Yes,No
7560-QJAVJ,70,Two year,DSL,Yes,No,Yes,No,Yes,Yes,Yes,Yes
2995-YWTCD,19,Two year,No,Yes,Yes,No internet service,No internet service,No internet service,No internet service,No internet service,No internet service
3551-HUAZH,1,Month-to-month,Fiber optic,Yes,Yes,No,No,No,No,No,No
9137-UIYPG,35,Month-to-month,Fiber optic,Yes,No,Yes,No,Yes,Yes,Yes,Yes
2809-ZMYOQ,32,Month-to-month,Fiber optic,Yes,Yes,No,No,Yes,No,Yes,Yes
5084-OOVCJ,17,Month-to-month,DSL,Yes,No,Yes,No,No,Yes,No,No
0254-WWRKD,67,One year,DSL,Yes,No,No,Yes,No,No,No,No
7727-SHVZV,9,Month-to-month,No,Yes,No,No internet service,No internet service,No internet service,No internet service,No internet service,No internet service
6302-JGYRJ,31,One year,DSL,Yes,Yes,No,Yes,No,Yes,Yes,Yes
5339-PXDVH,4,Month-to-month,Fiber optic,Yes,Yes,Yes,No,No,No,Yes,No
2205-LPVGL,58,One year,Fiber optic,Yes,Yes,Yes,Yes,No,Yes,No,No
8782-NUUOL,60,One year,DSL,Yes,No,Yes,No,Yes,Yes,Yes,Yes
3685-YLCMQ,58,One year,Fiber optic,Yes,Yes,No,No,Yes,Yes,Yes,Yes
7601-WFVZV,1,Month-to-month,No,Yes,No,No internet service,No internet service,No internet service,No internet service,No internet service,No internet service
4609-KNNWG,27,Two year,No,Yes,No,No internet service,No internet service,No internet service,No internet service,No internet service,No internet service
4868-AADLV,66,One year,Fiber optic,Yes,Yes,Yes,Yes,Yes,Yes,Yes,Yes
9529-OFXHY,15,Month-to-month,Fiber optic,Yes,Yes,Yes,No,No,No,Yes,No
8634-MPHTR,47,Month-to-month,Fiber optic,Yes,Yes,No,No,Yes,No,Yes,Yes
2669-QVCRG,41,Month-to-month,Fiber optic,Yes,Yes,Yes,No,No,No,No,No
2478-EEWWM,59,Month-to-month,DSL,No,No phone service,No,No,No,No,Yes,Yes
9174-IHETN,50,Two year,Fiber optic,Yes,No,No,No,No,No,No,No
2233-TXSIU,17,One year,DSL,No,No phone service,Yes,No,Yes,No,Yes,No
9644-UMGQA,6,Month-to-month,DSL,Yes,No,Yes,No,No,No,No,No
3256-EZDBI,51,Month-to-month,DSL,No,No phone service,No,Yes,No,No,No,No
8761-NSOBC,44,Month-to-month,Fiber optic,Yes,No,No,Yes,No,Yes,Yes,Yes
0419-YAAPX,49,Month-to-month,Fiber optic,Yes,No,No,Yes,No,No,Yes,No
8413-VONUO,2,Month-to-month,Fiber optic,Yes,No,No,Yes,No,No,Yes,Yes
0872-CASZJ,59,One year,DSL,Yes,Yes,Yes,No,No,Yes,No,Yes
4726-DLWQN,50,Month-to-month,DSL,Yes,Yes,Yes,Yes,No,No,Yes,No
8164-OCKUJ,59,Two year,No,Yes,No,No internet service,No internet service,No internet service,No internet service,No internet service,No internet service
3094-JOJAI,18,Month-to-month,Fiber optic,Yes,Yes,No,No,No,No,No,No
9494-MRNYX,10,Month-to-month,Fiber optic,Yes,Yes,No,No,No,No,No,No
2599-CZABP,14,One year,DSL,Yes,No,No,No,No,No,No,No
7945-PRBVF,35,Two year,No,Yes,No,No internet service,No internet service,No internet service,No internet service,No internet service,No internet service
4544-RXFMG,8,One year,DSL,Yes,No,No,No,No,No,No,No
0859-YGKFW,18,One year,No,Yes,No,No internet service,No internet service,No internet service,No internet service,No internet service,No internet service
1150-FTQGN,60,One year,Fiber optic,Yes,Yes,Yes,Yes,No,No,Yes,No
9223-UCPVT,1,Month-to-month,Fiber optic,Yes,No,No,No,Yes,No,Yes,Yes
7196-LIWRH,6,Two year,No,Yes,No,No internet service,No internet service,No internet service,No internet service,No internet service,No internet service
5448-VWNAM,19,Month-to-month,DSL,Yes,Yes,Yes,Yes,No,Yes,Yes,No
1177-XZBJL,53,One year,DSL,Yes,Yes,Yes,Yes,No,Yes,No,No
3518-FSTWG,72,Two year,Fiber optic,Yes,Yes,Yes,Yes,Yes,No,Yes,Yes
9330-VOFSZ,60,Two year,Fiber optic,Yes,Yes,No,Yes,Yes,Yes,Yes,Yes
4351-QLCSU,1,Month-to-month,DSL,Yes,No,No,No,No,No,Yes,No
0939-EREMR,13,Month-to-month,DSL,Yes,No,No,No,Yes,Yes,No,No
9389-ACWBI,5,Month-to-month,Fiber optic,Yes,No,No,No,No,No,No,No
5419-JPRRN,1,Month-to-month,Fiber optic,Yes,Yes,No,No,Yes,No,Yes,Yes
3644-QXEHN,13,Month-to-month,Fiber optic,Yes,No,No,No,Yes,No,Yes,Yes
2911-IJORQ,37,One year,DSL,Yes,Yes,Yes,Yes,Yes,Yes,Yes,Yes
5921-NGYRH,64,Month-to-month,Fiber optic,Yes,No,Yes,No,No,No,No,No
2100-BDNSN,5,Month-to-month,DSL,Yes,Yes,No,No,Yes,Yes,Yes,No
5998-DZLYR,61,Two year,Fiber optic,Yes,Yes,No,Yes,No,Yes,No,Yes
0488-GSLFR,1,Month-to-month,Fiber optic,Yes,No,No,No,No,No,No,No
9318-NKNFC,1,Month-to-month,No,Yes,No,No internet service,No internet service,No internet service,No internet service,No internet service,No internet service
3985-HOYPM,26,One year,No,Yes,No,No internet service,No internet service,No internet service,No internet service,No internet service,No internet service
9728-FTTVZ,1,Month-to-month,Fiber optic,Yes,No,No,No,No,No,No,No
9548-LERKT,24,Two year,No,Yes,No,No internet service,No internet service,No internet service,No internet service,No internet service,No internet service
6576-FBXOJ,17,One year,DSL,No,No phone service,No,No,Yes,Yes,Yes,Yes
4310-KEDTB,26,Month-to-month,DSL,No,No phone service,No,No,Yes,No,No,No
7254-IQWOZ,1,Month-to-month,Fiber optic,Yes,No,No,No,No,No,No,No
2474-BRUCM,40,Month-to-month,Fiber optic,Yes,Yes,Yes,No,No,No,Yes,Yes
4062-HBMOS,52,Month-to-month,Fiber optic,Yes,Yes,No,Yes,Yes,No,Yes,Yes
0742-NXBGR,1,Month-to-month,Fiber optic,Yes,No,No,Yes,Yes,No,No,No
2676-ISHSF,1,Month-to-month,No,Yes,No,No internet service,No internet service,No internet service,No internet service,No internet service,No internet service
9236-NDUCW,21,Two year,DSL,No,No phone service,Yes,No,No,Yes,No,No
4753-PADAS,67,One year,Fiber optic,Yes,Yes,No,Yes,Yes,No,Yes,Yes
6103-QCKFX,44,Month-to-month,DSL,Yes,No,Yes,No,No,Yes,No,No
7781-EWARA,70,One year,DSL,No,No phone service,No,Yes,Yes,Yes,Yes,Yes
6110-OHIHY,3,Month-to-month,Fiber optic,Yes,No,No,No,No,No,Yes,No
7018-FPXHH,56,Two year,DSL,Yes,No,Yes,Yes,Yes,No,No,No
5889-LFOLL,13,Month-to-month,Fiber optic,Yes,Yes,No,No,No,No,No,Yes
5708-EVONK,58,Month-to-month,Fiber optic,Yes,Yes,Yes,Yes,No,No,No,Yes
8708-XPXHZ,42,Month-to-month,Fiber optic,Yes,Yes,No,No,No,No,Yes,Yes
0616-ATFGB,1,Month-to-month,DSL,No,No phone service,No,No,No,No,No,No
0572-ZJKLT,46,Two year,Fiber optic,Yes,Yes,Yes,No,Yes,Yes,No,Yes
5135-RDDQL,63,Two year,DSL,Yes,No,Yes,No,No,No,No,No
1353-LJWEM,11,Month-to-month,DSL,Yes,No,No,Yes,Yes,Yes,No,No
1794-SWWKL,15,Month-to-month,DSL,Yes,Yes,No,No,Yes,Yes,No,No
6166-YIPFO,72,Two year,DSL,No,No phone service,Yes,Yes,Yes,Yes,Yes,Yes
7016-BPGEU,29,Month-to-month,DSL,No,No phone service,No,No,No,No,No,No
6876-ADESB,1,Month-to-month,DSL,Yes,No,No,No,Yes,No,No,No
9332-GYWLO,6,Month-to-month,DSL,Yes,No,No,No,No,No,Yes,No
1963-SVUCV,1,Month-to-month,DSL,Yes,No,No,No,No,No,No,No
4184-VODJZ,63,One year,Fiber optic,Yes,Yes,No,Yes,No,No,No,Yes
0220-EBGCE,2,Month-to-month,Fiber optic,Yes,No,No,No,Yes,No,No,Yes
1092-WPIVQ,18,Two year,No,Yes,Yes,No internet service,No internet service,No internet service,No internet service,No internet service,No internet service
7233-IOQNP,43,Month-to-month,DSL,No,No phone service,Yes,No,No,Yes,No,No
2834-JKOOW,15,One year,DSL,No,No phone service,Yes,Yes,Yes,Yes,No,No
2754-VDLTR,10,Month-to-month,Fiber optic,Yes,Yes,No,No,No,No,Yes,Yes
2400-FEQME,55,Two year,No,Yes,No,No internet service,No internet service,No internet service,No internet service,No internet service,No internet service
3190-XFANI,49,One year,Fiber optic,Yes,Yes,No,No,No,Yes,Yes,Yes
7551-DACSP,6,Month-to-month,DSL,Yes,No,No,Yes,Yes,No,No,No
4957-SREEC,70,Two year,No,Yes,No,No internet service,No internet service,No internet service,No internet service,No internet service,No internet service
7235-NXZCP,2,Month-to-month,Fiber optic,Yes,Yes,No,No,No,No,No,No
0230-UBYPQ,63,One year,DSL,No,No phone service,Yes,No,No,Yes,No,No
4923-ADWXJ,25,Month-to-month,DSL,Yes,No,No,Yes,No,Yes,No,Yes
1763-KUAAW,18,One year,No,Yes,No,No internet service,No internet service,No internet service,No internet service,No internet service,No internet service
1104-TNLZA,28,Month-to-month,Fiber optic,Yes,Yes,No,Yes,No,Yes,Yes,Yes
5195-KPUNQ,53,One year,Fiber optic,Yes,No,Yes,Yes,No,Yes,No,Yes
0520-FDVVT,35,One year,Fiber optic,Yes,No,No,Yes,Yes,No,Yes,Yes
3439-GVUSX,1,Month-to-month,DSL,No,No phone service,No,No,No,No,No,No
1444-VVSGW,70,One year,Fiber optic,Yes,Yes,Yes,Yes,Yes,Yes,Yes,Yes
5712-PTIWW,2,Month-to-month,Fiber optic,Yes,No,No,No,Yes,Yes,No,No
5949-HGVJL,26,Month-to-month,DSL,Yes,No,No,Yes,No,Yes,Yes,Yes
5203-XEHAX,34,One year,DSL,Yes,No,Yes,Yes,No,No,No,Yes
1635-HDGFT,19,Two year,No,Yes,No,No internet service,No internet service,No internet service,No internet service,No internet service,No internet service
3315-TOTBP,15,Month-to-month,Fiber optic,Yes,Yes,No,No,No,No,No,No
8050-XGRVL,62,One year,DSL,Yes,No,Yes,No,Yes,No,No,No
6661-HBGWL,42,Month-to-month,Fiber optic,Yes,Yes,No,Yes,Yes,No,Yes,Yes
1518-VOWAV,9,Month-to-month,DSL,Yes,No,Yes,Yes,No,No,Yes,Yes
9828-QHFBK,24,Month-to-month,DSL,Yes,No,Yes,No,No,No,No,No
3908-MKIMJ,68,Two year,DSL,No,No phone service,Yes,Yes,Yes,No,No,No
5012-YSPJJ,31,Month-to-month,DSL,Yes,No,No,No,Yes,Yes,No,No
5909-ECHUI,1,Month-to-month,DSL,Yes,No,No,No,No,No,No,Yes
1309-BXVOQ,21,Month-to-month,Fiber optic,Yes,Yes,No,No,Yes,Yes,Yes,Yes
6728-VOIFY,63,One year,Fiber optic,Yes,No,No,Yes,No,No,Yes,Yes
9317-WZPGV,2,Month-to-month,Fiber optic,Yes,No,No,No,No,No,No,Yes
4891-NLUBA,61,Two year,DSL,No,No phone service,No,Yes,Yes,Yes,Yes,Yes
2856-HYAPG,1,Month-to-month,Fiber optic,Yes,No,No,No,No,No,No,No
8969-PRHFK,18,One year,No,Yes,No,No internet service,No internet service,No internet service,No internet service,No internet service,No internet service
0661-KQHNK,6,One year,No,Yes,No,No internet service,No internet service,No internet service,No internet service,No internet service,No internet service
8709-KRDVL,33,Month-to-month,Fiber optic,Yes,Yes,No,Yes,No,No,Yes,Yes
4488-PSYCG,16,Month-to-month,No,Yes,No,No internet service,No internet service,No internet service,No internet service,No internet service,No internet service
1427-VERSM,56,Month-to-month,Fiber optic,Yes,No,No,No,Yes,Yes,Yes,Yes
9801-NOSHQ,23,One year,No,Yes,No,No internet service,No internet service,No internet service,No internet service,No internet service,No internet service
6339-YPSAH,9,Month-to-month,Fiber optic,Yes,No,No,No,Yes,No,No,No
3621-CEOVK,14,Month-to-month,Fiber optic,Yes,Yes,No,Yes,No,No,Yes,Yes
6906-ANDWJ,15,Month-to-month,Fiber optic,Yes,Yes,No,No,No,No,No,No
2159-TURXX,5,Month-to-month,No,Yes,No,No internet service,No internet service,No internet service,No internet service,No internet service,No internet service
1548-FEHVL,61,Month-to-month,Fiber optic,Yes,Yes,Yes,Yes,No,No,Yes,Yes
3795-CAWEX,70,Two year,Fiber optic,Yes,Yes,Yes,Yes,Yes,Yes,Yes,Yes
6215-NQCPY,15,Month-to-month,Fiber optic,Yes,Yes,Yes,No,No,No,Yes,Yes
5647-URDKA,8,Two year,No,Yes,No,No internet service,No internet service,No internet service,No internet service,No internet service,No internet service
2229-DPMBI,8,Two year,No,Yes,No,No internet service,No internet service,No internet service,No internet service,No internet service,No internet service
9626-WEQRM,4,Month-to-month,DSL,No,No phone service,Yes,No,No,No,No,No
2188-SXWVT,34,One year,DSL,Yes,No,Yes,Yes,No,No,No,No
6258-PVZWJ,68,Two year,DSL,Yes,Yes,Yes,Yes,Yes,Yes,Yes,Yes
1094-BKOSX,45,One year,DSL,No,No phone service,No,Yes,Yes,Yes,No,Yes
6969-MVBAI,9,Month-to-month,Fiber optic,Yes,Yes,No,No,Yes,No,Yes,No
2978-XXSOG,22,Month-to-month,DSL,Yes,Yes,Yes,No,No,Yes,No,No
2342-CKIAO,2,Month-to-month,No,Yes,No,No internet service,No internet service,No internet service,No internet service,No internet service,No internet service
6953-PBDIN,70,Two year,DSL,Yes,Yes,No,Yes,Yes,Yes,Yes,No
3898-BSJYF,10,One year,DSL,Yes,Yes,Yes,No,Yes,Yes,No,Yes
3938-YFPXD,72,Two year,DSL,Yes,Yes,Yes,No,Yes,Yes,Yes,Yes
7696-AMHOD,49,One year,DSL,Yes,No,No,Yes,Yes,No,Yes,Yes
2453-SAFNS,54,One year,DSL,Yes,Yes,No,Yes,No,Yes,Yes,No
9558-IHEZX,71,Two year,Fiber optic,Yes,Yes,Yes,Yes,Yes,No,Yes,Yes
9617-UDPEU,22,One year,No,Yes,No,No internet service,No internet service,No internet service,No internet service,No internet service,No internet service
6340-DACFT,50,Two year,No,Yes,No,No internet service,No internet service,No internet service,No internet service,No internet service,No internet service
4955-VCWBI,43,One year,No,Yes,No,No internet service,No internet service,No internet service,No internet service,No internet service,No internet service
6813-GZQCG,45,Two year,No,Yes,Yes,No internet service,No internet service,No internet service,No internet service,No internet service,No internet service
7426-GSWPO,64,Month-to-month,Fiber optic,Yes,Yes,Yes,Yes,No,No,Yes,Yes
3389-KTRXV,23,Two year,No,Yes,Yes,No internet service,No internet service,No internet service,No internet service,No internet service,No internet service
3118-UHVVQ,68,Two year,No,Yes,Yes,No internet service,No internet service,No internet service,No internet service,No internet service,No internet service
1031-IIDEO,1,Month-to-month,Fiber optic,Yes,No,No,No,No,No,No,No
5832-XKAES,2,Month-to-month,Fiber optic,Yes,No,No,No,No,No,No,No
3205-MXZRA,26,One year,DSL,Yes,No,No,No,No,Yes,Yes,No
4701-AHWMW,55,Month-to-month,DSL,No,No phone service,No,No,Yes,Yes,Yes,Yes
8317-BVKSO,14,Month-to-month,No,Yes,No,No internet service,No internet service,No internet service,No internet service,No internet service,No internet service
5702-KVQRD,71,Two year,DSL,Yes,No,Yes,No,Yes,Yes,Yes,Yes
0083-PIVIK,64,One year,DSL,Yes,Yes,Yes,Yes,Yes,Yes,Yes,No
9210-IAHGH,7,Month-to-month,DSL,Yes,No,No,No,No,Yes,Yes,Yes
6169-PGNCD,57,Two year,DSL,Yes,No,Yes,Yes,Yes,Yes,Yes,No
0023-XUOPT,13,Month-to-month,Fiber optic,Yes,Yes,No,Yes,Yes,No,Yes,No
4592-IWTJI,3,Month-to-month,DSL,No,No phone service,Yes,No,No,No,No,No
4909-JOUPP,72,Two year,Fiber optic,Yes,Yes,No,Yes,Yes,Yes,Yes,Yes
4657-FWVFY,40,Month-to-month,Fiber optic,Yes,Yes,No,Yes,Yes,No,Yes,No
2257-BOVXD,14,Month-to-month,DSL,Yes,Yes,No,No,No,Yes,Yes,No
7729-JTEEC,2,Month-to-month,DSL,Yes,No,No,No,No,No,No,No
7632-MNYOY,66,One year,Fiber optic,Yes,Yes,No,Yes,Yes,Yes,Yes,Yes
6518-LGAOV,38,Month-to-month,Fiber optic,Yes,Yes,No,No,Yes,Yes,Yes,Yes
7242-QZLXF,1,Month-to-month,DSL,No,No phone service,No,No,No,No,No,No
4576-CSAJH,22,One year,DSL,Yes,No,No,Yes,No,Yes,No,No
1000-AJSLD,1,Month-to-month,No,Yes,No,No internet service,No internet service,No internet service,No internet service,No internet service,No internet service
9696-RMYBA,5,Month-to-month,Fiber optic,Yes,No,No,No,No,No,Yes,No
8690-UPCZI,29,One year,DSL,Yes,Yes,Yes,No,No,Yes,Yes,No
1062-LHZOD,1,Month-to-month,Fiber optic,Yes,No,No,No,No,No,No,No
9770-LXDBK,3,Month-to-month,No,Yes,No,No internet service,No internet service,No internet service,No internet service,No internet service,No internet service
4086-WITJG,71,Two year,No,Yes,No,No internet service,No internet service,No internet service,No internet service,No internet service,No internet service
8344-WFMFH,9,Month-to-month,DSL,Yes,No,No,Yes,No,No,No,No
9600-NAXZN,43,Month-to-month,Fiber optic,Yes,Yes,No,Yes,No,No,Yes,Yes
8822-KNBHV,48,One year,DSL,Yes,Yes,Yes,Yes,Yes,No,Yes,Yes
8404-FYDIB,26,Month-to-month,Fiber optic,Yes,Yes,Yes,Yes,No,No,No,No
2791-SFVEW,9,Month-to-month,No,Yes,No,No internet service,No internet service,No internet service,No internet service,No internet service,No internet service
6457-USBER,1,Month-to-month,Fiber optic,Yes,No,No,No,No,No,No,Yes
6762-NSODU,46,Two year,No,Yes,No,No internet service,No internet service,No internet service,No internet service,No internet service,No internet service
4662-EKDPQ,2,Month-to-month,DSL,Yes,Yes,No,No,No,No,No,Yes
9248-OJYKK,1,Month-to-month,Fiber optic,Yes,Yes,No,No,No,No,No,No
9888-ZCUMM,64,Two year,DSL,No,No phone service,Yes,No,Yes,Yes,Yes,Yes
3398-FSHON,12,Month-to-month,Fiber optic,Yes,Yes,No,Yes,No,No,Yes,No
3319-DWOEP,6,Month-to-month,Fiber optic,Yes,No,No,No,Yes,No,Yes,Yes
1074-WVEVG,59,One year,No,Yes,No,No internet service,No internet service,No internet service,No internet service,No internet service,No internet service
9979-RGMZT,7,One year,Fiber optic,Yes,No,No,Yes,No,No,Yes,Yes
6437-UDQJM,72,Two year,DSL,Yes,Yes,Yes,Yes,Yes,No,Yes,Yes
1226-IENZN,16,Month-to-month,Fiber optic,Yes,No,No,No,No,No,No,Yes
2108-GLPQB,25,Month-to-month,DSL,Yes,Yes,No,No,Yes,No,No,No
9259-PACGQ,34,Month-to-month,DSL,Yes,Yes,Yes,Yes,No,Yes,No,No
4415-IJZTP,1,Month-to-month,Fiber optic,Yes,Yes,No,No,No,No,No,No
1465-VINDH,10,Month-to-month,Fiber optic,Yes,Yes,No,Yes,Yes,No,Yes,Yes
5474-LAMUQ,24,One year,No,Yes,No,No internet service,No internet service,No internet service,No internet service,No internet service,No internet service
3468-DRVQJ,10,One year,DSL,Yes,Yes,Yes,Yes,No,No,Yes,No
1122-YJBCS,69,One year,DSL,Yes,No,Yes,Yes,No,No,No,No
4990-ALDGW,57,Two year,No,Yes,No,No internet service,No internet service,No internet service,No internet service,No internet service,No internet service
4816-OKWNX,50,One year,Fiber optic,Yes,No,No,Yes,Yes,Yes,Yes,Yes
3315-IKYZQ,28,One year,DSL,No,No phone service,Yes,No,Yes,Yes,Yes,No
2810-FTLEM,16,Month-to-month,DSL,Yes,No,Yes,No,No,No,No,No
4747-LCAQL,25,Month-to-month,DSL,Yes,No,Yes,Yes,No,Yes,Yes,Yes
3411-WLRSQ,3,Month-to-month,Fiber optic,Yes,No,No,Yes,No,No,No,No
0898-XCGTF,61,One year,Fiber optic,Yes,Yes,No,No,No,No,Yes,Yes
8006-PYCSW,2,Month-to-month,No,Yes,No,No internet service,No internet service,No internet service,No internet service,No internet service,No internet service
8249-THVEC,51,One year,No,Yes,No,No internet service,No internet service,No internet service,No internet service,No internet service,No internet service
8722-PRFDV,71,Two year,DSL,Yes,No,Yes,No,Yes,No,Yes,Yes
2164-SOQXL,20,Month-to-month,No,Yes,No,No internet service,No internet service,No internet service,No internet service,No internet service,No internet service
4020-KIUDI,6,Month-to-month,No,Yes,No,No internet service,No internet service,No internet service,No internet service,No internet service,No internet service
5850-BDWCY,6,Month-to-month,No,Yes,No,No internet service,No internet service,No internet service,No internet service,No internet service,No internet service
2038-YSEZE,29,Month-to-month,DSL,Yes,Yes,Yes,Yes,No,Yes,No,No
0827-ITJPH,36,Two year,No,Yes,No,No internet service,No internet service,No internet service,No internet service,No internet service,No internet service
8799-OXZMD,28,Month-to-month,DSL,No,No phone service,No,No,Yes,No,No,No
1925-TIBLE,7,Month-to-month,Fiber optic,Yes,Yes,No,No,No,No,Yes,No
1705-GUHPV,63,Two year,No,Yes,Yes,No internet service,No internet service,No internet service,No internet service,No internet service,No internet service
4779-ZGICK,48,Two year,No,Yes,Yes,No internet service,No internet service,No internet service,No internet service,No internet service,No internet service
0048-PIHNL,49,One year,No,Yes,No,No internet service,No internet service,No internet service,No internet service,No internet service,No internet service
0818-OCPZO,27,Month-to-month,Fiber optic,Yes,Yes,No,Yes,No,No,No,No
3967-KXAPS,72,Two year,DSL,Yes,Yes,Yes,Yes,Yes,Yes,Yes,Yes
1447-GIQMR,1,Month-to-month,Fiber optic,Yes,No,No,No,No,No,No,No
3704-IEAXF,72,Two year,DSL,No,No phone service,No,Yes,No,Yes,Yes,Yes
6810-VCAEX,47,One year,DSL,No,No phone service,Yes,Yes,No,Yes,No,No
0674-EYYZV,1,Month-to-month,DSL,Yes,No,No,No,No,No,Yes,No
4480-MBMLB,36,One year,Fiber optic,Yes,Yes,No,Yes,Yes,No,Yes,Yes
1395-OFUWC,43,Month-to-month,DSL,No,No phone service,No,Yes,No,No,No,No
0822-QGCXA,27,Month-to-month,DSL,Yes,Yes,No,Yes,Yes,Yes,Yes,Yes
0872-NXJYS,9,Month-to-month,Fiber optic,Yes,No,No,No,No,No,No,Yes
2832-KJCRD,38,Month-to-month,Fiber optic,Yes,Yes,No,No,Yes,Yes,Yes,Yes
3588-WSTTJ,35,Month-to-month,Fiber optic,Yes,Yes,Yes,No,No,No,Yes,Yes
4075-WKNIU,0,Two year,DSL,Yes,Yes,No,Yes,Yes,Yes,Yes,No
5090-EMGTC,59,Two year,Fiber optic,Yes,No,No,Yes,No,Yes,Yes,Yes
2346-CZYIL,27,Two year,No,Yes,No,No internet service,No internet service,No internet service,No internet service,No internet service,No internet service
3798-EPWRR,2,Month-to-month,DSL,Yes,No,No,No,No,No,No,No
6258-NGCNG,7,Month-to-month,No,Yes,Yes,No internet service,No internet service,No internet service,No internet service,No internet service,No internet service
4186-ZBUEW,36,One year,DSL,Yes,Yes,No,Yes,No,Yes,No,Yes
5274-XHAKY,41,Month-to-month,Fiber optic,Yes,Yes,Yes,Yes,No,No,Yes,No
1442-BQPVU,13,Month-to-month,DSL,No,No phone service,No,Yes,No,No,No,No
3978-YNKDD,19,Two year,No,Yes,No,No internet service,No internet service,No internet service,No internet service,No internet service,No internet service
4940-KHCWD,60,Two year,DSL,No,No phone service,Yes,Yes,No,Yes,No,No
9412-ARGBX,48,Two year,Fiber optic,Yes,No,No,Yes,Yes,Yes,Yes,No
1389-CXMLU,3,Month-to-month,Fiber optic,Yes,Yes,No,No,Yes,No,Yes,No
9589-ABEPT,69,Two year,Fiber optic,Yes,Yes,No,Yes,No,Yes,Yes,No
9388-ZEYVT,43,One year,DSL,No,No phone service,No,No,Yes,Yes,No,Yes
0305-SQECB,11,One year,DSL,No,No phone service,Yes,No,No,Yes,No,No
7605-SNLQG,45,Month-to-month,DSL,Yes,No,No,No,Yes,No,No,No
4670-TABXH,72,Two year,Fiber optic,Yes,Yes,No,Yes,Yes,Yes,Yes,Yes
5561-NWEVX,2,Month-to-month,Fiber optic,Yes,Yes,No,No,Yes,No,No,No
0064-SUDOG,12,Two year,No,Yes,No,No internet service,No internet service,No internet service,No internet service,No internet service,No internet service
8561-NMTBD,67,One year,Fiber optic,Yes,Yes,No,Yes,Yes,Yes,Yes,Yes
5161-XEUVX,37,Two year,Fiber optic,Yes,Yes,No,No,Yes,Yes,Yes,No
8292-FRFZQ,39,One year,DSL,No,No phone service,Yes,Yes,No,Yes,No,No
8591-NXRCV,41,Month-to-month,DSL,Yes,Yes,Yes,No,Yes,Yes,No,Yes
7895-VONWT,25,Month-to-month,DSL,No,No phone service,No,No,Yes,No,Yes,Yes
4526-RMTLL,8,Two year,DSL,Yes,Yes,Yes,Yes,No,Yes,No,Yes
6253-GNHWH,71,Two year,DSL,Yes,Yes,Yes,Yes,Yes,Yes,No,No
4566-NECEV,5,Month-to-month,Fiber optic,Yes,Yes,No,Yes,Yes,No,No,Yes
8080-POTJR,30,One year,DSL,Yes,Yes,Yes,No,Yes,No,Yes,Yes
6906-MPARY,40,One year,Fiber optic,Yes,No,No,Yes,No,Yes,No,Yes
3662-FXJFO,54,Two year,No,Yes,No,No internet service,No internet service,No internet service,No internet service,No internet service,No internet service
8107-RZLNV,72,Two year,Fiber optic,Yes,Yes,No,Yes,Yes,No,Yes,Yes
0516-OOHAR,28,One year,Fiber optic,Yes,No,No,Yes,Yes,No,Yes,Yes
2027-CWDNU,18,Month-to-month,Fiber optic,Yes,No,No,No,No,Yes,No,Yes
2737-WFVYW,2,Month-to-month,DSL,No,No phone service,No,No,No,No,Yes,Yes
9912-OMZDS,59,One year,Fiber optic,Yes,Yes,No,Yes,Yes,No,Yes,Yes
3733-ZEECP,22,Month-to-month,DSL,Yes,No,No,No,No,Yes,No,No
7878-RTCZG,1,Month-to-month,No,Yes,No,No internet service,No internet service,No internet service,No internet service,No internet service,No internet service
2452-MRMZF,72,Two year,No,Yes,Yes,No internet service,No internet service,No internet service,No internet service,No internet service,No internet service
2272-QAGFO,14,Month-to-month,Fiber optic,Yes,Yes,No,No,No,No,No,No
7103-IPXPJ,50,One year,Fiber optic,Yes,Yes,No,No,No,Yes,Yes,Yes
4342-HFXWS,48,One year,DSL,Yes,No,Yes,No,Yes,Yes,Yes,No
3545-CNWRG,49,Month-to-month,Fiber optic,Yes,Yes,No,Yes,No,No,Yes,Yes
1785-BPHTP,28,Month-to-month,Fiber optic,Yes,No,No,No,Yes,No,Yes,No
4989-LIXVT,68,Month-to-month,Fiber optic,Yes,Yes,No,Yes,Yes,No,No,Yes
7315-WYOAW,13,Month-to-month,Fiber optic,Yes,Yes,No,No,No,Yes,Yes,Yes
1173-XZPYF,11,Month-to-month,Fiber optic,Yes,Yes,No,No,Yes,No,Yes,No
9850-OWRHQ,3,Month-to-month,Fiber optic,Yes,Yes,No,No,No,No,No,No
3768-NLUBH,57,Month-to-month,Fiber optic,Yes,Yes,No,No,Yes,No,Yes,Yes
8676-TRMJS,3,Month-to-month,Fiber optic,Yes,Yes,No,No,No,No,No,No
2509-TFPJU,72,Two year,No,Yes,Yes,No internet service,No internet service,No internet service,No internet service,No internet service,No internet service
9530-GRMJG,70,Two year,DSL,Yes,Yes,No,Yes,Yes,Yes,Yes,Yes
6898-RBTLU,49,Two year,DSL,Yes,Yes,No,Yes,No,Yes,Yes,Yes
5481-NTDOH,67,One year,Fiber optic,Yes,Yes,Yes,No,Yes,No,Yes,Yes
2068-WWXQZ,46,Two year,No,Yes,No,No internet service,No internet service,No internet service,No internet service,No internet service,No internet service
7359-SSBJK,64,Two year,DSL,Yes,No,Yes,Yes,No,Yes,Yes,No
2061-VVFST,37,Month-to-month,No,Yes,No,No internet service,No internet service,No internet service,No internet service,No internet service,No internet service
0685-MLYYM,2,Month-to-month,Fiber optic,Yes,No,No,No,No,No,No,No
0749-IRGQE,13,Month-to-month,DSL,No,No phone service,No,No,No,No,Yes,Yes
2380-DAMQP,72,Two year,Fiber optic,Yes,Yes,Yes,Yes,Yes,Yes,Yes,Yes
2256-YLYLP,68,Two year,DSL,Yes,No,No,No,Yes,Yes,Yes,Yes
1272-ILHFG,15,One year,No,Yes,No,No internet service,No internet service,No internet service,No internet service,No internet service,No internet service
0164-XAIRP,24,Two year,No,Yes,No,No internet service,No internet service,No internet service,No internet service,No internet service,No internet service
5666-CYCYZ,24,Month-to-month,Fiber optic,Yes,Yes,No,No,No,Yes,No,Yes
4011-ARPHK,27,Month-to-month,DSL,Yes,No,Yes,No,No,No,No,No
8182-PNAGI,12,Month-to-month,DSL,Yes,No,No,No,No,Yes,No,No
6365-HITVU,71,Two year,DSL,Yes,No,Yes,Yes,Yes,Yes,Yes,Yes
7558-IMLMT,67,Two year,No,Yes,No,No internet service,No internet service,No internet service,No internet service,No internet service,No internet service
9488-FYQAU,63,Two year,Fiber optic,Yes,Yes,No,Yes,Yes,Yes,Yes,Yes
3590-TCXTB,1,Month-to-month,No,Yes,No,No internet service,No internet service,No internet service,No internet service,No internet service,No internet service
6994-KERXL,4,Month-to-month,DSL,Yes,No,No,No,No,No,No,Yes
7957-RYHQD,40,Month-to-month,Fiber optic,Yes,No,Yes,Yes,No,No,No,No
2180-DXNEG,12,Month-to-month,Fiber optic,Yes,No,No,No,Yes,No,Yes,Yes
1960-UOTYM,52,Two year,DSL,Yes,No,Yes,Yes,Yes,No,Yes,Yes
2740-JFBOK,10,Month-to-month,No,Yes,Yes,No internet service,No internet service,No internet service,No internet service,No internet service,No internet service
6500-JVEGC,68,One year,Fiber optic,Yes,Yes,Yes,Yes,Yes,No,Yes,No
5515-AKOAJ,54,Month-to-month,Fiber optic,Yes,Yes,No,No,No,Yes,Yes,Yes
8976-OQHGT,4,Month-to-month,DSL,Yes,No,No,Yes,No,Yes,No,No
5245-VDBUR,52,One year,DSL,No,No phone service,Yes,No,Yes,No,No,No
6230-BSUXY,1,Month-to-month,Fiber optic,Yes,No,No,No,Yes,No,No,Yes
8469-SNFFH,70,One year,DSL,Yes,Yes,Yes,Yes,Yes,Yes,Yes,No
2144-ESWKO,43,One year,DSL,No,No phone service,Yes,No,Yes,No,No,No
1241-FPMOF,52,Two year,No,Yes,No,No internet service,No internet service,No internet service,No internet service,No internet service,No internet service
9928-BZVLZ,12,Two year,DSL,No,No phone service,Yes,No,Yes,Yes,No,Yes
4114-QMKVN,56,One year,DSL,Yes,Yes,Yes,Yes,No,No,No,Yes
2775-SEFEE,0,Two year,DSL,Yes,Yes,Yes,Yes,No,Yes,No,No
9003-CPATH,42,Month-to-month,Fiber optic,Yes,Yes,No,No,Yes,No,No,No
1754-GKYPY,22,Month-to-month,Fiber optic,Yes,No,No,No,No,No,Yes,Yes
5294-CDGWY,51,One year,DSL,No,No phone service,Yes,Yes,Yes,No,Yes,Yes
7956-XQWGU,27,Month-to-month,No,Yes,No,No internet service,No internet service,No internet service,No internet service,No internet service,No internet service
1591-MQJTP,51,One year,Fiber optic,Yes,Yes,Yes,No,Yes,No,No,Yes
5295-PCJOO,4,Month-to-month,DSL,Yes,No,Yes,No,No,No,No,No
2369-FEVNO,1,Month-to-month,No,Yes,No,No internet service,No internet service,No internet service,No internet service,No internet service,No internet service
9863-JZAIC,35,Month-to-month,DSL,Yes,No,No,No,No,No,Yes,No
7471-MQPOS,71,One year,DSL,Yes,Yes,No,Yes,Yes,Yes,No,Yes
7660-HDPJV,1,Month-to-month,Fiber optic,Yes,No,No,No,No,No,No,No
5115-SQAAU,69,Two year,No,Yes,Yes,No internet service,No internet service,No internet service,No internet service,No internet service,No internet service
9845-QOMAD,14,One year,No,Yes,No,No internet service,No internet service,No internet service,No internet service,No internet service,No internet service
7672-VFMXZ,57,Month-to-month,DSL,Yes,No,Yes,No,No,Yes,No,No
9739-JLPQJ,72,Two year,Fiber optic,Yes,Yes,Yes,Yes,Yes,Yes,Yes,Yes
9916-AYHTC,48,Two year,No,Yes,No,No internet service,No internet service,No internet service,No internet service,No internet service,No internet service
3855-ONCAR,4,Month-to-month,Fiber optic,Yes,No,No,No,No,No,Yes,No
1488-SYSFC,31,Month-to-month,No,Yes,No,No internet service,No internet service,No internet service,No internet service,No internet service,No internet service
7931-PXHFC,38,One year,DSL,Yes,No,No,No,Yes,Yes,No,Yes
3990-QYKBE,37,Month-to-month,Fiber optic,Yes,Yes,No,No,No,No,Yes,Yes
0970-QXPXW,1,Month-to-month,No,Yes,No,No internet service,No internet service,No internet service,No internet service,No internet service,No internet service
3259-KNMRR,57,Two year,DSL,Yes,Yes,No,Yes,Yes,No,Yes,Yes
6120-RJKLU,62,Two year,DSL,Yes,No,Yes,No,Yes,Yes,Yes,Yes
9572-WUKSB,3,Month-to-month,DSL,No,No phone service,No,No,No,Yes,No,No
5893-KCLGT,72,Two year,No,Yes,No,No internet service,No internet service,No internet service,No internet service,No internet service,No internet service
0076-LVEPS,29,Month-to-month,DSL,No,No phone service,Yes,Yes,Yes,Yes,No,No
3640-JQGJG,13,Month-to-month,DSL,Yes,No,No,No,No,No,No,No
4919-MOAVT,3,Month-to-month,Fiber optic,Yes,No,No,No,No,No,No,No
1596-OQSPS,11,Month-to-month,DSL,Yes,No,No,Yes,No,No,No,No
9867-XOBQA,21,Two year,DSL,No,No phone service,Yes,Yes,Yes,Yes,Yes,No
9546-KDTRB,19,Month-to-month,No,Yes,Yes,No internet service,No internet service,No internet service,No internet service,No internet service,No internet service
3090-HAWSU,61,Two year,Fiber optic,Yes,Yes,Yes,No,Yes,Yes,Yes,Yes
9820-RMCQV,11,Month-to-month,DSL,Yes,No,Yes,No,No,No,No,No
3174-RKMOW,35,Month-to-month,Fiber optic,Yes,Yes,No,Yes,Yes,Yes,Yes,Yes
1760-CAZHT,25,Month-to-month,No,Yes,No,No internet service,No internet service,No internet service,No internet service,No internet service,No internet service
7839-QRKXN,1,Month-to-month,No,Yes,No,No internet service,No internet service,No internet service,No internet service,No internet service,No internet service
8441-SHIPE,67,Two year,No,Yes,Yes,No internet service,No internet service,No internet service,No internet service,No internet service,No internet service
5204-QZXPU,19,Month-to-month,DSL,No,No phone service,No,No,Yes,No,Yes,No
4597-ELFTS,56,One year,No,Yes,Yes,No internet service,No internet service,No internet service,No internet service,No internet service,No internet service
1320-GVNHT,72,Two year,Fiber optic,Yes,Yes,Yes,Yes,Yes,No,Yes,Yes
1047-RNXZV,43,Two year,No,Yes,No,No internet service,No internet service,No internet service,No internet service,No internet service,No internet service
3541-ZNUHK,55,Month-to-month,Fiber optic,Yes,Yes,Yes,Yes,No,No,No,No
8450-JOVAH,2,Month-to-month,DSL,Yes,Yes,Yes,No,No,No,No,No
8725-JEDFD,27,Month-to-month,Fiber optic,Yes,No,No,No,No,No,No,No
7562-UXTPG,13,Month-to-month,Fiber optic,Yes,No,No,No,No,No,No,No
8071-SBTRN,70,Two year,Fiber optic,Yes,Yes,Yes,Yes,Yes,No,Yes,Yes
1113-IUJYX,14,One year,Fiber optic,Yes,No,Yes,Yes,No,Yes,Yes,Yes
6668-CNMFP,19,One year,Fiber optic,Yes,Yes,No,No,No,Yes,No,Yes
5626-MGTUK,20,Month-to-month,Fiber optic,Yes,Yes,Yes,No,No,No,Yes,No
5681-LLOEI,43,One year,Fiber optic,Yes,Yes,Yes,No,Yes,Yes,No,No
8212-DJRCH,5,Month-to-month,Fiber optic,Yes,No,Yes,No,Yes,No,No,Yes
4323-OHFOW,70,One year,Fiber optic,Yes,Yes,No,Yes,No,Yes,Yes,Yes
4933-BSAIP,40,Two year,No,Yes,No,No internet service,No internet service,No internet service,No internet service,No internet service,No internet service
2030-BTZRO,6,Two year,No,Yes,No,No internet service,No internet service,No internet service,No internet service,No internet service,No internet service
1116-DXXDF,39,Two year,Fiber optic,Yes,No,Yes,No,Yes,No,Yes,Yes
9274-CNFMO,4,Month-to-month,Fiber optic,Yes,Yes,No,No,No,No,No,No
7758-XKCBS,15,Month-to-month,DSL,No,No phone service,No,No,No,Yes,No,No
8992-JQYUN,1,Month-to-month,DSL,No,No phone service,No,No,Yes,No,Yes,Yes
6563-VNPMN,45,Month-to-month,Fiber optic,Yes,No,Yes,Yes,No,Yes,No,No
0617-AQNWT,64,Two year,DSL,No,No phone service,Yes,No,Yes,Yes,No,Yes
2267-WTPYD,57,Month-to-month,Fiber optic,Yes,Yes,No,Yes,Yes,No,No,Yes
0270-THENM,72,Two year,DSL,Yes,Yes,Yes,Yes,Yes,Yes,No,No
2446-PLQVO,1,Month-to-month,Fiber optic,Yes,No,No,No,No,No,No,No
4707-MAXGU,72,Two year,No,Yes,Yes,No internet service,No internet service,No internet service,No internet service,No internet service,No internet service
2710-WYVXG,3,Two year,DSL,Yes,No,Yes,Yes,No,Yes,No,Yes
3005-NFMTA,55,Month-to-month,Fiber optic,Yes,Yes,Yes,No,No,No,Yes,Yes
6300-BWMJX,59,Month-to-month,Fiber optic,Yes,Yes,No,No,Yes,Yes,Yes,No
8784-CGILN,18,Month-to-month,Fiber optic,Yes,Yes,No,No,No,Yes,Yes,Yes
5389-FFVKB,32,Month-to-month,Fiber optic,Yes,No,No,No,No,No,No,Yes
7009-LGECI,4,Month-to-month,DSL,Yes,No,Yes,No,No,No,No,No
8444-WRIDW,66,Month-to-month,Fiber optic,Yes,Yes,No,Yes,No,No,No,No
5022-KVDQT,27,Month-to-month,Fiber optic,Yes,Yes,No,No,Yes,No,No,No
7976-CICYS,4,Month-to-month,No,Yes,No,No internet service,No internet service,No internet service,No internet service,No internet service,No internet service
1036-GUDCL,60,Month-to-month,DSL,Yes,No,Yes,Yes,No,Yes,Yes,Yes
2005-DWQZJ,8,Two year,No,Yes,No,No internet service,No internet service,No internet service,No internet service,No internet service,No internet service
8148-WOCMK,8,Two year,No,Yes,No,No internet service,No internet service,No internet service,No internet service,No internet service,No internet service
7815-PDTHL,35,Two year,No,Yes,No,No internet service,No internet service,No internet service,No internet service,No internet service,No internet service
9451-LPGOO,7,Month-to-month,Fiber optic,Yes,Yes,No,No,No,No,No,Yes
9173-IVZVP,53,Two year,No,Yes,No,No internet service,No internet service,No internet service,No internet service,No internet service,No internet service
9129-UXERG,18,Month-to-month,Fiber optic,Yes,Yes,No,Yes,No,Yes,Yes,Yes
3635-JBPSG,15,Two year,DSL,No,No phone service,No,Yes,No,No,No,Yes
7964-ZRKKG,67,One year,Fiber optic,Yes,Yes,No,Yes,No,No,Yes,No
5868-YWPDW,6,Month-to-month,Fiber optic,Yes,No,No,Yes,No,No,No,Yes
6229-LSCKB,6,Month-to-month,Fiber optic,Yes,No,No,No,No,No,Yes,No
2025-JKFWI,13,Month-to-month,Fiber optic,Yes,Yes,No,No,No,Yes,Yes,Yes
4078-SAYYN,11,Month-to-month,Fiber optic,Yes,Yes,No,No,Yes,No,Yes,Yes
1724-IQWNM,1,Month-to-month,No,Yes,No,No internet service,No internet service,No internet service,No internet service,No internet service,No internet service
8217-QYOHV,5,Month-to-month,DSL,Yes,No,Yes,No,No,Yes,No,No
5546-QUERU,13,One year,No,Yes,No,No internet service,No internet service,No internet service,No internet service,No internet service,No internet service
9940-HPQPG,9,Month-to-month,Fiber optic,Yes,Yes,Yes,Yes,Yes,No,No,No
6897-UUBNU,29,Month-to-month,Fiber optic,Yes,No,No,Yes,No,Yes,Yes,No
6127-IYJOZ,1,Month-to-month,DSL,Yes,No,No,No,No,No,No,No
6618-RYATB,1,Month-to-month,Fiber optic,Yes,Yes,No,No,Yes,No,No,No
8930-XOTDP,18,Month-to-month,DSL,Yes,No,No,No,No,No,Yes,No
5916-QEWPT,2,Month-to-month,DSL,Yes,No,No,No,Yes,No,Yes,Yes
5060-TQUQN,30,Month-to-month,Fiber optic,Yes,Yes,No,Yes,No,Yes,No,No
0531-XBKMM,66,Two year,DSL,Yes,Yes,Yes,Yes,No,Yes,No,No
8465-SBRXP,38,Two year,Fiber optic,Yes,Yes,No,No,Yes,Yes,Yes,No
2408-PSJVE,44,Month-to-month,DSL,Yes,No,No,Yes,Yes,Yes,No,No
9079-YEXQJ,54,Month-to-month,Fiber optic,Yes,Yes,No,Yes,Yes,Yes,Yes,Yes
9700-ZCLOT,2,Month-to-month,No,Yes,No,No internet service,No internet service,No internet service,No internet service,No internet service,No internet service
8738-JOKAR,42,One year,DSL,Yes,No,Yes,Yes,No,Yes,No,Yes
4534-WGCIR,58,Two year,No,Yes,Yes,No internet service,No internet service,No internet service,No internet service,No internet service,No internet service
1930-WNXSB,58,Month-to-month,Fiber optic,Yes,No,No,Yes,No,No,Yes,Yes
2685-SREOM,25,Month-to-month,Fiber optic,Yes,Yes,No,No,Yes,No,No,Yes
3508-CFVZL,71,Two year,Fiber optic,Yes,Yes,Yes,Yes,Yes,Yes,Yes,Yes
0402-CQAJN,37,Month-to-month,Fiber optic,Yes,Yes,No,Yes,Yes,No,Yes,Yes
6692-UDPJC,14,Month-to-month,Fiber optic,Yes,Yes,No,No,No,Yes,Yes,No
1273-MTETI,4,Month-to-month,Fiber optic,Yes,Yes,No,No,Yes,No,No,Yes
0657-DOGUM,48,One year,DSL,Yes,Yes,Yes,No,No,Yes,No,No
5480-HPRRX,3,Month-to-month,DSL,No,No phone service,No,No,No,No,No,No
8792-AOROI,8,Two year,DSL,Yes,No,Yes,No,No,Yes,No,Yes
0295-PPHDO,1,Month-to-month,Fiber optic,Yes,Yes,No,No,No,No,Yes,Yes
5146-YYFRZ,67,Two year,No,Yes,No,No internet service,No internet service,No internet service,No internet service,No internet service,No internet service
1195-OIYEJ,13,Month-to-month,Fiber optic,Yes,No,No,No,No,No,Yes,Yes
5906-CVLHP,45,One year,DSL,Yes,No,No,Yes,No,Yes,No,No
3452-SRFEG,49,Month-to-month,Fiber optic,Yes,Yes,No,No,No,No,No,No
4070-OKWVH,52,Month-to-month,Fiber optic,Yes,Yes,No,Yes,Yes,No,Yes,No
5297-MDOIR,63,One year,Fiber optic,Yes,No,Yes,No,Yes,No,No,No
6369-MCAKO,68,Two year,DSL,Yes,Yes,Yes,Yes,Yes,Yes,Yes,Yes
4926-UMJZD,31,Month-to-month,DSL,Yes,No,No,No,No,Yes,No,No
6848-HJTXY,64,Two year,No,Yes,No,No internet service,No internet service,No internet service,No internet service,No internet service,No internet service
6341-AEVKX,62,One year,Fiber optic,Yes,No,Yes,No,Yes,Yes,Yes,Yes
4501-EQDRN,1,Month-to-month,Fiber optic,Yes,No,No,No,No,No,No,No
2990-HWIML,6,Month-to-month,Fiber optic,Yes,No,No,No,No,No,Yes,Yes
0682-USIXD,21,Month-to-month,Fiber optic,Yes,No,No,No,No,Yes,Yes,No
6976-BWGLQ,72,Two year,No,Yes,Yes,No internet service,No internet service,No internet service,No internet service,No internet service,No internet service
7078-NVFAM,32,Month-to-month,DSL,No,No phone service,Yes,Yes,No,No,No,No
8065-QBYTO,71,One year,Fiber optic,Yes,Yes,Yes,Yes,No,Yes,Yes,No
2133-TSRRM,34,Month-to-month,Fiber optic,Yes,No,Yes,Yes,Yes,No,Yes,Yes
7384-GHBPI,3,Month-to-month,DSL,No,No phone service,No,No,No,No,No,Yes
7603-USHJS,12,Month-to-month,Fiber optic,Yes,Yes,No,No,No,No,No,No
7234-FECYN,8,Month-to-month,Fiber optic,Yes,Yes,No,No,Yes,No,Yes,Yes
2511-ALLCS,35,Two year,No,Yes,Yes,No internet service,No internet service,No internet service,No internet service,No internet service,No internet service
3191-CSNMG,3,Month-to-month,Fiber optic,Yes,No,No,No,No,No,Yes,No
7952-OBOYL,3,Month-to-month,Fiber optic,Yes,No,No,No,Yes,Yes,Yes,No
7470-DYNOE,53,One year,DSL,Yes,No,No,No,Yes,No,No,Yes
7853-OETYL,4,Month-to-month,DSL,No,No phone service,Yes,No,No,No,No,No
1545-ACTAS,48,One year,Fiber optic,Yes,No,Yes,No,Yes,No,Yes,Yes
5876-HZVZM,6,Month-to-month,DSL,Yes,No,Yes,Yes,No,No,No,No
1400-MMYXY,3,Month-to-month,Fiber optic,Yes,Yes,No,Yes,Yes,No,Yes,Yes
5126-RCXYW,54,Two year,DSL,No,No phone service,No,No,Yes,Yes,No,Yes
3085-QUOZK,1,Month-to-month,DSL,Yes,No,No,No,No,No,No,No
2363-BJLSL,62,Month-to-month,DSL,Yes,No,No,Yes,Yes,Yes,Yes,Yes
1956-YIFGE,22,One year,Fiber optic,Yes,No,No,Yes,Yes,No,Yes,Yes
3926-CUQZX,1,Month-to-month,DSL,Yes,No,No,No,No,No,No,No
7921-LMDFQ,51,One year,Fiber optic,Yes,No,No,No,Yes,No,Yes,Yes
2925-MXLSX,30,One year,DSL,Yes,Yes,No,Yes,Yes,No,Yes,No
5820-PTRYM,56,One year,DSL,Yes,Yes,Yes,Yes,Yes,Yes,No,No
9609-BENEA,35,One year,DSL,Yes,Yes,No,Yes,No,Yes,Yes,No
6211-WHMYA,64,Month-to-month,DSL,No,No phone service,No,Yes,No,Yes,Yes,No
4459-BBGHE,30,Month-to-month,DSL,No,No phone service,No,No,No,No,Yes,Yes
9945-PSVIP,25,Two year,No,Yes,No,No internet service,No internet service,No internet service,No internet service,No internet service,No internet service
1041-RXHRA,41,Month-to-month,Fiber optic,Yes,No,No,No,No,No,No,No
1750-CSKKM,9,Month-to-month,DSL,Yes,No,No,No,No,No,Yes,No
9108-EJFJP,1,Month-to-month,DSL,Yes,No,Yes,Yes,No,No,No,No
0530-IJVDB,70,Two year,Fiber optic,Yes,Yes,Yes,Yes,Yes,Yes,Yes,Yes
0508-SQWPL,57,Two year,No,Yes,No,No internet service,No internet service,No internet service,No internet service,No internet service,No internet service
2215-ZAFGX,9,Month-to-month,Fiber optic,Yes,Yes,No,No,No,No,Yes,No
8213-TAZPM,69,One year,Fiber optic,Yes,Yes,No,Yes,Yes,Yes,Yes,Yes
7142-HVGBG,43,Month-to-month,Fiber optic,Yes,Yes,No,Yes,Yes,No,Yes,Yes
1304-SEGFY,72,Two year,Fiber optic,Yes,Yes,No,No,Yes,No,Yes,Yes
7242-EDTYC,44,Two year,No,Yes,No,No internet service,No internet service,No internet service,No internet service,No internet service,No internet service
2904-GGUAZ,72,Two year,Fiber optic,Yes,Yes,Yes,Yes,No,No,No,No
8267-ZNYVZ,33,One year,Fiber optic,Yes,No,Yes,No,Yes,Yes,Yes,Yes
5136-GFPMB,54,Month-to-month,Fiber optic,Yes,Yes,No,No,Yes,No,No,Yes
2595-KIWPV,27,Two year,No,Yes,No,No internet service,No internet service,No internet service,No internet service,No internet service,No internet service
5243-SAOTC,54,Month-to-month,Fiber optic,Yes,Yes,No,Yes,No,No,No,No
9398-MMQTO,3,Month-to-month,Fiber optic,Yes,No,No,Yes,No,No,No,No
7619-PLRLP,53,One year,DSL,Yes,Yes,Yes,Yes,Yes,No,No,Yes
6457-GIRWB,1,Month-to-month,Fiber optic,Yes,No,No,No,No,No,No,No
6508-NJYRO,15,One year,No,Yes,No,No internet service,No internet service,No internet service,No internet service,No internet service,No internet service
1450-SKCVI,56,Month-to-month,Fiber optic,Yes,No,No,Yes,No,No,No,No
4710-NKCAW,5,Month-to-month,DSL,Yes,Yes,Yes,Yes,No,Yes,No,No
5306-BVTKJ,48,One year,DSL,Yes,No,No,Yes,Yes,No,No,No
0357-NVCRI,25,Month-to-month,No,Yes,No,No internet service,No internet service,No internet service,No internet service,No internet service,No internet service
5570-PTWEH,3,Month-to-month,Fiber optic,Yes,Yes,No,No,No,No,No,No
2371-KFUOG,58,One year,Fiber optic,Yes,No,Yes,Yes,No,No,Yes,Yes
0463-ZSDNT,10,Month-to-month,DSL,Yes,No,No,No,No,No,No,Yes
6502-MJQAE,1,Month-to-month,Fiber optic,Yes,No,No,No,No,No,No,No
6257-DTAYD,71,Two year,Fiber optic,Yes,Yes,No,Yes,No,Yes,Yes,Yes
4616-ULAOA,65,Two year,Fiber optic,Yes,Yes,No,Yes,Yes,Yes,Yes,Yes
7693-LCKZL,5,Month-to-month,Fiber optic,Yes,Yes,No,Yes,No,No,No,No
7746-AWNQW,28,Month-to-month,DSL,No,No phone service,No,No,Yes,Yes,No,No
5996-EBTKM,67,Two year,DSL,Yes,Yes,No,No,Yes,Yes,No,Yes
2758-RNWXS,35,One year,Fiber optic,Yes,No,Yes,No,No,Yes,No,Yes
2314-TNDJQ,72,Two year,DSL,No,No phone service,Yes,Yes,Yes,Yes,No,Yes
2405-LBMUW,61,One year,DSL,No,No phone service,Yes,Yes,No,Yes,No,Yes
3454-JFUBC,68,Two year,No,Yes,No,No internet service,No internet service,No internet service,No internet service,No internet service,No internet service
0032-PGELS,1,Month-to-month,DSL,No,No phone service,Yes,No,No,No,No,No
9039-ZVJDC,3,Month-to-month,No,Yes,No,No internet service,No internet service,No internet service,No internet service,No internet service,No internet service
6797-LNAQX,70,Two year,Fiber optic,Yes,Yes,No,Yes,No,No,Yes,Yes
9013-AQORL,48,Month-to-month,DSL,No,No phone service,No,Yes,Yes,No,No,Yes
2898-MRKPI,68,One year,Fiber optic,Yes,Yes,No,Yes,No,No,Yes,Yes
2750-BJLSB,47,One year,Fiber optic,Yes,No,Yes,No,Yes,Yes,Yes,Yes
3648-GZPHF,32,One year,DSL,No,No phone service,No,No,Yes,Yes,No,No
2075-RMJIK,5,Month-to-month,DSL,Yes,No,Yes,No,No,No,No,No
9588-YRFHY,49,Two year,No,Yes,No,No internet service,No internet service,No internet service,No internet service,No internet service,No internet service
6394-MFYNG,48,Month-to-month,Fiber optic,Yes,Yes,No,Yes,Yes,No,Yes,Yes
1564-NTYXF,13,Month-to-month,Fiber optic,Yes,Yes,No,No,No,No,No,Yes
9364-YKUVW,15,Month-to-month,No,Yes,No,No internet service,No internet service,No internet service,No internet service,No internet service,No internet service
5392-AKEMH,12,Month-to-month,DSL,Yes,No,No,No,No,No,No,No
2451-YMUXS,67,Two year,DSL,Yes,Yes,Yes,Yes,No,Yes,No,No
3914-FDRHP,9,Month-to-month,Fiber optic,Yes,No,No,No,No,Yes,Yes,No
3078-ZKNTS,13,Two year,No,Yes,No,No internet service,No internet service,No internet service,No internet service,No internet service,No internet service
1024-KPRBB,38,One year,Fiber optic,Yes,No,No,No,No,No,Yes,Yes
4690-PKDQG,42,Month-to-month,Fiber optic,Yes,Yes,No,Yes,Yes,No,Yes,No
8155-IBNHG,24,Month-to-month,Fiber optic,Yes,Yes,No,No,No,No,No,No
0886-QGENL,27,Month-to-month,Fiber optic,Yes,No,Yes,No,Yes,No,Yes,Yes
9547-ITEFG,9,Month-to-month,Fiber optic,Yes,Yes,No,Yes,Yes,No,Yes,Yes
1264-FUHCX,49,One year,DSL,No,No phone service,No,Yes,No,Yes,Yes,Yes
7789-CRUVC,61,Month-to-month,Fiber optic,Yes,Yes,Yes,Yes,Yes,Yes,No,No
6598-KELSS,50,One year,DSL,No,No phone service,Yes,Yes,No,No,Yes,No
8739-WWKDU,25,Month-to-month,Fiber optic,Yes,Yes,No,Yes,No,No,Yes,No
8685-WHQPW,22,Month-to-month,Fiber optic,Yes,Yes,No,No,No,No,No,No
4745-LSPLO,1,Month-to-month,No,Yes,No,No internet service,No internet service,No internet service,No internet service,No internet service,No internet service
8083-YTZES,4,Month-to-month,Fiber optic,Yes,Yes,No,No,No,No,No,No
7240-FQLHE,18,Month-to-month,Fiber optic,Yes,Yes,No,No,No,Yes,Yes,Yes
6664-FPDAC,56,One year,Fiber optic,Yes,Yes,No,Yes,Yes,Yes,Yes,Yes
9972-VAFJJ,53,One year,Fiber optic,Yes,No,No,Yes,Yes,Yes,Yes,No
0422-UXFAP,51,One year,Fiber optic,Yes,Yes,No,No,Yes,No,Yes,Yes
1904-WAJAA,24,Two year,DSL,Yes,Yes,Yes,Yes,Yes,No,No,No
5130-YPIRV,62,Two year,DSL,Yes,No,Yes,Yes,Yes,No,Yes,No
2843-CQMEG,24,Month-to-month,DSL,Yes,No,No,Yes,No,No,No,No
6439-PKTRR,70,Two year,DSL,Yes,Yes,Yes,Yes,Yes,Yes,Yes,No
5351-QESIO,1,Month-to-month,DSL,No,No phone service,No,No,No,No,No,No
0786-VSSUD,16,Month-to-month,DSL,No,No phone service,No,Yes,No,No,Yes,No
5568-DMXZS,8,Month-to-month,DSL,Yes,No,No,Yes,No,Yes,Yes,No
8468-FZTOE,72,Two year,DSL,Yes,No,Yes,Yes,Yes,Yes,No,Yes
6633-SYEUS,23,Month-to-month,Fiber optic,Yes,No,No,Yes,Yes,Yes,No,No
6447-GORXK,31,Month-to-month,DSL,No,No phone service,No,No,No,No,No,No
6967-PEJLL,37,One year,DSL,No,No phone service,Yes,No,Yes,Yes,No,No
3976-BWUCK,30,Month-to-month,Fiber optic,Yes,Yes,No,Yes,No,Yes,Yes,No
5981-ZVXOT,35,One year,Fiber optic,Yes,Yes,Yes,Yes,Yes,No,Yes,Yes
1684-FLBGS,23,Month-to-month,DSL,Yes,Yes,No,Yes,No,Yes,Yes,No
1389-WNUIB,20,One year,DSL,Yes,Yes,Yes,No,No,No,Yes,Yes
0376-OIWME,36,Month-to-month,Fiber optic,Yes,No,Yes,No,No,No,Yes,Yes
3585-ISXZP,8,Month-to-month,Fiber optic,Yes,Yes,No,No,No,No,Yes,Yes
0218-QNVAS,71,One year,Fiber optic,Yes,Yes,No,Yes,No,No,Yes,Yes
6583-QGCSI,50,Month-to-month,Fiber optic,Yes,Yes,No,Yes,No,No,Yes,No
0804-YGEQV,43,One year,No,Yes,Yes,No internet service,No internet service,No internet service,No internet service,No internet service,No internet service
7164-BPTUT,57,Two year,DSL,Yes,Yes,Yes,Yes,Yes,Yes,Yes,Yes
4174-LPGTI,41,One year,DSL,Yes,No,No,Yes,No,Yes,No,Yes
2523-EWWZL,27,Month-to-month,Fiber optic,Yes,No,No,Yes,No,No,No,No
0928-XUTSN,13,Month-to-month,Fiber optic,Yes,No,No,No,No,No,No,Yes
2108-XWMPY,3,Month-to-month,DSL,No,No phone service,Yes,Yes,No,No,No,No
0052-YNYOT,67,One year,No,Yes,No,No internet service,No internet service,No internet service,No internet service,No internet service,No internet service
6304-IJFSQ,3,Month-to-month,DSL,Yes,No,No,Yes,No,No,No,No
9586-JGQKH,64,Two year,Fiber optic,Yes,Yes,No,Yes,No,Yes,Yes,Yes
4501-VCPFK,26,Month-to-month,DSL,No,No phone service,No,No,Yes,Yes,No,No
6075-SLNIL,38,Month-to-month,Fiber optic,Yes,Yes,No,Yes,Yes,No,No,Yes
9347-AERRL,23,One year,No,Yes,No,No internet service,No internet service,No internet service,No internet service,No internet service,No internet service
0093-XWZFY,40,Month-to-month,Fiber optic,Yes,Yes,No,Yes,Yes,No,Yes,Yes
2274-XUATA,72,Two year,DSL,No,No phone service,Yes,Yes,Yes,Yes,Yes,Yes
1980-KXVPM,3,Month-to-month,Fiber optic,Yes,Yes,No,No,No,No,No,No
7703-ZEKEF,23,Month-to-month,Fiber optic,Yes,Yes,No,No,Yes,No,No,No
0723-DRCLG,1,Month-to-month,Fiber optic,Yes,Yes,No,No,No,No,No,No
5482-NUPNA,4,Month-to-month,DSL,Yes,No,Yes,Yes,No,Yes,No,No
6691-CCIHA,62,Two year,DSL,Yes,Yes,Yes,Yes,No,Yes,Yes,Yes
1685-BQULA,40,Month-to-month,Fiber optic,Yes,Yes,No,Yes,Yes,No,Yes,No
9053-EJUNL,41,Month-to-month,Fiber optic,Yes,Yes,No,Yes,No,No,Yes,No
0666-UXTJO,34,Month-to-month,Fiber optic,Yes,No,No,No,Yes,No,Yes,No
1471-GIQKQ,1,Month-to-month,DSL,Yes,No,No,Yes,No,No,No,No
4807-IZYOZ,51,Two year,No,Yes,No,No internet service,No internet service,No internet service,No internet service,No internet service,No internet service
1122-JWTJW,1,Month-to-month,Fiber optic,Yes,No,No,No,No,No,No,No
9710-NJERN,39,Two year,No,Yes,No,No internet service,No internet service,No internet service,No internet service,No internet service,No internet service
9837-FWLCH,12,Month-to-month,No,Yes,No,No internet service,No internet service,No internet service,No internet service,No internet service,No internet service
1699-HPSBG,12,One year,DSL,Yes,No,No,No,No,Yes,Yes,No
7203-OYKCT,72,One year,Fiber optic,Yes,Yes,No,Yes,Yes,No,Yes,Yes
1035-IPQPU,63,Month-to-month,Fiber optic,Yes,Yes,No,Yes,Yes,No,Yes,Yes
7398-LXGYX,44,Month-to-month,Fiber optic,Yes,Yes,Yes,No,Yes,No,No,No
2823-LKABH,18,Month-to-month,Fiber optic,Yes,Yes,No,No,Yes,Yes,No,Yes
8775-CEBBJ,9,Month-to-month,DSL,Yes,No,No,No,No,No,No,No
0550-DCXLH,13,Month-to-month,DSL,Yes,No,No,Yes,No,Yes,Yes,Yes
9281-CEDRU,68,Two year,DSL,Yes,No,No,Yes,No,Yes,Yes,No
2235-DWLJU,6,Month-to-month,DSL,No,No phone service,No,No,No,No,Yes,Yes
0871-OPBXW,2,Month-to-month,No,Yes,No,No internet service,No internet service,No internet service,No internet service,No internet service,No internet service
3605-JISKB,55,One year,DSL,Yes,Yes,Yes,Yes,No,No,No,No
6894-LFHLY,1,Month-to-month,Fiber optic,Yes,Yes,No,No,No,No,No,No
9767-FFLEM,38,Month-to-month,Fiber optic,Yes,No,No,No,No,No,No,No
0639-TSIQW,67,Month-to-month,Fiber optic,Yes,Yes,Yes,Yes,Yes,No,Yes,No
8456-QDAVC,19,Month-to-month,Fiber optic,Yes,No,No,No,No,No,Yes,No
7750-EYXWZ,12,One year,DSL,No,No phone service,No,Yes,Yes,Yes,Yes,Yes
2569-WGERO,72,Two year,No,Yes,No,No internet service,No internet service,No internet service,No internet service,No internet service,No internet service
6840-RESVB,24,One year,DSL,Yes,Yes,Yes,No,Yes,Yes,Yes,Yes
2234-XADUH,72,One year,Fiber optic,Yes,Yes,No,Yes,Yes,No,Yes,Yes
4801-JZAZL,11,Month-to-month,DSL,No,No phone service,Yes,No,No,No,No,No
8361-LTMKD,4,Month-to-month,Fiber optic,Yes,Yes,No,No,No,No,No,No
3186-AJIEK,66,Two year,Fiber optic,Yes,No,Yes,No,Yes,Yes,Yes,Yes
